sku,image,gallery,status,color,fynd_uid
5045558476841,5045558476841_1.jpg,"5045558476841_1.jpg,5045558476841_2.jpg,5045558476841_3.jpg,5045558476841_4.jpg,5045558476841_5.jpg,5045558476841_6.jpg,5045558476841_7.jpg,5045558476841_8.jpg,5045558476841_9.jpg,5045558476841_11.jpg",active,Black,7584349
5045626744407,5045626744407_1.jpg,"5045626744407_1.jpg,5045626744407_3.jpg,5045626744407_4.jpg,5045626744407_5.jpg,5045626744407_6.jpg,5045626744407_7.jpg,5045626744407_8.jpg,5045626744407_9.jpg,5045626744407_11.jpg",active,Brown,8061496
5045627439722,5045627439722_1.jpg,"5045627439722_1.jpg,5045627439722_2.jpg,5045627439722_3.jpg,5045627439722_4.jpg,5045627439722_5.jpg,5045627439722_6.jpg,5045627439722_7.jpg,5045627439722_8.jpg,5045627439722_9.jpg,5045627439722_10.jpg,5045627439722_11.jpg",active,Pink,8061532
5045625822519,5045625822519_1.jpg,"5045625822519_1.jpg,5045625822519_2.jpg,5045625822519_3.jpg,5045625822519_4.jpg,5045625822519_5.jpg,5045625822519_6.jpg,5045625822519_7.jpg,5045625822519_8.jpg,5045625822519_11.jpg",inactive,Black,8061503
5045624601849,5045624601849_1.jpg,"5045624601849_1.jpg,5045624601849_2.jpg,5045624601849_3.jpg,5045624601849_4.jpg,5045624601849_5.jpg,5045624601849_6.jpg,5045624601849_7.jpg,5045624601849_8.jpg,5045624601849_9.jpg,5045624601849_10.jpg,5045624601849_11.jpg",active,Brown,8061490
5045627442098,5045627442098_1.jpg,"5045627442098_1.jpg,5045627442098_2.jpg,5045627442098_3.jpg,5045627442098_4.jpg,5045627442098_5.jpg,5045627442098_6.jpg,5045627442098_7.jpg,5045627442098_8.jpg,5045627442098_11.jpg",active,Brown,8061584
5045558679716,5045558679716_1.jpg,"5045558679716_1.jpg,5045558679716_2.jpg,5045558679716_3.jpg,5045558679716_4.jpg,5045558679716_5.jpg,5045558679716_6.jpg,5045558679716_7.jpg,5045558679716_8.jpg,5045558679716_9.jpg,5045558679716_10.jpg,5045558679716_11.jpg",active,Beige,8061554
5045625149982,5045625149982_1.jpg,"5045625149982_1.jpg,5045625149982_2.jpg,5045625149982_3.jpg,5045625149982_4.jpg,5045625149982_5.jpg,5045625149982_6.jpg,5045625149982_7.jpg,5045625149982_8.jpg,5045625149982_11.jpg",active,Brown,8061616
5045626033952,5045626033952_1.jpg,"5045626033952_1.jpg,5045626033952_2.jpg,5045626033952_3.jpg,5045626033952_4.jpg,5045626033952_5.jpg,5045626033952_6.jpg,5045626033952_7.jpg,5045626033952_8.jpg,5045626033952_9.jpg,5045626033952_11.jpg",active,Black,8061637
5045621466977,5045621466977_1.jpg,"5045621466977_1.jpg,5045621466977_2.jpg,5045621466977_3.jpg,5045621466977_4.jpg,5045621466977_5.jpg,5045621466977_6.jpg,5045621466977_7.jpg,5045621466977_8.jpg,5045621466977_9.jpg,5045621466977_11.jpg",active,Brown,7854973
5045626744100,5045626744100_1.jpg,"5045626744100_1.jpg,5045626744100_2.jpg,5045626744100_3.jpg,5045626744100_4.jpg,5045626744100_5.jpg,5045626744100_6.jpg,5045626744100_7.jpg,5045626744100_11.jpg",active,Brown,8061621
5045627480731,5045627480731_1.jpg,"5045627480731_1.jpg,5045627480731_2.jpg,5045627480731_3.jpg,5045627480731_4.jpg,5045627480731_5.jpg,5045627480731_6.jpg,5045627480731_7.jpg,5045627480731_11.jpg",active,Brown,8061625
5045625795400,5045625795400_1.jpg,"5045625795400_1.jpg,5045625795400_2.jpg,5045625795400_3.jpg,5045625795400_4.jpg,5045625795400_5.jpg,5045625795400_6.jpg,5045625795400_7.jpg,5045625795400_8.jpg,5045625795400_9.jpg,5045625795400_10.jpg,5045625795400_11.jpg",active,Green,8061608
5045626288499,5045626288499_1.jpg,"5045626288499_1.jpg,5045626288499_2.jpg,5045626288499_3.jpg,5045626288499_4.jpg,5045626288499_5.jpg,5045626288499_6.jpg,5045626288499_7.jpg,5045626288499_8.jpg,5045626288499_9.jpg,5045626288499_10.jpg,5045626288499_11.jpg",active,Black,8061488
5045627440117,5045627440117_1.jpg,"5045627440117_1.jpg,5045627440117_2.jpg,5045627440117_3.jpg,5045627440117_4.jpg,5045627440117_5.jpg,5045627440117_6.jpg,5045627440117_7.jpg,5045627440117_8.jpg,5045627440117_9.jpg,5045627440117_11.jpg",active,Pink,8061493
5045625756869,5045625756869_1.jpg,"5045625756869_1.jpg,5045625756869_2.jpg,5045625756869_3.jpg,5045625756869_5.jpg,5045625756869_6.jpg,5045625756869_7.jpg,5045625756869_8.jpg,5045625756869_9.jpg,5045625756869_11.jpg",inactive,Red,8061512
5045626744346,5045626744346_1.jpg,"5045626744346_1.jpg,5045626744346_2.jpg,5045626744346_3.jpg,5045626744346_4.jpg,5045626744346_5.jpg,5045626744346_6.jpg,5045626744346_7.jpg,5045626744346_8.jpg,5045626744346_9.jpg,5045626744346_10.jpg,5045626744346_11.jpg",active,Black,8061566
5045626034379,5045626034379_1.jpg,"5045626034379_1.jpg,5045626034379_2.jpg,5045626034379_3.jpg,5045626034379_4.jpg,5045626034379_5.jpg,5045626034379_6.jpg,5045626034379_7.jpg,5045626034379_8.jpg,5045626034379_9.jpg,5045626034379_10.jpg,5045626034379_11.jpg",active,Grey,8061579
5045621146725,5045621146725_1.jpg,"5045621146725_1.jpg,5045621146725_2.jpg,5045621146725_3.jpg,5045621146725_4.jpg,5045621146725_5.jpg,5045621146725_6.jpg,5045621146725_7.jpg,5045621146725_8.jpg,5045621146725_9.jpg,5045621146725_11.jpg",active,Black,8061556
5045625822694,5045625822694_1.jpg,"5045625822694_1.jpg,5045625822694_2.jpg,5045625822694_3.jpg,5045625822694_4.jpg,5045625822694_5.jpg,5045625822694_6.jpg,5045625822694_7.jpg,5045625822694_8.jpg,5045625822694_11.jpg",inactive,Brown,8061555
5045626744131,5045626744131_1.jpg,"5045626744131_1.jpg,5045626744131_2.jpg,5045626744131_3.jpg,5045626744131_4.jpg,5045626744131_5.jpg,5045626744131_6.jpg,5045626744131_7.jpg,5045626744131_8.jpg,5045626744131_9.jpg,5045626744131_11.jpg",active,Black,8061527
5045626289335,5045626289335_1.jpg,"5045626289335_1.jpg,5045626289335_2.jpg,5045626289335_3.jpg,5045626289335_4.jpg,5045626289335_5.jpg,5045626289335_6.jpg,5045626289335_7.jpg,5045626289335_8.jpg,5045626289335_9.jpg,5045626289335_10.jpg,5045626289335_11.jpg",active,Blue,8061526
5045627086575,5045627086575_1.jpg,"5045627086575_1.jpg,5045627086575_2.jpg,5045627086575_3.jpg,5045627086575_4.jpg,5045627086575_5.jpg,5045627086575_6.jpg,5045627086575_7.jpg,5045627086575_8.jpg,5045627086575_9.jpg,5045627086575_11.jpg",active,Beige,8061572
5045627557495,5045627557495_1.jpg,"5045627557495_1.jpg,5045627557495_2.jpg,5045627557495_3.jpg,5045627557495_4.jpg,5045627557495_5.jpg,5045627557495_6.jpg,5045627557495_7.jpg,5045627557495_8.jpg,5045627557495_9.jpg,5045627557495_10.jpg,5045627557495_11.jpg",active,Miscellaneous,8061583
5045625942743,5045625942743_1.jpg,"5045625942743_1.jpg,5045625942743_2.jpg,5045625942743_3.jpg,5045625942743_4.jpg,5045625942743_5.jpg,5045625942743_6.jpg,5045625942743_7.jpg,5045625942743_8.jpg,5045625942743_9.jpg,5045625942743_10.jpg,5045625942743_11.jpg",active,Yellow,8061588
5045620806736,5045620806736_1.jpg,"5045620806736_1.jpg,5045620806736_2.jpg,5045620806736_3.jpg,5045620806736_4.jpg,5045620806736_5.jpg,5045620806736_6.jpg,5045620806736_7.jpg,5045620806736_8.jpg,5045620806736_9.jpg,5045620806736_10.jpg,5045620806736_11.jpg",active,Blue,8061520
5045626855066,5045626855066_1.jpg,"5045626855066_1.jpg,5045626855066_2.jpg,5045626855066_3.jpg,5045626855066_4.jpg,5045626855066_5.jpg,5045626855066_6.jpg,5045626855066_7.jpg,5045626855066_8.jpg,5045626855066_9.jpg,5045626855066_10.jpg,5045626855066_11.jpg",active,Black,8061543
5045627440568,5045627440568_1.jpg,"5045627440568_1.jpg,5045627440568_2.jpg,5045627440568_3.jpg,5045627440568_4.jpg,5045627440568_5.jpg,5045627440568_6.jpg,5045627440568_7.jpg,5045627440568_8.jpg,5045627440568_9.jpg,5045627440568_11.jpg",active,Brown,8061498
5045622057334,5045622057334_1.jpg,"5045622057334_1.jpg,5045622057334_2.jpg,5045622057334_3.jpg,5045622057334_4.jpg,5045622057334_5.jpg,5045622057334_6.jpg,5045622057334_11.jpg",active,Red,8061652
5045627442067,5045627442067_1.jpg,"5045627442067_1.jpg,5045627442067_2.jpg,5045627442067_3.jpg,5045627442067_4.jpg,5045627442067_5.jpg,5045627442067_6.jpg,5045627442067_7.jpg,5045627442067_8.jpg,5045627442067_9.jpg,5045627442067_11.jpg",active,Black,8061651
5045621761126,5045621761126_1.jpg,"5045621761126_1.jpg,5045621761126_2.jpg,5045621761126_3.jpg,5045621761126_4.jpg,5045621761126_5.jpg,5045621761126_6.jpg,5045621761126_7.jpg,5045621761126_8.jpg,5045621761126_9.jpg,5045621761126_10.jpg,5045621761126_11.jpg",active,Grey,8061504
5045624602358,5045624602358_1.jpg,"5045624602358_1.jpg,5045624602358_2.jpg,5045624602358_3.jpg,5045624602358_4.jpg,5045624602358_5.jpg,5045624602358_6.jpg,5045624602358_7.jpg,5045624602358_8.jpg,5045624602358_9.jpg,5045624602358_10.jpg,5045624602358_11.jpg",active,Beige,8061525
5045625760224,5045625760224_1.jpg,"5045625760224_1.jpg,5045625760224_2.jpg,5045625760224_3.jpg,5045625760224_4.jpg,5045625760224_5.jpg,5045625760224_6.jpg,5045625760224_7.jpg,5045625760224_8.jpg,5045625760224_11.jpg",inactive,Brown,8061528
5045625942477,5045625942477_1.jpg,"5045625942477_1.jpg,5045625942477_2.jpg,5045625942477_3.jpg,5045625942477_5.jpg,5045625942477_6.jpg,5045625942477_7.jpg,5045625942477_8.jpg,5045625942477_9.jpg,5045625942477_11.jpg",active,Yellow,8061560
5045626883922,5045626883922_1.jpg,"5045626883922_1.jpg,5045626883922_2.jpg,5045626883922_3.jpg,5045626883922_4.jpg,5045626883922_5.jpg,5045626883922_6.jpg,5045626883922_7.jpg,5045626883922_8.jpg,5045626883922_9.jpg,5045626883922_10.jpg,5045626883922_11.jpg",active,Black,8061542
5045622982971,5045622982971_1.jpg,"5045622982971_1.jpg,5045622982971_2.jpg,5045622982971_3.jpg,5045622982971_4.jpg,5045622982971_5.jpg,5045622982971_6.jpg,5045622982971_7.jpg,5045622982971_8.jpg,5045622982971_9.jpg,5045622982971_10.jpg,5045622982971_11.jpg",inactive,Brown,8061619
5045626743653,5045626743653_1.jpg,"5045626743653_1.jpg,5045626743653_2.jpg,5045626743653_3.jpg,5045626743653_4.jpg,5045626743653_5.jpg,5045626743653_6.jpg,5045626743653_7.jpg,5045626743653_8.jpg,5045626743653_9.jpg,5045626743653_11.jpg",active,Pink,8061582
5045626025797,5045626025797_1.jpg,"5045626025797_1.jpg,5045626025797_2.jpg,5045626025797_3.jpg,5045626025797_4.jpg,5045626025797_5.jpg,5045626025797_6.jpg,5045626025797_7.jpg,5045626025797_8.jpg,5045626025797_9.jpg,5045626025797_10.jpg,5045626025797_11.jpg",active,Yellow,8061489
5045625756890,5045625756890_1.jpg,"5045625756890_1.jpg,5045625756890_2.jpg,5045625756890_3.jpg,5045625756890_4.jpg,5045625756890_5.jpg,5045625756890_6.jpg,5045625756890_7.jpg,5045625756890_8.jpg,5045625756890_9.jpg,5045625756890_10.jpg,5045625756890_11.jpg",inactive,Green,8061487
5045558764719,5045558764719_1.jpg,"5045558764719_1.jpg,5045558764719_2.jpg,5045558764719_3.jpg,5045558764719_4.jpg,5045558764719_5.jpg,5045558764719_6.jpg,5045558764719_7.jpg,5045558764719_8.jpg,5045558764719_11.jpg",active,Brown,8061492
5045625760347,5045625760347_1.jpg,"5045625760347_1.jpg,5045625760347_2.jpg,5045625760347_3.jpg,5045625760347_4.jpg,5045625760347_5.jpg,5045625760347_6.jpg,5045625760347_7.jpg,5045625760347_8.jpg,5045625760347_9.jpg,5045625760347_10.jpg,5045625760347_11.jpg",active,Green,8061550
5045622354280,5045622354280_1.jpg,"5045622354280_1.jpg,5045622354280_2.jpg,5045622354280_3.jpg,5045622354280_4.jpg,5045622354280_5.jpg,5045622354280_6.jpg,5045622354280_7.jpg,5045622354280_8.jpg,5045622354280_9.jpg,5045622354280_11.jpg",active,Black,8061500
5045627439999,5045627439999_1.jpg,"5045627439999_1.jpg,5045627439999_2.jpg,5045627439999_3.jpg,5045627439999_4.jpg,5045627439999_5.jpg,5045627439999_6.jpg,5045627439999_7.jpg,5045627439999_8.jpg,5045627439999_9.jpg,5045627439999_10.jpg,5045627439999_11.jpg",active,Black,8061544
5045626288673,5045626288673_1.jpg,"5045626288673_1.jpg,5045626288673_2.jpg,5045626288673_3.jpg,5045626288673_4.jpg,5045626288673_5.jpg,5045626288673_6.jpg,5045626288673_7.jpg,5045626288673_8.jpg,5045626288673_9.jpg,5045626288673_10.jpg,5045626288673_11.jpg",active,Brown,8061521
5045625761184,5045625761184_1.jpg,"5045625761184_1.jpg,5045625761184_2.jpg,5045625761184_3.jpg,5045625761184_4.jpg,5045625761184_5.jpg,5045625761184_6.jpg,5045625761184_7.jpg,5045625761184_8.jpg,5045625761184_9.jpg,5045625761184_10.jpg,5045625761184_11.jpg",inactive,Red,8061531
5045627557761,5045627557761_1.jpg,"5045627557761_1.jpg,5045627557761_2.jpg,5045627557761_3.jpg,5045627557761_4.jpg,5045627557761_5.jpg,5045627557761_6.jpg,5045627557761_11.jpg",active,Miscellaneous,8061561
5045623409552,5045623409552_1.jpg,"5045623409552_1.jpg,5045623409552_2.jpg,5045623409552_3.jpg,5045623409552_4.jpg,5045623409552_5.jpg,5045623409552_6.jpg,5045623409552_7.jpg,5045623409552_8.jpg,5045623409552_9.jpg,5045623409552_10.jpg,5045623409552_11.jpg",active,Brown,8061601
5045625910094,5045625910094_1.jpg,"5045625910094_1.jpg,5045625910094_2.jpg,5045625910094_3.jpg,5045625910094_4.jpg,5045625910094_5.jpg,5045625910094_6.jpg,5045625910094_7.jpg,5045625910094_8.jpg,5045625910094_9.jpg,5045625910094_10.jpg,5045625910094_11.jpg",active,White,8061522
5045626744797,5045626744797_1.jpg,"5045626744797_1.jpg,5045626744797_2.jpg,5045626744797_3.jpg,5045626744797_4.jpg,5045626744797_5.jpg,5045626744797_6.jpg,5045626744797_7.jpg,5045626744797_8.jpg,5045626744797_9.jpg,5045626744797_10.jpg,5045626744797_11.jpg",active,Brown,8061565
5045624461344,5045624461344_1.jpg,"5045624461344_1.jpg,5045624461344_2.jpg,5045624461344_3.jpg,5045624461344_4.jpg,5045624461344_5.jpg,5045624461344_6.jpg,5045624461344_7.jpg,5045624461344_8.jpg,5045624461344_11.jpg",active,Brown,8061486
5045627377581,5045627377581_1.jpg,"5045627377581_1.jpg,5045627377581_2.jpg,5045627377581_3.jpg,5045627377581_4.jpg,5045627377581_5.jpg,5045627377581_6.jpg,5045627377581_7.jpg,5045627377581_8.jpg,5045627377581_9.jpg,5045627377581_10.jpg,5045627377581_11.jpg",active,Black,8061519
5045623909939,5045623909939_1.jpg,"5045623909939_1.jpg,5045623909939_2.jpg,5045623909939_3.jpg,5045623909939_4.jpg,5045623909939_5.jpg,5045623909939_6.jpg,5045623909939_7.jpg,5045623909939_8.jpg,5045623909939_9.jpg,5045623909939_10.jpg,5045623909939_11.jpg",active,Black,8061494
5045625939989,5045625939989_1.jpg,"5045625939989_1.jpg,5045625939989_2.jpg,5045625939989_3.jpg,5045625939989_4.jpg,5045625939989_5.jpg,5045625939989_6.jpg,5045625939989_7.jpg,5045625939989_8.jpg,5045625939989_11.jpg",active,Brown,8061570
5045627439753,5045627439753_1.jpg,"5045627439753_1.jpg,5045627439753_2.jpg,5045627439753_3.jpg,5045627439753_4.jpg,5045627439753_5.jpg,5045627439753_6.jpg,5045627439753_7.jpg,5045627439753_8.jpg,5045627439753_9.jpg,5045627439753_11.jpg",active,Black,8061573
5045626743950,5045626743950_1.jpg,"5045626743950_1.jpg,5045626743950_2.jpg,5045626743950_3.jpg,5045626743950_4.jpg,5045626743950_5.jpg,5045626743950_6.jpg,5045626743950_7.jpg,5045626743950_8.jpg,5045626743950_9.jpg,5045626743950_11.jpg",active,Brown,8061541
5045627440087,5045627440087_1.jpg,"5045627440087_1.jpg,5045627440087_2.jpg,5045627440087_3.jpg,5045627440087_4.jpg,5045627440087_5.jpg,5045627440087_6.jpg,5045627440087_7.jpg,5045627440087_8.jpg,5045627440087_9.jpg,5045627440087_11.jpg",active,Brown,8061558
5045626744612,5045626744612_1.jpg,"5045626744612_1.jpg,5045626744612_2.jpg,5045626744612_3.jpg,5045626744612_4.jpg,5045626744612_5.jpg,5045626744612_6.jpg,5045626744612_7.jpg,5045626744612_8.jpg,5045626744612_9.jpg,5045626744612_11.jpg",active,Brown,8061529
5045626855219,5045626855219_1.jpg,"5045626855219_1.jpg,5045626855219_2.jpg,5045626855219_3.jpg,5045626855219_4.jpg,5045626855219_5.jpg,5045626855219_6.jpg,5045626855219_7.jpg,5045626855219_8.jpg,5045626855219_9.jpg,5045626855219_11.jpg",active,Yellow,8061567
5045625756951,5045625756951_1.jpg,"5045625756951_1.jpg,5045625756951_2.jpg,5045625756951_3.jpg,5045625756951_4.jpg,5045625756951_5.jpg,5045625756951_6.jpg,5045625756951_7.jpg,5045625756951_8.jpg,5045625756951_9.jpg,5045625756951_10.jpg,5045625756951_11.jpg",inactive,Green,8061564
5045626743479,5045626743479_1.jpg,"5045626743479_1.jpg,5045626743479_2.jpg,5045626743479_3.jpg,5045626743479_4.jpg,5045626743479_5.jpg,5045626743479_6.jpg,5045626743479_7.jpg,5045626743479_8.jpg,5045626743479_9.jpg,5045626743479_11.jpg",active,Beige,8061580
5045625760286,5045625760286_1.jpg,"5045625760286_1.jpg,5045625760286_2.jpg,5045625760286_3.jpg,5045625760286_4.jpg,5045625760286_5.jpg,5045625760286_6.jpg,5045625760286_7.jpg,5045625760286_8.jpg,5045625760286_9.jpg,5045625760286_10.jpg,5045625760286_11.jpg",active,Orange,8061593
5045627557617,5045627557617_1.jpg,"5045627557617_1.jpg,5045627557617_2.jpg,5045627557617_3.jpg,5045627557617_4.jpg,5045627557617_5.jpg,5045627557617_6.jpg,5045627557617_7.jpg,5045627557617_8.jpg,5045627557617_9.jpg,5045627557617_10.jpg,5045627557617_11.jpg",active,Beige,8061517
5045625942415,5045625942415_1.jpg,"5045625942415_1.jpg,5045625942415_2.jpg,5045625942415_3.jpg,5045625942415_4.jpg,5045625942415_5.jpg,5045625942415_6.jpg,5045625942415_7.jpg,5045625942415_8.jpg,5045625942415_9.jpg,5045625942415_11.jpg",active,Black,8061513
5045626744377,5045626744377_1.jpg,"5045626744377_1.jpg,5045626744377_2.jpg,5045626744377_3.jpg,5045626744377_4.jpg,5045626744377_5.jpg,5045626744377_6.jpg,5045626744377_7.jpg,5045626744377_8.jpg,5045626744377_9.jpg,5045626744377_11.jpg",active,Brown,8061509
5045624601726,5045624601726_1.jpg,"5045624601726_1.jpg,5045624601726_2.jpg,5045624601726_3.jpg,5045624601726_4.jpg,5045624601726_5.jpg,5045624601726_6.jpg,5045624601726_7.jpg,5045624601726_8.jpg,5045624601726_9.jpg,5045624601726_11.jpg",active,Brown,8061507
5045625861273,5045625861273_1.jpg,"5045625861273_1.jpg,5045625861273_2.jpg,5045625861273_3.jpg,5045625861273_4.jpg,5045625861273_5.jpg,5045625861273_6.jpg,5045625861273_7.jpg,5045625861273_8.jpg,5045625861273_9.jpg,5045625861273_10.jpg,5045625861273_11.jpg",inactive,Green,8061548
5045626743684,5045626743684_1.jpg,"5045626743684_1.jpg,5045626743684_2.jpg,5045626743684_3.jpg,5045626743684_4.jpg,5045626743684_5.jpg,5045626743684_6.jpg,5045626743684_7.jpg,5045626743684_8.jpg,5045626743684_9.jpg,5045626743684_10.jpg,5045626743684_11.jpg",active,Beige,8061536
5045625937978,5045625937978_1.jpg,"5045625937978_1.jpg,5045625937978_2.jpg,5045625937978_3.jpg,5045625937978_4.jpg,5045625937978_5.jpg,5045625937978_6.jpg,5045625937978_7.jpg,5045625937978_8.jpg,5045625937978_9.jpg,5045625937978_10.jpg,5045625937978_11.jpg",inactive,Green,8061505
5045626743714,5045626743714_1.jpg,"5045626743714_1.jpg,5045626743714_2.jpg,5045626743714_3.jpg,5045626743714_4.jpg,5045626743714_5.jpg,5045626743714_6.jpg,5045626743714_7.jpg,5045626743714_8.jpg,5045626743714_9.jpg,5045626743714_10.jpg,5045626743714_11.jpg",active,Yellow,8061620
5045625756531,5045625756531_1.jpg,"5045625756531_1.jpg,5045625756531_2.jpg,5045625756531_3.jpg,5045625756531_4.jpg,5045625756531_5.jpg,5045625756531_6.jpg,5045625756531_7.jpg,5045625756531_8.jpg,5045625756531_9.jpg,5045625756531_10.jpg,5045625756531_11.jpg",inactive,Green,8061578
5045626289397,5045626289397_1.jpg,"5045626289397_1.jpg,5045626289397_2.jpg,5045626289397_3.jpg,5045626289397_4.jpg,5045626289397_5.jpg,5045626289397_6.jpg,5045626289397_7.jpg,5045626289397_8.jpg,5045626289397_9.jpg,5045626289397_10.jpg,5045626289397_11.jpg",active,Blue,8061585
5045627440179,5045627440179_1.jpg,"5045627440179_1.jpg,5045627440179_2.jpg,5045627440179_3.jpg,5045627440179_4.jpg,5045627440179_5.jpg,5045627440179_6.jpg,5045627440179_7.jpg,5045627440179_8.jpg,5045627440179_9.jpg,5045627440179_11.jpg",active,Brown,8061624
5045625757194,5045625757194_1.jpg,"5045625757194_1.jpg,5045625757194_2.jpg,5045625757194_3.jpg,5045625757194_4.jpg,5045625757194_5.jpg,5045625757194_6.jpg,5045625757194_7.jpg,5045625757194_8.jpg,5045625757194_9.jpg,5045625757194_10.jpg,5045625757194_11.jpg",inactive,Red,8061605
5045626034584,5045626034584_1.jpg,"5045626034584_1.jpg,5045626034584_2.jpg,5045626034584_3.jpg,5045626034584_4.jpg,5045626034584_5.jpg,5045626034584_6.jpg,5045626034584_7.jpg,5045626034584_8.jpg,5045626034584_9.jpg,5045626034584_10.jpg,5045626034584_11.jpg",active,Grey,8061491
5045626288529,5045626288529_1.jpg,"5045626288529_1.jpg,5045626288529_2.jpg,5045626288529_3.jpg,5045626288529_4.jpg,5045626288529_5.jpg,5045626288529_6.jpg,5045626288529_7.jpg,5045626288529_8.jpg,5045626288529_9.jpg,5045626288529_10.jpg,5045626288529_11.jpg",active,Brown,8061514
5045625757552,5045625757552_1.jpg,"5045625757552_1.jpg,5045625757552_2.jpg,5045625757552_3.jpg,5045625757552_4.jpg,5045625757552_5.jpg,5045625757552_6.jpg,5045625757552_7.jpg,5045625757552_8.jpg,5045625757552_9.jpg,5045625757552_10.jpg",inactive,Black,8061545
5045625213812,5045625213812_1.jpg,"5045625213812_1.jpg,5045625213812_2.jpg,5045625213812_3.jpg,5045625213812_4.jpg,5045625213812_5.jpg,5045625213812_6.jpg,5045625213812_7.jpg,5045625213812_8.jpg,5045625213812_9.jpg,5045625213812_10.jpg,5045625213812_11.jpg",active,Beige,8061537
5045626288376,5045626288376_1.jpg,"5045626288376_1.jpg,5045626288376_2.jpg,5045626288376_3.jpg,5045626288376_4.jpg,5045626288376_5.jpg,5045626288376_6.jpg,5045626288376_7.jpg,5045626288376_8.jpg,5045626288376_9.jpg,5045626288376_10.jpg,5045626288376_11.jpg",active,Brown,8061551
5045626743622,5045626743622_1.jpg,"5045626743622_1.jpg,5045626743622_2.jpg,5045626743622_3.jpg,5045626743622_4.jpg,5045626743622_5.jpg,5045626743622_6.jpg,5045626743622_7.jpg,5045626743622_8.jpg,5045626743622_9.jpg,5045626743622_11.jpg",active,Grey,8061546
5045625445015,5045625445015_1.jpg,"5045625445015_1.jpg,5045625445015_2.jpg,5045625445015_3.jpg,5045625445015_4.jpg,5045625445015_5.jpg,5045625445015_6.jpg,5045625445015_7.jpg,5045625445015_8.jpg,5045625445015_9.jpg,5045625445015_10.jpg,5045625445015_11.jpg",active,Black,8061559
5045556949149,5045556949149_1.jpg,"5045556949149_1.jpg,5045556949149_2.jpg,5045556949149_3.jpg,5045556949149_4.jpg,5045556949149_5.jpg,5045556949149_6.jpg,5045556949149_7.jpg,5045556949149_8.jpg,5045556949149_9.jpg,5045556949149_10.jpg,5045556949149_11.jpg",active,Black,8061539
5045625943375,5045625943375_1.jpg,"5045625943375_1.jpg,5045625943375_2.jpg,5045625943375_3.jpg,5045625943375_4.jpg,5045625943375_5.jpg,5045625943375_6.jpg,5045625943375_7.jpg,5045625943375_8.jpg,5045625943375_9.jpg,5045625943375_10.jpg,5045625943375_11.jpg",active,Brown,8061575
5045626034522,5045626034522_1.jpg,"5045626034522_1.jpg,5045626034522_2.jpg,5045626034522_3.jpg,5045626034522_4.jpg,5045626034522_5.jpg,5045626034522_6.jpg,5045626034522_7.jpg,5045626034522_8.jpg,5045626034522_9.jpg,5045626034522_10.jpg,5045626034522_11.jpg",active,Blue,8061622
5045626855097,5045626855097_1.jpg,"5045626855097_1.jpg,5045626855097_2.jpg,5045626855097_3.jpg,5045626855097_4.jpg,5045626855097_5.jpg,5045626855097_6.jpg,5045626855097_7.jpg,5045626855097_8.jpg,5045626855097_9.jpg,5045626855097_10.jpg,5045626855097_11.jpg",active,Yellow,8061623
5045626121376,5045626121376_1.jpg,"5045626121376_1.jpg,5045626121376_2.jpg,5045626121376_3.jpg,5045626121376_4.jpg,5045626121376_5.jpg,5045626121376_6.jpg,5045626121376_11.jpg",active,Blue,8061568
5045559187371,5045559187371_1.jpg,"5045559187371_1.jpg,5045559187371_2.jpg,5045559187371_3.jpg,5045559187371_4.jpg,5045559187371_5.jpg,5045559187371_6.jpg,5045559187371_7.jpg,5045559187371_8.jpg,5045559187371_11.jpg",active,Black,8061576
5045626744193,5045626744193_1.jpg,"5045626744193_1.jpg,5045626744193_2.jpg,5045626744193_3.jpg,5045626744193_4.jpg,5045626744193_5.jpg,5045626744193_6.jpg,5045626744193_7.jpg,5045626744193_8.jpg,5045626744193_9.jpg,5045626744193_11.jpg",active,Miscellaneous,8061549
5045626290539,5045626290539_1.jpg,"5045626290539_1.jpg,5045626290539_2.jpg,5045626290539_3.jpg,5045626290539_4.jpg,5045626290539_5.jpg,5045626290539_6.jpg,5045626290539_7.jpg,5045626290539_8.jpg,5045626290539_9.jpg,5045626290539_10.jpg,5045626290539_11.jpg",active,Black,8061587
5045625942682,5045625942682_1.jpg,"5045625942682_1.jpg,5045625942682_2.jpg,5045625942682_3.jpg,5045625942682_4.jpg,5045625942682_5.jpg,5045625942682_6.jpg,5045625942682_7.jpg,5045625942682_8.jpg,5045625942682_9.jpg,5045625942682_10.jpg,5045625942682_11.jpg",active,Yellow,8061518
5045625760644,5045625760644_1.jpg,"5045625760644_1.jpg,5045625760644_2.jpg,5045625760644_3.jpg,5045625760644_4.jpg,5045625760644_5.jpg,5045625760644_6.jpg,5045625760644_7.jpg,5045625760644_8.jpg,5045625760644_9.jpg,5045625760644_10.jpg,5045625760644_11.jpg",inactive,Beige,8061524
5045621558962,5045621558962_1.jpg,"5045621558962_1.jpg,5045621558962_2.jpg,5045621558962_3.jpg,5045621558962_4.jpg,5045621558962_5.jpg,5045621558962_6.jpg,5045621558962_7.jpg,5045621558962_8.jpg,5045621558962_9.jpg,5045621558962_11.jpg",inactive,Black,7824078
5045625942712,5045625942712_1.jpg,"5045625942712_1.jpg,5045625942712_2.jpg,5045625942712_3.jpg,5045625942712_4.jpg,5045625942712_5.jpg,5045625942712_6.jpg,5045625942712_7.jpg,5045625942712_8.jpg,5045625942712_9.jpg,5045625942712_10.jpg,5045625942712_11.jpg",active,White,8061590
5045626289427,5045626289427_1.jpg,"5045626289427_1.jpg,5045626289427_2.jpg,5045626289427_3.jpg,5045626289427_4.jpg,5045626289427_5.jpg,5045626289427_6.jpg,5045626289427_7.jpg,5045626289427_8.jpg,5045626289427_9.jpg,5045626289427_10.jpg,5045626289427_11.jpg",active,Black,8061635
5045624602389,5045624602389_1.jpg,"5045624602389_1.jpg,5045624602389_2.jpg,5045624602389_3.jpg,5045624602389_4.jpg,5045624602389_5.jpg,5045624602389_6.jpg,5045624602389_7.jpg,5045624602389_8.jpg,5045624602389_9.jpg,5045624602389_10.jpg,5045624602389_11.jpg",active,Black,8061571
5045625904840,5045625904840_1.jpg,"5045625904840_1.jpg,5045625904840_2.jpg,5045625904840_3.jpg,5045625904840_4.jpg,5045625904840_5.jpg,5045625904840_6.jpg,5045625904840_7.jpg,5045625904840_8.jpg,5045625904840_9.jpg,5045625904840_10.jpg,5045625904840_11.jpg",active,Blue,8061607
5045623409675,5045623409675_1.jpg,"5045623409675_1.jpg,5045623409675_2.jpg,5045623409675_3.jpg,5045623409675_4.jpg,5045623409675_5.jpg,5045623409675_6.jpg,5045623409675_7.jpg,5045623409675_8.jpg,5045623409675_9.jpg,5045623409675_10.jpg,5045623409675_11.jpg",inactive,Green,8061632
5045626744285,5045626744285_1.jpg,"5045626744285_1.jpg,5045626744285_2.jpg,5045626744285_3.jpg,5045626744285_4.jpg,5045626744285_5.jpg,5045626744285_6.jpg,5045626744285_7.jpg,5045626744285_8.jpg,5045626744285_9.jpg,5045626744285_10.jpg,5045626744285_11.jpg",active,Brown,8061515
5045626743929,5045626743929_1.jpg,"5045626743929_1.jpg,5045626743929_2.jpg,5045626743929_3.jpg,5045626743929_4.jpg,5045626743929_5.jpg,5045626743929_6.jpg,5045626743929_7.jpg,5045626743929_8.jpg,5045626743929_9.jpg,5045626743929_10.jpg,5045626743929_11.jpg",active,Black,8061535
5045625393545,5045625393545_1.jpg,"5045625393545_1.jpg,5045625393545_2.jpg,5045625393545_3.jpg,5045625393545_4.jpg,5045625393545_5.jpg,5045625393545_6.jpg,5045625393545_11.jpg",inactive,Beige,8061501
5045627440148,5045627440148_1.jpg,"5045627440148_1.jpg,5045627440148_2.jpg,5045627440148_3.jpg,5045627440148_4.jpg,5045627440148_5.jpg,5045627440148_6.jpg,5045627440148_7.jpg,5045627440148_8.jpg,5045627440148_9.jpg,5045627440148_11.jpg",active,Black,8061547
5045625757675,5045625757675_1.jpg,"5045625757675_1.jpg,5045625757675_2.jpg,5045625757675_3.jpg,5045625757675_4.jpg,5045625757675_5.jpg,5045625757675_6.jpg,5045625757675_7.jpg,5045625757675_8.jpg,5045625757675_9.jpg,5045625757675_10.jpg,5045625757675_11.jpg",inactive,Brown,8061516
5045620797188,5045620797188_1.jpg,"5045620797188_1.jpg,5045620797188_2.jpg,5045620797188_3.jpg,5045620797188_4.jpg,5045620797188_5.jpg,5045620797188_6.jpg,5045620797188_7.jpg,5045620797188_8.jpg,5045620797188_9.jpg,5045620797188_11.jpg",inactive,Brown,8061530
5045621702631,5045621702631_1.jpg,"5045621702631_1.jpg,5045621702631_2.jpg,5045621702631_3.jpg,5045621702631_4.jpg,5045621702631_5.jpg,5045621702631_6.jpg,5045621702631_7.jpg,5045621702631_8.jpg,5045621702631_9.jpg",active,Grey,8061552
5045627760383,5045627760383_1.jpg,"5045627760383_1.jpg,5045627760383_2.jpg,5045627760383_3.jpg,5045627760383_4.jpg,5045627760383_5.jpg,5045627760383_6.jpg,5045627760383_7.jpg,5045627760383_8.jpg,5045627760383_11.jpg",active,Green,8061557
5045626744766,5045626744766_1.jpg,"5045626744766_1.jpg,5045626744766_2.jpg,5045626744766_3.jpg,5045626744766_4.jpg,5045626744766_5.jpg,5045626744766_6.jpg,5045626744766_7.jpg,5045626744766_8.jpg,5045626744766_9.jpg,5045626744766_10.jpg,5045626744766_11.jpg",active,Beige,8061508
5045625757316,5045625757316_1.jpg,"5045625757316_1.jpg,5045625757316_2.jpg,5045625757316_3.jpg,5045625757316_4.jpg,5045625757316_5.jpg,5045625757316_6.jpg,5045625757316_7.jpg,5045625757316_8.jpg,5045625757316_9.jpg,5045625757316_10.jpg,5045625757316_11.jpg",active,Green,8061602
5045625759921,5045625759921_1.jpg,"5045625759921_1.jpg,5045625759921_2.jpg,5045625759921_3.jpg,5045625759921_4.jpg,5045625759921_5.jpg,5045625759921_6.jpg,5045625759921_7.jpg,5045625759921_8.jpg,5045625759921_9.jpg,5045625759921_10.jpg,5045625759921_11.jpg",active,Blue,8061606
5045626288345,5045626288345_1.jpg,"5045626288345_1.jpg,5045626288345_2.jpg,5045626288345_3.jpg,5045626288345_4.jpg,5045626288345_5.jpg,5045626288345_6.jpg,5045626288345_7.jpg,5045626288345_8.jpg,5045626288345_9.jpg,5045626288345_10.jpg,5045626288345_11.jpg",active,Black,8061612
5045625760460,5045625760460_1.jpg,"5045625760460_1.jpg,5045625760460_2.jpg,5045625760460_3.jpg,5045625760460_4.jpg,5045625760460_5.jpg,5045625760460_6.jpg,5045625760460_7.jpg,5045625760460_8.jpg,5045625760460_9.jpg,5045625760460_10.jpg,5045625760460_11.jpg",active,Green,8061534
5045627440056,5045627440056_1.jpg,"5045627440056_1.jpg,5045627440056_2.jpg,5045627440056_3.jpg,5045627440056_4.jpg,5045627440056_5.jpg,5045627440056_6.jpg,5045627440056_7.jpg,5045627440056_8.jpg,5045627440056_9.jpg,5045627440056_11.jpg",active,Black,8061497
5045626744674,5045626744674_1.jpg,"5045626744674_1.jpg,5045626744674_2.jpg,5045626744674_3.jpg,5045626744674_4.jpg,5045626744674_5.jpg,5045626744674_6.jpg,5045626744674_7.jpg,5045626744674_8.jpg,5045626744674_9.jpg,5045626744674_11.jpg",active,Brown,8061553
5045558476667,5045558476667_1.jpg,"5045558476667_1.jpg,5045558476667_2.jpg,5045558476667_3.jpg,5045558476667_4.jpg,5045558476667_5.jpg,5045558476667_6.jpg,5045558476667_7.jpg,5045558476667_8.jpg,5045558476667_9.jpg,5045558476667_11.jpg",active,Brown,8061495
5045625932935,5045625932935_1.jpg,"5045625932935_1.jpg,5045625932935_2.jpg,5045625932935_3.jpg,5045625932935_4.jpg,5045625932935_5.jpg,5045625932935_6.jpg,5045625932935_7.jpg,5045625932935_8.jpg,5045625932935_9.jpg,5045625932935_10.jpg,5045625932935_11.jpg",active,Brown,8061502
5045622827579,5045622827579_1.jpg,"5045622827579_1.jpg,5045622827579_2.jpg,5045622827579_3.jpg,5045622827579_4.jpg,5045622827579_5.jpg,5045622827579_6.jpg,5045622827579_7.jpg,5045622827579_8.jpg,5045622827579_9.jpg,5045622827579_10.jpg,5045622827579_11.jpg",inactive,Brown,8061600
5045622878908,5045622878908_1.jpg,"5045622878908_1.jpg,5045622878908_2.jpg,5045622878908_3.jpg,5045622878908_4.jpg,5045622878908_5.jpg,5045622878908_6.jpg,5045622878908_7.jpg,5045622878908_8.jpg,5045622878908_9.jpg,5045622878908_10.jpg,5045622878908_11.jpg",inactive,Black,8061596
5045626855332,5045626855332_1.jpg,"5045626855332_1.jpg,5045626855332_2.jpg,5045626855332_3.jpg,5045626855332_4.jpg,5045626855332_5.jpg,5045626855332_6.jpg,5045626855332_7.jpg,5045626855332_8.jpg,5045626855332_9.jpg,5045626855332_10.jpg,5045626855332_11.jpg",active,Black,8061630
5045626744254,5045626744254_1.jpg,"5045626744254_1.jpg,5045626744254_2.jpg,5045626744254_3.jpg,5045626744254_4.jpg,5045626744254_5.jpg,5045626744254_6.jpg,5045626744254_7.jpg,5045626744254_8.jpg,5045626744254_9.jpg,5045626744254_10.jpg,5045626744254_11.jpg",active,Black,8061629
5045625149951,5045625149951_1.jpg,"5045625149951_1.jpg,5045625149951_2.jpg,5045625149951_3.jpg,5045625149951_4.jpg,5045625149951_5.jpg,5045625149951_6.jpg,5045625149951_7.jpg,5045625149951_8.jpg,5045625149951_9.jpg,5045625149951_10.jpg,5045625149951_11.jpg",active,Brown,8061586
5045626289366,5045626289366_1.jpg,"5045626289366_1.jpg,5045626289366_2.jpg,5045626289366_3.jpg,5045626289366_4.jpg,5045626289366_5.jpg,5045626289366_6.jpg,5045626289366_7.jpg,5045626289366_8.jpg,5045626289366_9.jpg,5045626289366_10.jpg,5045626289366_11.jpg",active,Blue,8061577
5045620797157,5045620797157_1.jpg,"5045620797157_1.jpg,5045620797157_2.jpg,5045620797157_3.jpg,5045620797157_4.jpg,5045620797157_5.jpg,5045620797157_6.jpg,5045620797157_7.jpg,5045620797157_8.jpg,5045620797157_9.jpg,5045620797157_10.jpg,5045620797157_11.jpg",inactive,Black,8061614
5045626744520,5045626744520_1.jpg,"5045626744520_1.jpg,5045626744520_2.jpg,5045626744520_3.jpg,5045626744520_4.jpg,5045626744520_5.jpg,5045626744520_6.jpg,5045626744520_7.jpg,5045626744520_8.jpg,5045626744520_9.jpg,5045626744520_11.jpg",active,Black,8061595
5045626288642,5045626288642_1.jpg,"5045626288642_1.jpg,5045626288642_2.jpg,5045626288642_3.jpg,5045626288642_4.jpg,5045626288642_5.jpg,5045626288642_6.jpg,5045626288642_7.jpg,5045626288642_8.jpg,5045626288642_9.jpg,5045626288642_10.jpg,5045626288642_11.jpg",active,Black,8061634
5045626034102,5045626034102_1.jpg,"5045626034102_1.jpg,5045626034102_2.jpg,5045626034102_3.jpg,5045626034102_4.jpg,5045626034102_5.jpg,5045626034102_6.jpg,5045626034102_7.jpg,5045626034102_8.jpg,5045626034102_9.jpg,5045626034102_10.jpg,5045626034102_11.jpg",active,Black,8061633
5045627439630,5045627439630_1.jpg,"5045627439630_1.jpg,5045627439630_2.jpg,5045627439630_3.jpg,5045627439630_4.jpg,5045627439630_5.jpg,5045627439630_6.jpg,5045627439630_7.jpg,5045627439630_8.jpg,5045627439630_9.jpg,5045627439630_10.jpg,5045627439630_11.jpg",active,Miscellaneous,8061631
5045627441947,5045627441947_1.jpg,"5045627441947_1.jpg,5045627441947_2.jpg,5045627441947_3.jpg,5045627441947_4.jpg,5045627441947_5.jpg,5045627441947_6.jpg,5045627441947_7.jpg,5045627441947_8.jpg,5045627441947_9.jpg,5045627441947_11.jpg",active,Black,8061609
5045626039343,5045626039343_1.jpg,"5045626039343_1.jpg,5045626039343_2.jpg,5045626039343_3.jpg,5045626039343_4.jpg,5045626039343_5.jpg,5045626039343_6.jpg,5045626039343_7.jpg,5045626039343_8.jpg,5045626039343_9.jpg,5045626039343_10.jpg,5045626039343_11.jpg",active,Black,8061603
5045627440773,5045627440773_1.jpg,"5045627440773_1.jpg,5045627440773_2.jpg,5045627440773_3.jpg,5045627440773_4.jpg,5045627440773_5.jpg,5045627440773_6.jpg,5045627440773_7.jpg,5045627440773_8.jpg,5045627440773_9.jpg,5045627440773_10.jpg,5045627440773_11.jpg",active,Brown,8061636
5045626743981,5045626743981_1.jpg,"5045626743981_1.jpg,5045626743981_2.jpg,5045626743981_3.jpg,5045626743981_4.jpg,5045626743981_5.jpg,5045626743981_6.jpg,5045626743981_7.jpg,5045626743981_8.jpg,5045626743981_9.jpg,5045626743981_11.jpg",active,Beige,8061598
5045625757408,5045625757408_1.jpg,"5045625757408_1.jpg,5045625757408_2.jpg,5045625757408_3.jpg,5045625757408_4.jpg,5045625757408_5.jpg,5045625757408_6.jpg,5045625757408_7.jpg,5045625757408_8.jpg,5045625757408_9.jpg,5045625757408_10.jpg,5045625757408_11.jpg",inactive,Brown,8061610
5045621152610,5045621152610_1.jpg,"5045621152610_1.jpg,5045621152610_2.jpg,5045621152610_3.jpg,5045621152610_4.jpg,5045621152610_5.jpg,5045621152610_6.jpg,5045621152610_7.jpg,5045621152610_8.jpg,5045621152610_9.jpg,5045621152610_11.jpg",active,Beige,8061615
5045627367667,5045627367667_1.jpg,"5045627367667_1.jpg,5045627367667_2.jpg,5045627367667_3.jpg,5045627367667_4.jpg,5045627367667_5.jpg,5045627367667_6.jpg,5045627367667_7.jpg,5045627367667_8.jpg,5045627367667_11.jpg",active,Black,8061574
5045559732878,5045559732878_1.jpg,"5045559732878_1.jpg,5045559732878_2.jpg,5045559732878_3.jpg,5045559732878_4.jpg,5045559732878_5.jpg,5045559732878_6.jpg,5045559732878_7.jpg,5045559732878_8.jpg,5045559732878_9.jpg,5045559732878_11.jpg",active,Black,8061611
5045625910032,5045625910032_1.jpg,"5045625910032_1.jpg,5045625910032_2.jpg,5045625910032_3.jpg,5045625910032_4.jpg,5045625910032_5.jpg,5045625910032_6.jpg,5045625910032_7.jpg,5045625910032_8.jpg,5045625910032_9.jpg,5045625910032_10.jpg,5045625910032_11.jpg",active,Green,8061540
5045559072417,5045559072417_1.jpg,"5045559072417_1.jpg,5045559072417_2.jpg,5045559072417_3.jpg,5045559072417_4.jpg,5045559072417_5.jpg,5045559072417_6.jpg,5045559072417_7.jpg,5045559072417_8.jpg,5045559072417_9.jpg,5045559072417_10.jpg,5045559072417_11.jpg",active,Brown,7854974
5045620806675,5045620806675_1.jpg,"5045620806675_1.jpg,5045620806675_2.jpg,5045620806675_3.jpg,5045620806675_4.jpg,5045620806675_5.jpg,5045620806675_6.jpg,5045620806675_7.jpg,5045620806675_8.jpg,5045620806675_9.jpg,5045620806675_11.jpg",active,Blue,8061510
5045620797218,5045620797218_1.jpg,"5045620797218_1.jpg,5045620797218_2.jpg,5045620797218_3.jpg,5045620797218_4.jpg,5045620797218_5.jpg,5045620797218_6.jpg,5045620797218_7.jpg,5045620797218_8.jpg,5045620797218_9.jpg,5045620797218_10.jpg,5045620797218_11.jpg",inactive,Black,8061562
5045558683478,5045558683478_1.jpg,"5045558683478_1.jpg,5045558683478_2.jpg,5045558683478_3.jpg,5045558683478_4.jpg,5045558683478_5.jpg,5045558683478_6.jpg,5045558683478_7.jpg,5045558683478_8.jpg,5045558683478_9.jpg,5045558683478_11.jpg",active,Brown,8061499
5045626744735,5045626744735_1.jpg,"5045626744735_1.jpg,5045626744735_2.jpg,5045626744735_3.jpg,5045626744735_4.jpg,5045626744735_5.jpg,5045626744735_6.jpg,5045626744735_7.jpg,5045626744735_8.jpg,5045626744735_9.jpg,5045626744735_11.jpg",active,Miscellaneous,8061563
5045625654776,5045625654776_1.jpg,"5045625654776_1.jpg,5045625654776_2.jpg,5045625654776_3.jpg,5045625654776_4.jpg,5045625654776_5.jpg,5045625654776_6.jpg,5045625654776_7.jpg,5045625654776_8.jpg,5045625654776_9.jpg,5045625654776_11.jpg",active,Brown,8061653
5045559771594,5045559771594_1.jpg,"5045559771594_1.jpg,5045559771594_2.jpg,5045559771594_3.jpg,5045559771594_4.jpg,5045559771594_5.jpg,5045559771594_6.jpg,5045559771594_7.jpg,5045559771594_8.jpg,5045559771594_11.jpg",active,Black,8061591
5045625942446,5045625942446_1.jpg,"5045625942446_1.jpg,5045625942446_2.jpg,5045625942446_3.jpg,5045625942446_4.jpg,5045625942446_5.jpg,5045625942446_6.jpg,5045625942446_7.jpg,5045625942446_8.jpg,5045625942446_9.jpg,5045625942446_11.jpg",inactive,Blue,8061592
5045620797249,5045620797249_1.jpg,"5045620797249_1.jpg,5045620797249_2.jpg,5045620797249_3.jpg,5045620797249_4.jpg,5045620797249_5.jpg,5045620797249_6.jpg,5045620797249_7.jpg,5045620797249_8.jpg,5045620797249_9.jpg,5045620797249_10.jpg,5045620797249_11.jpg",inactive,Brown,8061599
5045625937312,5045625937312_1.jpg,"5045625937312_1.jpg,5045625937312_2.jpg,5045625937312_3.jpg,5045625937312_4.jpg,5045625937312_5.jpg,5045625937312_6.jpg,5045625937312_7.jpg,5045625937312_8.jpg,5045625937312_9.jpg,5045625937312_10.jpg,5045625937312_11.jpg",active,Blue,8061597
5045623591639,5045623591639_1.jpg,"5045623591639_1.jpg,5045623591639_2.jpg,5045623591639_3.jpg,5045623591639_4.jpg,5045623591639_5.jpg,5045623591639_6.jpg,5045623591639_11.jpg",active,Brown,8061594
5045559901885,5045559901885_1.jpg,"5045559901885_1.jpg,5045559901885_2.jpg,5045559901885_3.jpg,5045559901885_4.jpg,5045559901885_5.jpg,5045559901885_6.jpg,5045559901885_7.jpg,5045559901885_8.jpg,5045559901885_9.jpg,5045559901885_10.jpg,5045559901885_11.jpg",active,Brown,8061506
5045559771358,5045559771358_1.jpg,"5045559771358_1.jpg,5045559771358_2.jpg,5045559771358_3.jpg,5045559771358_4.jpg,5045559771358_5.jpg,5045559771358_6.jpg,5045559771358_7.jpg,5045559771358_8.jpg,5045559771358_9.jpg,5045559771358_11.jpg",active,White,8061533
5045625942538,5045625942538_1.jpg,"5045625942538_1.jpg,5045625942538_2.jpg,5045625942538_3.jpg,5045625942538_4.jpg,5045625942538_5.jpg,5045625942538_6.jpg,5045625942538_7.jpg,5045625942538_8.jpg,5045625942538_9.jpg,5045625942538_10.jpg,5045625942538_11.jpg",inactive,Yellow,8061523
5045626033983,5045626033983_1.jpg,"5045626033983_1.jpg,5045626033983_2.jpg,5045626033983_3.jpg,5045626033983_4.jpg,5045626033983_5.jpg,5045626033983_6.jpg,5045626033983_7.jpg,5045626033983_8.jpg,5045626033983_9.jpg,5045626033983_11.jpg",active,Blue,8061569
5045625937343,5045625937343_1.jpg,"5045625937343_1.jpg,5045625937343_2.jpg,5045625937343_3.jpg,5045625937343_4.jpg,5045625937343_5.jpg,5045625937343_6.jpg,5045625937343_7.jpg,5045625937343_8.jpg,5045625937343_9.jpg,5045625937343_10.jpg,5045625937343_11.jpg",inactive,Green,8061511
5045627439661,5045627439661_1.jpg,"5045627439661_1.jpg,5045627439661_2.jpg,5045627439661_3.jpg,5045627439661_4.jpg,5045627439661_5.jpg,5045627439661_6.jpg,5045627439661_7.jpg,5045627439661_8.jpg,5045627439661_9.jpg,5045627439661_10.jpg,5045627439661_11.jpg",active,Black,8061604
5045625213782,5045625213782_1.jpg,"5045625213782_1.jpg,5045625213782_2.jpg,5045625213782_3.jpg,5045625213782_4.jpg,5045625213782_5.jpg,5045625213782_6.jpg,5045625213782_7.jpg,5045625213782_8.jpg,5045625213782_9.jpg,5045625213782_10.jpg,5045625213782_11.jpg",active,Black,8061538
5045626743509,5045626743509_1.jpg,"5045626743509_1.jpg,5045626743509_2.jpg,5045626743509_3.jpg,5045626743509_4.jpg,5045626743509_5.jpg,5045626743509_6.jpg,5045626743509_7.jpg,5045626743509_8.jpg,5045626743509_9.jpg,5045626743509_10.jpg,5045626743509_11.jpg",active,Pink,8061581
5045625761337,5045625761337_1.jpg,"5045625761337_1.jpg,5045625761337_2.jpg,5045625761337_3.jpg,5045625761337_4.jpg,5045625761337_5.jpg,5045625761337_6.jpg,5045625761337_7.jpg,5045625761337_8.jpg,5045625761337_9.jpg,5045625761337_10.jpg,5045625761337_11.jpg",inactive,Red,8061626
5045626744070,5045626744070_1.jpg,"5045626744070_1.jpg,5045626744070_2.jpg,5045626744070_3.jpg,5045626744070_4.jpg,5045626744070_5.jpg,5045626744070_6.jpg,5045626744070_7.jpg,5045626744070_8.jpg,5045626744070_9.jpg,5045626744070_10.jpg,5045626744070_11.jpg",active,Pink,8061589
5045623409491,5045623409491_1.jpg,"5045623409491_1.jpg,5045623409491_2.jpg,5045623409491_3.jpg,5045623409491_4.jpg,5045623409491_5.jpg,5045623409491_6.jpg,5045623409491_7.jpg,5045623409491_8.jpg,5045623409491_9.jpg,5045623409491_10.jpg,5045623409491_11.jpg",active,Red,8061627
5045626744704,5045626744704_1.jpg,"5045626744704_1.jpg,5045626744704_2.jpg,5045626744704_3.jpg,5045626744704_4.jpg,5045626744704_5.jpg,5045626744704_6.jpg,5045626744704_7.jpg,5045626744704_8.jpg,5045626744704_9.jpg,5045626744704_11.jpg",active,Yellow,8061628
5045623181458,5045623181458_1.jpg,"5045623181458_1.jpg,5045623181458_2.jpg,5045623181458_3.jpg,5045623181458_4.jpg,5045623181458_5.jpg,5045623181458_6.jpg,5045623181458_7.jpg,5045623181458_8.jpg,5045623181458_9.jpg,5045623181458_11.jpg",active,Brown,8089429
5045626331836,5045626331836_1.jpg,"5045626331836_1.jpg,5045626331836_2.jpg,5045626331836_3.jpg,5045626331836_4.jpg,5045626331836_5.jpg,5045626331836_11.jpg",active,Red,8087247
5045626331867,5045626331836_1.jpg,"5045626331836_1.jpg,5045626331836_2.jpg,5045626331836_3.jpg,5045626331836_4.jpg,5045626331836_5.jpg,5045626331836_11.jpg",active,Red,8087247
5045626331898,5045626331836_1.jpg,"5045626331836_1.jpg,5045626331836_2.jpg,5045626331836_3.jpg,5045626331836_4.jpg,5045626331836_5.jpg,5045626331836_11.jpg",active,Red,8087247
5045626331928,5045626331836_1.jpg,"5045626331836_1.jpg,5045626331836_2.jpg,5045626331836_3.jpg,5045626331836_4.jpg,5045626331836_5.jpg,5045626331836_11.jpg",active,Red,8087247
5045626331959,5045626331836_1.jpg,"5045626331836_1.jpg,5045626331836_2.jpg,5045626331836_3.jpg,5045626331836_4.jpg,5045626331836_5.jpg,5045626331836_11.jpg",active,Red,8087247
5045626331980,5045626331836_1.jpg,"5045626331836_1.jpg,5045626331836_2.jpg,5045626331836_3.jpg,5045626331836_4.jpg,5045626331836_5.jpg,5045626331836_11.jpg",active,Red,8087247
5045626332017,5045626331836_1.jpg,"5045626331836_1.jpg,5045626331836_2.jpg,5045626331836_3.jpg,5045626331836_4.jpg,5045626331836_5.jpg,5045626331836_11.jpg",active,Red,8087247
5045626059099,5045626059099_1.jpg,"5045626059099_1.jpg,5045626059099_2.jpg,5045626059099_3.jpg,5045626059099_4.jpg,5045626059099_5.jpg,5045626059099_6.jpg,5045626059099_11.jpg",active,Black,8087248
5045626059129,5045626059099_1.jpg,"5045626059099_1.jpg,5045626059099_2.jpg,5045626059099_3.jpg,5045626059099_4.jpg,5045626059099_5.jpg,5045626059099_6.jpg,5045626059099_11.jpg",active,Black,8087248
5045626059150,5045626059099_1.jpg,"5045626059099_1.jpg,5045626059099_2.jpg,5045626059099_3.jpg,5045626059099_4.jpg,5045626059099_5.jpg,5045626059099_6.jpg,5045626059099_11.jpg",active,Black,8087248
5045626059181,5045626059099_1.jpg,"5045626059099_1.jpg,5045626059099_2.jpg,5045626059099_3.jpg,5045626059099_4.jpg,5045626059099_5.jpg,5045626059099_6.jpg,5045626059099_11.jpg",active,Black,8087248
5045626059211,5045626059099_1.jpg,"5045626059099_1.jpg,5045626059099_2.jpg,5045626059099_3.jpg,5045626059099_4.jpg,5045626059099_5.jpg,5045626059099_6.jpg,5045626059099_11.jpg",active,Black,8087248
5045626059242,5045626059099_1.jpg,"5045626059099_1.jpg,5045626059099_2.jpg,5045626059099_3.jpg,5045626059099_4.jpg,5045626059099_5.jpg,5045626059099_6.jpg,5045626059099_11.jpg",active,Black,8087248
5045626144931,5045626144931_1.jpg,"5045626144931_1.jpg,5045626144931_2.jpg,5045626144931_3.jpg,5045626144931_4.jpg,5045626144931_5.jpg,5045626144931_6.jpg,5045626144931_11.jpg",active,Black,8089335
5045559770153,5045559770153_1.jpg,"5045559770153_1.jpg,5045559770153_2.jpg,5045559770153_3.jpg,5045559770153_4.jpg,5045559770153_5.jpg,5045559770153_6.jpg,5045559770153_11.jpg",active,Beige,8087562
5045559770184,5045559770153_1.jpg,"5045559770153_1.jpg,5045559770153_2.jpg,5045559770153_3.jpg,5045559770153_4.jpg,5045559770153_5.jpg,5045559770153_6.jpg,5045559770153_11.jpg",active,Beige,8087562
5045559770214,5045559770153_1.jpg,"5045559770153_1.jpg,5045559770153_2.jpg,5045559770153_3.jpg,5045559770153_4.jpg,5045559770153_5.jpg,5045559770153_6.jpg,5045559770153_11.jpg",active,Beige,8087562
5045559770245,5045559770153_1.jpg,"5045559770153_1.jpg,5045559770153_2.jpg,5045559770153_3.jpg,5045559770153_4.jpg,5045559770153_5.jpg,5045559770153_6.jpg,5045559770153_11.jpg",active,Beige,8087562
5045559770276,5045559770153_1.jpg,"5045559770153_1.jpg,5045559770153_2.jpg,5045559770153_3.jpg,5045559770153_4.jpg,5045559770153_5.jpg,5045559770153_6.jpg,5045559770153_11.jpg",active,Beige,8087562
5045559770306,5045559770153_1.jpg,"5045559770153_1.jpg,5045559770153_2.jpg,5045559770153_3.jpg,5045559770153_4.jpg,5045559770153_5.jpg,5045559770153_6.jpg,5045559770153_11.jpg",active,Beige,8087562
5045559770337,5045559770153_1.jpg,"5045559770153_1.jpg,5045559770153_2.jpg,5045559770153_3.jpg,5045559770153_4.jpg,5045559770153_5.jpg,5045559770153_6.jpg,5045559770153_11.jpg",active,Beige,8087562
5045559770368,5045559770153_1.jpg,"5045559770153_1.jpg,5045559770153_2.jpg,5045559770153_3.jpg,5045559770153_4.jpg,5045559770153_5.jpg,5045559770153_6.jpg,5045559770153_11.jpg",active,Beige,8087562
5045559770399,5045559770153_1.jpg,"5045559770153_1.jpg,5045559770153_2.jpg,5045559770153_3.jpg,5045559770153_4.jpg,5045559770153_5.jpg,5045559770153_6.jpg,5045559770153_11.jpg",active,Beige,8087562
5045559770429,5045559770153_1.jpg,"5045559770153_1.jpg,5045559770153_2.jpg,5045559770153_3.jpg,5045559770153_4.jpg,5045559770153_5.jpg,5045559770153_6.jpg,5045559770153_11.jpg",active,Beige,8087562
5045559770450,5045559770153_1.jpg,"5045559770153_1.jpg,5045559770153_2.jpg,5045559770153_3.jpg,5045559770153_4.jpg,5045559770153_5.jpg,5045559770153_6.jpg,5045559770153_11.jpg",active,Beige,8087562
5045559770481,5045559770153_1.jpg,"5045559770153_1.jpg,5045559770153_2.jpg,5045559770153_3.jpg,5045559770153_4.jpg,5045559770153_5.jpg,5045559770153_6.jpg,5045559770153_11.jpg",active,Beige,8087562
5045559770511,5045559770153_1.jpg,"5045559770153_1.jpg,5045559770153_2.jpg,5045559770153_3.jpg,5045559770153_4.jpg,5045559770153_5.jpg,5045559770153_6.jpg,5045559770153_11.jpg",active,Beige,8087562
5045559770542,5045559770153_1.jpg,"5045559770153_1.jpg,5045559770153_2.jpg,5045559770153_3.jpg,5045559770153_4.jpg,5045559770153_5.jpg,5045559770153_6.jpg,5045559770153_11.jpg",active,Beige,8087562
5045559770573,5045559770153_1.jpg,"5045559770153_1.jpg,5045559770153_2.jpg,5045559770153_3.jpg,5045559770153_4.jpg,5045559770153_5.jpg,5045559770153_6.jpg,5045559770153_11.jpg",active,Beige,8087562
5045626299563,5045626299563_1.jpg,"5045626299563_1.jpg,5045626299563_2.jpg,5045626299563_3.jpg,5045626299563_4.jpg,5045626299563_5.jpg,5045626299563_6.jpg,5045626299563_11.jpg",active,White,8087252
5045626299594,5045626299563_1.jpg,"5045626299563_1.jpg,5045626299563_2.jpg,5045626299563_3.jpg,5045626299563_4.jpg,5045626299563_5.jpg,5045626299563_6.jpg,5045626299563_11.jpg",active,White,8087252
5045626299624,5045626299563_1.jpg,"5045626299563_1.jpg,5045626299563_2.jpg,5045626299563_3.jpg,5045626299563_4.jpg,5045626299563_5.jpg,5045626299563_6.jpg,5045626299563_11.jpg",active,White,8087252
5045626299655,5045626299563_1.jpg,"5045626299563_1.jpg,5045626299563_2.jpg,5045626299563_3.jpg,5045626299563_4.jpg,5045626299563_5.jpg,5045626299563_6.jpg,5045626299563_11.jpg",active,White,8087252
5045626299686,5045626299563_1.jpg,"5045626299563_1.jpg,5045626299563_2.jpg,5045626299563_3.jpg,5045626299563_4.jpg,5045626299563_5.jpg,5045626299563_6.jpg,5045626299563_11.jpg",active,White,8087252
5045626299716,5045626299563_1.jpg,"5045626299563_1.jpg,5045626299563_2.jpg,5045626299563_3.jpg,5045626299563_4.jpg,5045626299563_5.jpg,5045626299563_6.jpg,5045626299563_11.jpg",active,White,8087252
5045626299747,5045626299563_1.jpg,"5045626299563_1.jpg,5045626299563_2.jpg,5045626299563_3.jpg,5045626299563_4.jpg,5045626299563_5.jpg,5045626299563_6.jpg,5045626299563_11.jpg",active,White,8087252
5045627415993,5045627415993_1.jpg,"5045627415993_1.jpg,5045627415993_2.jpg,5045627415993_3.jpg,5045627415993_4.jpg,5045627415993_5.jpg,5045627415993_11.jpg",active,Black,8089263
5045625855845,5045625855845_1.jpg,"5045625855845_1.jpg,5045625855845_2.jpg,5045625855845_3.jpg,5045625855845_4.jpg,5045625855845_5.jpg,5045625855845_6.jpg,5045625855845_11.jpg",active,Black,8087573
5045625855876,5045625855845_1.jpg,"5045625855845_1.jpg,5045625855845_2.jpg,5045625855845_3.jpg,5045625855845_4.jpg,5045625855845_5.jpg,5045625855845_6.jpg,5045625855845_11.jpg",active,Black,8087573
5045625855906,5045625855845_1.jpg,"5045625855845_1.jpg,5045625855845_2.jpg,5045625855845_3.jpg,5045625855845_4.jpg,5045625855845_5.jpg,5045625855845_6.jpg,5045625855845_11.jpg",active,Black,8087573
5045625855937,5045625855845_1.jpg,"5045625855845_1.jpg,5045625855845_2.jpg,5045625855845_3.jpg,5045625855845_4.jpg,5045625855845_5.jpg,5045625855845_6.jpg,5045625855845_11.jpg",active,Black,8087573
5045625855968,5045625855845_1.jpg,"5045625855845_1.jpg,5045625855845_2.jpg,5045625855845_3.jpg,5045625855845_4.jpg,5045625855845_5.jpg,5045625855845_6.jpg,5045625855845_11.jpg",active,Black,8087573
5045625855999,5045625855845_1.jpg,"5045625855845_1.jpg,5045625855845_2.jpg,5045625855845_3.jpg,5045625855845_4.jpg,5045625855845_5.jpg,5045625855845_6.jpg,5045625855845_11.jpg",active,Black,8087573
5045625856026,5045625855845_1.jpg,"5045625855845_1.jpg,5045625855845_2.jpg,5045625855845_3.jpg,5045625855845_4.jpg,5045625855845_5.jpg,5045625855845_6.jpg,5045625855845_11.jpg",active,Black,8087573
5045625856057,5045625855845_1.jpg,"5045625855845_1.jpg,5045625855845_2.jpg,5045625855845_3.jpg,5045625855845_4.jpg,5045625855845_5.jpg,5045625855845_6.jpg,5045625855845_11.jpg",active,Black,8087573
5045625856088,5045625855845_1.jpg,"5045625855845_1.jpg,5045625855845_2.jpg,5045625855845_3.jpg,5045625855845_4.jpg,5045625855845_5.jpg,5045625855845_6.jpg,5045625855845_11.jpg",active,Black,8087573
5045625856118,5045625855845_1.jpg,"5045625855845_1.jpg,5045625855845_2.jpg,5045625855845_3.jpg,5045625855845_4.jpg,5045625855845_5.jpg,5045625855845_6.jpg,5045625855845_11.jpg",active,Black,8087573
5045625856149,5045625855845_1.jpg,"5045625855845_1.jpg,5045625855845_2.jpg,5045625855845_3.jpg,5045625855845_4.jpg,5045625855845_5.jpg,5045625855845_6.jpg,5045625855845_11.jpg",active,Black,8087573
5045625856170,5045625855845_1.jpg,"5045625855845_1.jpg,5045625855845_2.jpg,5045625855845_3.jpg,5045625855845_4.jpg,5045625855845_5.jpg,5045625855845_6.jpg,5045625855845_11.jpg",active,Black,8087573
5045625856200,5045625855845_1.jpg,"5045625855845_1.jpg,5045625855845_2.jpg,5045625855845_3.jpg,5045625855845_4.jpg,5045625855845_5.jpg,5045625855845_6.jpg,5045625855845_11.jpg",active,Black,8087573
5045626034010,5045626034010_1.jpg,"5045626034010_1.jpg,5045626034010_2.jpg,5045626034010_3.jpg,5045626034010_4.jpg,5045626034010_11.jpg",active,Yellow,8089447
5045626034041,5045626034010_1.jpg,"5045626034010_1.jpg,5045626034010_2.jpg,5045626034010_3.jpg,5045626034010_4.jpg,5045626034010_11.jpg",active,Yellow,8089447
5045626034072,5045626034010_1.jpg,"5045626034010_1.jpg,5045626034010_2.jpg,5045626034010_3.jpg,5045626034010_4.jpg,5045626034010_11.jpg",active,Yellow,8089447
5045626282305,5045626282305_1.jpg,"5045626282305_1.jpg,5045626282305_2.jpg,5045626282305_3.jpg,5045626282305_4.jpg,5045626282305_5.jpg,5045626282305_6.jpg,5045626282305_7.jpg,5045626282305_11.jpg",active,Black,8087574
5045626282336,5045626282305_1.jpg,"5045626282305_1.jpg,5045626282305_2.jpg,5045626282305_3.jpg,5045626282305_4.jpg,5045626282305_5.jpg,5045626282305_6.jpg,5045626282305_7.jpg,5045626282305_11.jpg",active,Black,8087574
5045626282367,5045626282305_1.jpg,"5045626282305_1.jpg,5045626282305_2.jpg,5045626282305_3.jpg,5045626282305_4.jpg,5045626282305_5.jpg,5045626282305_6.jpg,5045626282305_7.jpg,5045626282305_11.jpg",active,Black,8087574
5045626282398,5045626282305_1.jpg,"5045626282305_1.jpg,5045626282305_2.jpg,5045626282305_3.jpg,5045626282305_4.jpg,5045626282305_5.jpg,5045626282305_6.jpg,5045626282305_7.jpg,5045626282305_11.jpg",active,Black,8087574
5045626282428,5045626282305_1.jpg,"5045626282305_1.jpg,5045626282305_2.jpg,5045626282305_3.jpg,5045626282305_4.jpg,5045626282305_5.jpg,5045626282305_6.jpg,5045626282305_7.jpg,5045626282305_11.jpg",active,Black,8087574
5045626282459,5045626282305_1.jpg,"5045626282305_1.jpg,5045626282305_2.jpg,5045626282305_3.jpg,5045626282305_4.jpg,5045626282305_5.jpg,5045626282305_6.jpg,5045626282305_7.jpg,5045626282305_11.jpg",active,Black,8087574
5045626282480,5045626282305_1.jpg,"5045626282305_1.jpg,5045626282305_2.jpg,5045626282305_3.jpg,5045626282305_4.jpg,5045626282305_5.jpg,5045626282305_6.jpg,5045626282305_7.jpg,5045626282305_11.jpg",active,Black,8087574
5045626282510,5045626282305_1.jpg,"5045626282305_1.jpg,5045626282305_2.jpg,5045626282305_3.jpg,5045626282305_4.jpg,5045626282305_5.jpg,5045626282305_6.jpg,5045626282305_7.jpg,5045626282305_11.jpg",active,Black,8087574
5045620968489,5045620968489_1.jpg,"5045620968489_1.jpg,5045620968489_2.jpg,5045620968489_3.jpg,5045620968489_4.jpg,5045620968489_5.jpg,5045620968489_6.jpg,5045620968489_11.jpg",active,Black,8087568
5045620968519,5045620968489_1.jpg,"5045620968489_1.jpg,5045620968489_2.jpg,5045620968489_3.jpg,5045620968489_4.jpg,5045620968489_5.jpg,5045620968489_6.jpg,5045620968489_11.jpg",active,Black,8087568
5045620968540,5045620968489_1.jpg,"5045620968489_1.jpg,5045620968489_2.jpg,5045620968489_3.jpg,5045620968489_4.jpg,5045620968489_5.jpg,5045620968489_6.jpg,5045620968489_11.jpg",active,Black,8087568
5045620968571,5045620968489_1.jpg,"5045620968489_1.jpg,5045620968489_2.jpg,5045620968489_3.jpg,5045620968489_4.jpg,5045620968489_5.jpg,5045620968489_6.jpg,5045620968489_11.jpg",active,Black,8087568
5045620968601,5045620968489_1.jpg,"5045620968489_1.jpg,5045620968489_2.jpg,5045620968489_3.jpg,5045620968489_4.jpg,5045620968489_5.jpg,5045620968489_6.jpg,5045620968489_11.jpg",active,Black,8087568
5045620968632,5045620968489_1.jpg,"5045620968489_1.jpg,5045620968489_2.jpg,5045620968489_3.jpg,5045620968489_4.jpg,5045620968489_5.jpg,5045620968489_6.jpg,5045620968489_11.jpg",active,Black,8087568
5045620968663,5045620968489_1.jpg,"5045620968489_1.jpg,5045620968489_2.jpg,5045620968489_3.jpg,5045620968489_4.jpg,5045620968489_5.jpg,5045620968489_6.jpg,5045620968489_11.jpg",active,Black,8087568
5045620968694,5045620968489_1.jpg,"5045620968489_1.jpg,5045620968489_2.jpg,5045620968489_3.jpg,5045620968489_4.jpg,5045620968489_5.jpg,5045620968489_6.jpg,5045620968489_11.jpg",active,Black,8087568
5045620968724,5045620968489_1.jpg,"5045620968489_1.jpg,5045620968489_2.jpg,5045620968489_3.jpg,5045620968489_4.jpg,5045620968489_5.jpg,5045620968489_6.jpg,5045620968489_11.jpg",active,Black,8087568
5045620968755,5045620968489_1.jpg,"5045620968489_1.jpg,5045620968489_2.jpg,5045620968489_3.jpg,5045620968489_4.jpg,5045620968489_5.jpg,5045620968489_6.jpg,5045620968489_11.jpg",active,Black,8087568
5045620968786,5045620968489_1.jpg,"5045620968489_1.jpg,5045620968489_2.jpg,5045620968489_3.jpg,5045620968489_4.jpg,5045620968489_5.jpg,5045620968489_6.jpg,5045620968489_11.jpg",active,Black,8087568
5045620968816,5045620968489_1.jpg,"5045620968489_1.jpg,5045620968489_2.jpg,5045620968489_3.jpg,5045620968489_4.jpg,5045620968489_5.jpg,5045620968489_6.jpg,5045620968489_11.jpg",active,Black,8087568
5045620968847,5045620968489_1.jpg,"5045620968489_1.jpg,5045620968489_2.jpg,5045620968489_3.jpg,5045620968489_4.jpg,5045620968489_5.jpg,5045620968489_6.jpg,5045620968489_11.jpg",active,Black,8087568
5045620968878,5045620968489_1.jpg,"5045620968489_1.jpg,5045620968489_2.jpg,5045620968489_3.jpg,5045620968489_4.jpg,5045620968489_5.jpg,5045620968489_6.jpg,5045620968489_11.jpg",active,Black,8087568
5045620968908,5045620968489_1.jpg,"5045620968489_1.jpg,5045620968489_2.jpg,5045620968489_3.jpg,5045620968489_4.jpg,5045620968489_5.jpg,5045620968489_6.jpg,5045620968489_11.jpg",active,Black,8087568
5045625941753,5045625941753_1.jpg,"5045625941753_1.jpg,5045625941753_2.jpg,5045625941753_3.jpg,5045625941753_4.jpg,5045625941753_11.jpg",active,Yellow,8089470
5045625941784,5045625941753_1.jpg,"5045625941753_1.jpg,5045625941753_2.jpg,5045625941753_3.jpg,5045625941753_4.jpg,5045625941753_11.jpg",active,Yellow,8089470
5045625941814,5045625941753_1.jpg,"5045625941753_1.jpg,5045625941753_2.jpg,5045625941753_3.jpg,5045625941753_4.jpg,5045625941753_11.jpg",active,Yellow,8089470
5045626423920,5045626423920_1.jpg,"5045626423920_1.jpg,5045626423920_2.jpg,5045626423920_3.jpg,5045626423920_4.jpg,5045626423920_5.jpg,5045626423920_6.jpg,5045626423920_11.jpg",active,Black,923555
5045626423951,5045626423920_1.jpg,"5045626423920_1.jpg,5045626423920_2.jpg,5045626423920_3.jpg,5045626423920_4.jpg,5045626423920_5.jpg,5045626423920_6.jpg,5045626423920_11.jpg",active,Black,923555
5045626423982,5045626423920_1.jpg,"5045626423920_1.jpg,5045626423920_2.jpg,5045626423920_3.jpg,5045626423920_4.jpg,5045626423920_5.jpg,5045626423920_6.jpg,5045626423920_11.jpg",active,Black,923555
5045626424019,5045626423920_1.jpg,"5045626423920_1.jpg,5045626423920_2.jpg,5045626423920_3.jpg,5045626423920_4.jpg,5045626423920_5.jpg,5045626423920_6.jpg,5045626423920_11.jpg",active,Black,923555
5045626424040,5045626423920_1.jpg,"5045626423920_1.jpg,5045626423920_2.jpg,5045626423920_3.jpg,5045626423920_4.jpg,5045626423920_5.jpg,5045626423920_6.jpg,5045626423920_11.jpg",active,Black,923555
5045626424071,5045626423920_1.jpg,"5045626423920_1.jpg,5045626423920_2.jpg,5045626423920_3.jpg,5045626423920_4.jpg,5045626423920_5.jpg,5045626423920_6.jpg,5045626423920_11.jpg",active,Black,923555
5045626424101,5045626423920_1.jpg,"5045626423920_1.jpg,5045626423920_2.jpg,5045626423920_3.jpg,5045626423920_4.jpg,5045626423920_5.jpg,5045626423920_6.jpg,5045626423920_11.jpg",active,Black,923555
5045626071787,5045626071787_1.jpg,"5045626071787_1.jpg,5045626071787_2.jpg,5045626071787_3.jpg,5045626071787_4.jpg,5045626071787_5.jpg,5045626071787_11.jpg",active,Miscellaneous,8087264
5045626071817,5045626071787_1.jpg,"5045626071787_1.jpg,5045626071787_2.jpg,5045626071787_3.jpg,5045626071787_4.jpg,5045626071787_5.jpg,5045626071787_11.jpg",active,Miscellaneous,8087264
5045626071848,5045626071787_1.jpg,"5045626071787_1.jpg,5045626071787_2.jpg,5045626071787_3.jpg,5045626071787_4.jpg,5045626071787_5.jpg,5045626071787_11.jpg",active,Miscellaneous,8087264
5045626071879,5045626071787_1.jpg,"5045626071787_1.jpg,5045626071787_2.jpg,5045626071787_3.jpg,5045626071787_4.jpg,5045626071787_5.jpg,5045626071787_11.jpg",active,Miscellaneous,8087264
5045626071909,5045626071787_1.jpg,"5045626071787_1.jpg,5045626071787_2.jpg,5045626071787_3.jpg,5045626071787_4.jpg,5045626071787_5.jpg,5045626071787_11.jpg",active,Miscellaneous,8087264
5045626071930,5045626071787_1.jpg,"5045626071787_1.jpg,5045626071787_2.jpg,5045626071787_3.jpg,5045626071787_4.jpg,5045626071787_5.jpg,5045626071787_11.jpg",active,Miscellaneous,8087264
5045626071992,5045626071787_1.jpg,"5045626071787_1.jpg,5045626071787_2.jpg,5045626071787_3.jpg,5045626071787_4.jpg,5045626071787_5.jpg,5045626071787_11.jpg",active,Miscellaneous,8087264
5045625440485,5045625440485_1.jpg,"5045625440485_1.jpg,5045625440485_2.jpg,5045625440485_3.jpg,5045625440485_4.jpg,5045625440485_5.jpg,5045625440485_6.jpg,5045625440485_11.jpg",active,White,8087259
5045625440515,5045625440485_1.jpg,"5045625440485_1.jpg,5045625440485_2.jpg,5045625440485_3.jpg,5045625440485_4.jpg,5045625440485_5.jpg,5045625440485_6.jpg,5045625440485_11.jpg",active,White,8087259
5045625440546,5045625440485_1.jpg,"5045625440485_1.jpg,5045625440485_2.jpg,5045625440485_3.jpg,5045625440485_4.jpg,5045625440485_5.jpg,5045625440485_6.jpg,5045625440485_11.jpg",active,White,8087259
5045625440577,5045625440485_1.jpg,"5045625440485_1.jpg,5045625440485_2.jpg,5045625440485_3.jpg,5045625440485_4.jpg,5045625440485_5.jpg,5045625440485_6.jpg,5045625440485_11.jpg",active,White,8087259
5045625440607,5045625440485_1.jpg,"5045625440485_1.jpg,5045625440485_2.jpg,5045625440485_3.jpg,5045625440485_4.jpg,5045625440485_5.jpg,5045625440485_6.jpg,5045625440485_11.jpg",active,White,8087259
5045625440638,5045625440485_1.jpg,"5045625440485_1.jpg,5045625440485_2.jpg,5045625440485_3.jpg,5045625440485_4.jpg,5045625440485_5.jpg,5045625440485_6.jpg,5045625440485_11.jpg",active,White,8087259
5045625440669,5045625440485_1.jpg,"5045625440485_1.jpg,5045625440485_2.jpg,5045625440485_3.jpg,5045625440485_4.jpg,5045625440485_5.jpg,5045625440485_6.jpg,5045625440485_11.jpg",active,White,8087259
5045625946802,5045625946802_1.jpg,"5045625946802_1.jpg,5045625946802_2.jpg,5045625946802_3.jpg,5045625946802_4.jpg,5045625946802_5.jpg,5045625946802_6.jpg,5045625946802_11.jpg",active,Brown,8087277
5045625946833,5045625946802_1.jpg,"5045625946802_1.jpg,5045625946802_2.jpg,5045625946802_3.jpg,5045625946802_4.jpg,5045625946802_5.jpg,5045625946802_6.jpg,5045625946802_11.jpg",active,Brown,8087277
5045625946864,5045625946802_1.jpg,"5045625946802_1.jpg,5045625946802_2.jpg,5045625946802_3.jpg,5045625946802_4.jpg,5045625946802_5.jpg,5045625946802_6.jpg,5045625946802_11.jpg",active,Brown,8087277
5045625946895,5045625946802_1.jpg,"5045625946802_1.jpg,5045625946802_2.jpg,5045625946802_3.jpg,5045625946802_4.jpg,5045625946802_5.jpg,5045625946802_6.jpg,5045625946802_11.jpg",active,Brown,8087277
5045625946925,5045625946802_1.jpg,"5045625946802_1.jpg,5045625946802_2.jpg,5045625946802_3.jpg,5045625946802_4.jpg,5045625946802_5.jpg,5045625946802_6.jpg,5045625946802_11.jpg",active,Brown,8087277
5045625946956,5045625946802_1.jpg,"5045625946802_1.jpg,5045625946802_2.jpg,5045625946802_3.jpg,5045625946802_4.jpg,5045625946802_5.jpg,5045625946802_6.jpg,5045625946802_11.jpg",active,Brown,8087277
5045625946987,5045625946802_1.jpg,"5045625946802_1.jpg,5045625946802_2.jpg,5045625946802_3.jpg,5045625946802_4.jpg,5045625946802_5.jpg,5045625946802_6.jpg,5045625946802_11.jpg",active,Brown,8087277
5045625947014,5045625946802_1.jpg,"5045625946802_1.jpg,5045625946802_2.jpg,5045625946802_3.jpg,5045625946802_4.jpg,5045625946802_5.jpg,5045625946802_6.jpg,5045625946802_11.jpg",active,Brown,8087277
5045622957412,5045622957412_1.jpg,"5045622957412_1.jpg,5045622957412_2.jpg,5045622957412_3.jpg,5045622957412_4.jpg,5045622957412_5.jpg,5045622957412_6.jpg,5045622957412_7.jpg,5045622957412_8.jpg,5045622957412_11.jpg",active,Blue,8087254
5045622957474,5045622957412_1.jpg,"5045622957412_1.jpg,5045622957412_2.jpg,5045622957412_3.jpg,5045622957412_4.jpg,5045622957412_5.jpg,5045622957412_6.jpg,5045622957412_7.jpg,5045622957412_8.jpg,5045622957412_11.jpg",active,Blue,8087254
5045622957535,5045622957412_1.jpg,"5045622957412_1.jpg,5045622957412_2.jpg,5045622957412_3.jpg,5045622957412_4.jpg,5045622957412_5.jpg,5045622957412_6.jpg,5045622957412_7.jpg,5045622957412_8.jpg,5045622957412_11.jpg",active,Blue,8087254
5045622957597,5045622957412_1.jpg,"5045622957412_1.jpg,5045622957412_2.jpg,5045622957412_3.jpg,5045622957412_4.jpg,5045622957412_5.jpg,5045622957412_6.jpg,5045622957412_7.jpg,5045622957412_8.jpg,5045622957412_11.jpg",active,Blue,8087254
5045622957658,5045622957412_1.jpg,"5045622957412_1.jpg,5045622957412_2.jpg,5045622957412_3.jpg,5045622957412_4.jpg,5045622957412_5.jpg,5045622957412_6.jpg,5045622957412_7.jpg,5045622957412_8.jpg,5045622957412_11.jpg",active,Blue,8087254
5045622957719,5045622957412_1.jpg,"5045622957412_1.jpg,5045622957412_2.jpg,5045622957412_3.jpg,5045622957412_4.jpg,5045622957412_5.jpg,5045622957412_6.jpg,5045622957412_7.jpg,5045622957412_8.jpg,5045622957412_11.jpg",active,Blue,8087254
5045622957771,5045622957412_1.jpg,"5045622957412_1.jpg,5045622957412_2.jpg,5045622957412_3.jpg,5045622957412_4.jpg,5045622957412_5.jpg,5045622957412_6.jpg,5045622957412_7.jpg,5045622957412_8.jpg,5045622957412_11.jpg",active,Blue,8087254
5045622957801,5045622957412_1.jpg,"5045622957412_1.jpg,5045622957412_2.jpg,5045622957412_3.jpg,5045622957412_4.jpg,5045622957412_5.jpg,5045622957412_6.jpg,5045622957412_7.jpg,5045622957412_8.jpg,5045622957412_11.jpg",active,Blue,8087254
5045622957863,5045622957412_1.jpg,"5045622957412_1.jpg,5045622957412_2.jpg,5045622957412_3.jpg,5045622957412_4.jpg,5045622957412_5.jpg,5045622957412_6.jpg,5045622957412_7.jpg,5045622957412_8.jpg,5045622957412_11.jpg",active,Blue,8087254
5045626372631,5045626372631_1.jpg,"5045626372631_1.jpg,5045626372631_2.jpg,5045626372631_3.jpg,5045626372631_4.jpg,5045626372631_5.jpg,5045626372631_6.jpg,5045626372631_7.jpg,5045626372631_8.jpg,5045626372631_9.jpg,5045626372631_11.jpg",active,Beige,8089415
5045625420814,5045625420814_1.jpg,"5045625420814_1.jpg,5045625420814_2.jpg,5045625420814_3.jpg,5045625420814_4.jpg,5045625420814_5.jpg,5045625420814_6.jpg,5045625420814_11.jpg",active,Beige,8087266
5045625420845,5045625420814_1.jpg,"5045625420814_1.jpg,5045625420814_2.jpg,5045625420814_3.jpg,5045625420814_4.jpg,5045625420814_5.jpg,5045625420814_6.jpg,5045625420814_11.jpg",active,Beige,8087266
5045625420876,5045625420814_1.jpg,"5045625420814_1.jpg,5045625420814_2.jpg,5045625420814_3.jpg,5045625420814_4.jpg,5045625420814_5.jpg,5045625420814_6.jpg,5045625420814_11.jpg",active,Beige,8087266
5045625420906,5045625420814_1.jpg,"5045625420814_1.jpg,5045625420814_2.jpg,5045625420814_3.jpg,5045625420814_4.jpg,5045625420814_5.jpg,5045625420814_6.jpg,5045625420814_11.jpg",active,Beige,8087266
5045625420937,5045625420814_1.jpg,"5045625420814_1.jpg,5045625420814_2.jpg,5045625420814_3.jpg,5045625420814_4.jpg,5045625420814_5.jpg,5045625420814_6.jpg,5045625420814_11.jpg",active,Beige,8087266
5045625420968,5045625420814_1.jpg,"5045625420814_1.jpg,5045625420814_2.jpg,5045625420814_3.jpg,5045625420814_4.jpg,5045625420814_5.jpg,5045625420814_6.jpg,5045625420814_11.jpg",active,Beige,8087266
5045625420999,5045625420814_1.jpg,"5045625420814_1.jpg,5045625420814_2.jpg,5045625420814_3.jpg,5045625420814_4.jpg,5045625420814_5.jpg,5045625420814_6.jpg,5045625420814_11.jpg",active,Beige,8087266
5045558241227,5045558241227_1.jpg,"5045558241227_1.jpg,5045558241227_2.jpg,5045558241227_3.jpg,5045558241227_4.jpg,5045558241227_5.jpg,5045558241227_11.jpg",inactive,White,8087270
5045558241258,5045558241227_1.jpg,"5045558241227_1.jpg,5045558241227_2.jpg,5045558241227_3.jpg,5045558241227_4.jpg,5045558241227_5.jpg,5045558241227_11.jpg",inactive,White,8087270
5045558241289,5045558241227_1.jpg,"5045558241227_1.jpg,5045558241227_2.jpg,5045558241227_3.jpg,5045558241227_4.jpg,5045558241227_5.jpg,5045558241227_11.jpg",inactive,White,8087270
5045558241319,5045558241227_1.jpg,"5045558241227_1.jpg,5045558241227_2.jpg,5045558241227_3.jpg,5045558241227_4.jpg,5045558241227_5.jpg,5045558241227_11.jpg",inactive,White,8087270
5045558241340,5045558241227_1.jpg,"5045558241227_1.jpg,5045558241227_2.jpg,5045558241227_3.jpg,5045558241227_4.jpg,5045558241227_5.jpg,5045558241227_11.jpg",inactive,White,8087270
5045558241371,5045558241227_1.jpg,"5045558241227_1.jpg,5045558241227_2.jpg,5045558241227_3.jpg,5045558241227_4.jpg,5045558241227_5.jpg,5045558241227_11.jpg",inactive,White,8087270
5045558241401,5045558241227_1.jpg,"5045558241227_1.jpg,5045558241227_2.jpg,5045558241227_3.jpg,5045558241227_4.jpg,5045558241227_5.jpg,5045558241227_11.jpg",inactive,White,8087270
5045558241432,5045558241227_1.jpg,"5045558241227_1.jpg,5045558241227_2.jpg,5045558241227_3.jpg,5045558241227_4.jpg,5045558241227_5.jpg,5045558241227_11.jpg",inactive,White,8087270
5045558241463,5045558241227_1.jpg,"5045558241227_1.jpg,5045558241227_2.jpg,5045558241227_3.jpg,5045558241227_4.jpg,5045558241227_5.jpg,5045558241227_11.jpg",inactive,White,8087270
5045622964885,5045558241227_1.jpg,"5045558241227_1.jpg,5045558241227_2.jpg,5045558241227_3.jpg,5045558241227_4.jpg,5045558241227_5.jpg,5045558241227_11.jpg",inactive,White,8087270
5045626302225,5045626302225_1.jpg,"5045626302225_1.jpg,5045626302225_2.jpg,5045626302225_3.jpg,5045626302225_4.jpg,5045626302225_5.jpg,5045626302225_11.jpg",active,Grey,8087263
5045626302256,5045626302225_1.jpg,"5045626302225_1.jpg,5045626302225_2.jpg,5045626302225_3.jpg,5045626302225_4.jpg,5045626302225_5.jpg,5045626302225_11.jpg",active,Grey,8087263
5045626302287,5045626302225_1.jpg,"5045626302225_1.jpg,5045626302225_2.jpg,5045626302225_3.jpg,5045626302225_4.jpg,5045626302225_5.jpg,5045626302225_11.jpg",active,Grey,8087263
5045626302317,5045626302225_1.jpg,"5045626302225_1.jpg,5045626302225_2.jpg,5045626302225_3.jpg,5045626302225_4.jpg,5045626302225_5.jpg,5045626302225_11.jpg",active,Grey,8087263
5045626302348,5045626302225_1.jpg,"5045626302225_1.jpg,5045626302225_2.jpg,5045626302225_3.jpg,5045626302225_4.jpg,5045626302225_5.jpg,5045626302225_11.jpg",active,Grey,8087263
5045626302379,5045626302225_1.jpg,"5045626302225_1.jpg,5045626302225_2.jpg,5045626302225_3.jpg,5045626302225_4.jpg,5045626302225_5.jpg,5045626302225_11.jpg",active,Grey,8087263
5045626302430,5045626302225_1.jpg,"5045626302225_1.jpg,5045626302225_2.jpg,5045626302225_3.jpg,5045626302225_4.jpg,5045626302225_5.jpg,5045626302225_11.jpg",active,Grey,8087263
5045626062631,5045626062631_1.jpg,"5045626062631_1.jpg,5045626062631_2.jpg,5045626062631_3.jpg,5045626062631_4.jpg,5045626062631_5.jpg,5045626062631_6.jpg,5045626062631_11.jpg",active,Black,8087251
5045626062662,5045626062631_1.jpg,"5045626062631_1.jpg,5045626062631_2.jpg,5045626062631_3.jpg,5045626062631_4.jpg,5045626062631_5.jpg,5045626062631_6.jpg,5045626062631_11.jpg",active,Black,8087251
5045626062693,5045626062631_1.jpg,"5045626062631_1.jpg,5045626062631_2.jpg,5045626062631_3.jpg,5045626062631_4.jpg,5045626062631_5.jpg,5045626062631_6.jpg,5045626062631_11.jpg",active,Black,8087251
5045626062723,5045626062631_1.jpg,"5045626062631_1.jpg,5045626062631_2.jpg,5045626062631_3.jpg,5045626062631_4.jpg,5045626062631_5.jpg,5045626062631_6.jpg,5045626062631_11.jpg",active,Black,8087251
5045626062754,5045626062631_1.jpg,"5045626062631_1.jpg,5045626062631_2.jpg,5045626062631_3.jpg,5045626062631_4.jpg,5045626062631_5.jpg,5045626062631_6.jpg,5045626062631_11.jpg",active,Black,8087251
5045626062785,5045626062631_1.jpg,"5045626062631_1.jpg,5045626062631_2.jpg,5045626062631_3.jpg,5045626062631_4.jpg,5045626062631_5.jpg,5045626062631_6.jpg,5045626062631_11.jpg",active,Black,8087251
5045626062815,5045626062631_1.jpg,"5045626062631_1.jpg,5045626062631_2.jpg,5045626062631_3.jpg,5045626062631_4.jpg,5045626062631_5.jpg,5045626062631_6.jpg,5045626062631_11.jpg",active,Black,8087251
5045626075563,5045626075563_1.jpg,"5045626075563_1.jpg,5045626075563_2.jpg,5045626075563_3.jpg,5045626075563_4.jpg,5045626075563_5.jpg,5045626075563_11.jpg",active,Grey,8087249
5045626075594,5045626075563_1.jpg,"5045626075563_1.jpg,5045626075563_2.jpg,5045626075563_3.jpg,5045626075563_4.jpg,5045626075563_5.jpg,5045626075563_11.jpg",active,Grey,8087249
5045626075624,5045626075563_1.jpg,"5045626075563_1.jpg,5045626075563_2.jpg,5045626075563_3.jpg,5045626075563_4.jpg,5045626075563_5.jpg,5045626075563_11.jpg",active,Grey,8087249
5045626075655,5045626075563_1.jpg,"5045626075563_1.jpg,5045626075563_2.jpg,5045626075563_3.jpg,5045626075563_4.jpg,5045626075563_5.jpg,5045626075563_11.jpg",active,Grey,8087249
5045626075686,5045626075563_1.jpg,"5045626075563_1.jpg,5045626075563_2.jpg,5045626075563_3.jpg,5045626075563_4.jpg,5045626075563_5.jpg,5045626075563_11.jpg",active,Grey,8087249
5045626075716,5045626075563_1.jpg,"5045626075563_1.jpg,5045626075563_2.jpg,5045626075563_3.jpg,5045626075563_4.jpg,5045626075563_5.jpg,5045626075563_11.jpg",active,Grey,8087249
5045626075778,5045626075563_1.jpg,"5045626075563_1.jpg,5045626075563_2.jpg,5045626075563_3.jpg,5045626075563_4.jpg,5045626075563_5.jpg,5045626075563_11.jpg",active,Grey,8087249
5045625183078,5045625183078_1.jpg,"5045625183078_1.jpg,5045625183078_2.jpg,5045625183078_3.jpg,5045625183078_4.jpg,5045625183078_5.jpg,5045625183078_6.jpg,5045625183078_11.jpg",inactive,Blue,8087575
5045625183108,5045625183078_1.jpg,"5045625183078_1.jpg,5045625183078_2.jpg,5045625183078_3.jpg,5045625183078_4.jpg,5045625183078_5.jpg,5045625183078_6.jpg,5045625183078_11.jpg",inactive,Blue,8087575
5045625183139,5045625183078_1.jpg,"5045625183078_1.jpg,5045625183078_2.jpg,5045625183078_3.jpg,5045625183078_4.jpg,5045625183078_5.jpg,5045625183078_6.jpg,5045625183078_11.jpg",inactive,Blue,8087575
5045625183160,5045625183078_1.jpg,"5045625183078_1.jpg,5045625183078_2.jpg,5045625183078_3.jpg,5045625183078_4.jpg,5045625183078_5.jpg,5045625183078_6.jpg,5045625183078_11.jpg",inactive,Blue,8087575
5045625183191,5045625183078_1.jpg,"5045625183078_1.jpg,5045625183078_2.jpg,5045625183078_3.jpg,5045625183078_4.jpg,5045625183078_5.jpg,5045625183078_6.jpg,5045625183078_11.jpg",inactive,Blue,8087575
5045625183221,5045625183078_1.jpg,"5045625183078_1.jpg,5045625183078_2.jpg,5045625183078_3.jpg,5045625183078_4.jpg,5045625183078_5.jpg,5045625183078_6.jpg,5045625183078_11.jpg",inactive,Blue,8087575
5045625183252,5045625183078_1.jpg,"5045625183078_1.jpg,5045625183078_2.jpg,5045625183078_3.jpg,5045625183078_4.jpg,5045625183078_5.jpg,5045625183078_6.jpg,5045625183078_11.jpg",inactive,Blue,8087575
5045626855455,5045626855455_1.jpg,"5045626855455_1.jpg,5045626855455_2.jpg,5045626855455_3.jpg,5045626855455_4.jpg,5045626855455_5.jpg,5045626855455_6.jpg,5045626855455_7.jpg,5045626855455_8.jpg,5045626855455_9.jpg,5045626855455_10.jpg,5045626855455_11.jpg",active,Brown,8089302
5045626169644,5045626169644_1.jpg,"5045626169644_1.jpg,5045626169644_2.jpg,5045626169644_3.jpg,5045626169644_4.jpg,5045626169644_5.jpg,5045626169644_11.jpg",active,Brown,8087267
5045626169675,5045626169644_1.jpg,"5045626169644_1.jpg,5045626169644_2.jpg,5045626169644_3.jpg,5045626169644_4.jpg,5045626169644_5.jpg,5045626169644_11.jpg",active,Brown,8087267
5045626169705,5045626169644_1.jpg,"5045626169644_1.jpg,5045626169644_2.jpg,5045626169644_3.jpg,5045626169644_4.jpg,5045626169644_5.jpg,5045626169644_11.jpg",active,Brown,8087267
5045626169736,5045626169644_1.jpg,"5045626169644_1.jpg,5045626169644_2.jpg,5045626169644_3.jpg,5045626169644_4.jpg,5045626169644_5.jpg,5045626169644_11.jpg",active,Brown,8087267
5045626169767,5045626169644_1.jpg,"5045626169644_1.jpg,5045626169644_2.jpg,5045626169644_3.jpg,5045626169644_4.jpg,5045626169644_5.jpg,5045626169644_11.jpg",active,Brown,8087267
5045626169798,5045626169644_1.jpg,"5045626169644_1.jpg,5045626169644_2.jpg,5045626169644_3.jpg,5045626169644_4.jpg,5045626169644_5.jpg,5045626169644_11.jpg",active,Brown,8087267
5045626169828,5045626169644_1.jpg,"5045626169644_1.jpg,5045626169644_2.jpg,5045626169644_3.jpg,5045626169644_4.jpg,5045626169644_5.jpg,5045626169644_11.jpg",active,Brown,8087267
5045626169859,5045626169644_1.jpg,"5045626169644_1.jpg,5045626169644_2.jpg,5045626169644_3.jpg,5045626169644_4.jpg,5045626169644_5.jpg,5045626169644_11.jpg",active,Brown,8087267
5045626169880,5045626169644_1.jpg,"5045626169644_1.jpg,5045626169644_2.jpg,5045626169644_3.jpg,5045626169644_4.jpg,5045626169644_5.jpg,5045626169644_11.jpg",active,Brown,8087267
5045627306918,5045627306918_1.jpg,"5045627306918_1.jpg,5045627306918_2.jpg,5045627306918_3.jpg,5045627306918_4.jpg,5045627306918_5.jpg,5045627306918_6.jpg,5045627306918_11.jpg",active,Blue,8087269
5045627306949,5045627306918_1.jpg,"5045627306918_1.jpg,5045627306918_2.jpg,5045627306918_3.jpg,5045627306918_4.jpg,5045627306918_5.jpg,5045627306918_6.jpg,5045627306918_11.jpg",active,Blue,8087269
5045627306970,5045627306918_1.jpg,"5045627306918_1.jpg,5045627306918_2.jpg,5045627306918_3.jpg,5045627306918_4.jpg,5045627306918_5.jpg,5045627306918_6.jpg,5045627306918_11.jpg",active,Blue,8087269
5045627307007,5045627306918_1.jpg,"5045627306918_1.jpg,5045627306918_2.jpg,5045627306918_3.jpg,5045627306918_4.jpg,5045627306918_5.jpg,5045627306918_6.jpg,5045627306918_11.jpg",active,Blue,8087269
5045627307038,5045627306918_1.jpg,"5045627306918_1.jpg,5045627306918_2.jpg,5045627306918_3.jpg,5045627306918_4.jpg,5045627306918_5.jpg,5045627306918_6.jpg,5045627306918_11.jpg",active,Blue,8087269
5045627307069,5045627306918_1.jpg,"5045627306918_1.jpg,5045627306918_2.jpg,5045627306918_3.jpg,5045627306918_4.jpg,5045627306918_5.jpg,5045627306918_6.jpg,5045627306918_11.jpg",active,Blue,8087269
5045627307090,5045627306918_1.jpg,"5045627306918_1.jpg,5045627306918_2.jpg,5045627306918_3.jpg,5045627306918_4.jpg,5045627306918_5.jpg,5045627306918_6.jpg,5045627306918_11.jpg",active,Blue,8087269
5045627307120,5045627306918_1.jpg,"5045627306918_1.jpg,5045627306918_2.jpg,5045627306918_3.jpg,5045627306918_4.jpg,5045627306918_5.jpg,5045627306918_6.jpg,5045627306918_11.jpg",active,Blue,8087269
5045625185256,5045625185256_1.jpg,"5045625185256_1.jpg,5045625185256_2.jpg,5045625185256_3.jpg,5045625185256_4.jpg,5045625185256_5.jpg,5045625185256_6.jpg,5045625185256_11.jpg",active,Black,8087585
5045625185287,5045625185256_1.jpg,"5045625185256_1.jpg,5045625185256_2.jpg,5045625185256_3.jpg,5045625185256_4.jpg,5045625185256_5.jpg,5045625185256_6.jpg,5045625185256_11.jpg",active,Black,8087585
5045625185317,5045625185256_1.jpg,"5045625185256_1.jpg,5045625185256_2.jpg,5045625185256_3.jpg,5045625185256_4.jpg,5045625185256_5.jpg,5045625185256_6.jpg,5045625185256_11.jpg",active,Black,8087585
5045625185348,5045625185256_1.jpg,"5045625185256_1.jpg,5045625185256_2.jpg,5045625185256_3.jpg,5045625185256_4.jpg,5045625185256_5.jpg,5045625185256_6.jpg,5045625185256_11.jpg",active,Black,8087585
5045625185379,5045625185256_1.jpg,"5045625185256_1.jpg,5045625185256_2.jpg,5045625185256_3.jpg,5045625185256_4.jpg,5045625185256_5.jpg,5045625185256_6.jpg,5045625185256_11.jpg",active,Black,8087585
5045625185409,5045625185256_1.jpg,"5045625185256_1.jpg,5045625185256_2.jpg,5045625185256_3.jpg,5045625185256_4.jpg,5045625185256_5.jpg,5045625185256_6.jpg,5045625185256_11.jpg",active,Black,8087585
5045625185430,5045625185256_1.jpg,"5045625185256_1.jpg,5045625185256_2.jpg,5045625185256_3.jpg,5045625185256_4.jpg,5045625185256_5.jpg,5045625185256_6.jpg,5045625185256_11.jpg",active,Black,8087585
5045622958372,5045622958372_1.jpg,"5045622958372_1.jpg,5045622958372_2.jpg,5045622958372_3.jpg,5045622958372_4.jpg,5045622958372_5.jpg,5045622958372_6.jpg,5045622958372_7.jpg,5045622958372_8.jpg,5045622958372_11.jpg",active,White,8087255
5045622958433,5045622958372_1.jpg,"5045622958372_1.jpg,5045622958372_2.jpg,5045622958372_3.jpg,5045622958372_4.jpg,5045622958372_5.jpg,5045622958372_6.jpg,5045622958372_7.jpg,5045622958372_8.jpg,5045622958372_11.jpg",active,White,8087255
5045622958495,5045622958372_1.jpg,"5045622958372_1.jpg,5045622958372_2.jpg,5045622958372_3.jpg,5045622958372_4.jpg,5045622958372_5.jpg,5045622958372_6.jpg,5045622958372_7.jpg,5045622958372_8.jpg,5045622958372_11.jpg",active,White,8087255
5045622958556,5045622958372_1.jpg,"5045622958372_1.jpg,5045622958372_2.jpg,5045622958372_3.jpg,5045622958372_4.jpg,5045622958372_5.jpg,5045622958372_6.jpg,5045622958372_7.jpg,5045622958372_8.jpg,5045622958372_11.jpg",active,White,8087255
5045622958617,5045622958372_1.jpg,"5045622958372_1.jpg,5045622958372_2.jpg,5045622958372_3.jpg,5045622958372_4.jpg,5045622958372_5.jpg,5045622958372_6.jpg,5045622958372_7.jpg,5045622958372_8.jpg,5045622958372_11.jpg",active,White,8087255
5045622958679,5045622958372_1.jpg,"5045622958372_1.jpg,5045622958372_2.jpg,5045622958372_3.jpg,5045622958372_4.jpg,5045622958372_5.jpg,5045622958372_6.jpg,5045622958372_7.jpg,5045622958372_8.jpg,5045622958372_11.jpg",active,White,8087255
5045622958730,5045622958372_1.jpg,"5045622958372_1.jpg,5045622958372_2.jpg,5045622958372_3.jpg,5045622958372_4.jpg,5045622958372_5.jpg,5045622958372_6.jpg,5045622958372_7.jpg,5045622958372_8.jpg,5045622958372_11.jpg",active,White,8087255
5045622958761,5045622958372_1.jpg,"5045622958372_1.jpg,5045622958372_2.jpg,5045622958372_3.jpg,5045622958372_4.jpg,5045622958372_5.jpg,5045622958372_6.jpg,5045622958372_7.jpg,5045622958372_8.jpg,5045622958372_11.jpg",active,White,8087255
5045622958822,5045622958372_1.jpg,"5045622958372_1.jpg,5045622958372_2.jpg,5045622958372_3.jpg,5045622958372_4.jpg,5045622958372_5.jpg,5045622958372_6.jpg,5045622958372_7.jpg,5045622958372_8.jpg,5045622958372_11.jpg",active,White,8087255
5045627593530,5045627593530_1.jpg,"5045627593530_1.jpg,5045627593530_2.jpg,5045627593530_3.jpg,5045627593530_4.jpg,5045627593530_5.jpg,5045627593530_6.jpg,5045627593530_11.jpg",active,White,8087250
5045627593561,5045627593530_1.jpg,"5045627593530_1.jpg,5045627593530_2.jpg,5045627593530_3.jpg,5045627593530_4.jpg,5045627593530_5.jpg,5045627593530_6.jpg,5045627593530_11.jpg",active,White,8087250
5045627593592,5045627593530_1.jpg,"5045627593530_1.jpg,5045627593530_2.jpg,5045627593530_3.jpg,5045627593530_4.jpg,5045627593530_5.jpg,5045627593530_6.jpg,5045627593530_11.jpg",active,White,8087250
5045627593622,5045627593530_1.jpg,"5045627593530_1.jpg,5045627593530_2.jpg,5045627593530_3.jpg,5045627593530_4.jpg,5045627593530_5.jpg,5045627593530_6.jpg,5045627593530_11.jpg",active,White,8087250
5045627593653,5045627593530_1.jpg,"5045627593530_1.jpg,5045627593530_2.jpg,5045627593530_3.jpg,5045627593530_4.jpg,5045627593530_5.jpg,5045627593530_6.jpg,5045627593530_11.jpg",active,White,8087250
5045627593684,5045627593530_1.jpg,"5045627593530_1.jpg,5045627593530_2.jpg,5045627593530_3.jpg,5045627593530_4.jpg,5045627593530_5.jpg,5045627593530_6.jpg,5045627593530_11.jpg",active,White,8087250
5045627593714,5045627593530_1.jpg,"5045627593530_1.jpg,5045627593530_2.jpg,5045627593530_3.jpg,5045627593530_4.jpg,5045627593530_5.jpg,5045627593530_6.jpg,5045627593530_11.jpg",active,White,8087250
5045627593745,5045627593530_1.jpg,"5045627593530_1.jpg,5045627593530_2.jpg,5045627593530_3.jpg,5045627593530_4.jpg,5045627593530_5.jpg,5045627593530_6.jpg,5045627593530_11.jpg",active,White,8087250
5045627593776,5045627593530_1.jpg,"5045627593530_1.jpg,5045627593530_2.jpg,5045627593530_3.jpg,5045627593530_4.jpg,5045627593530_5.jpg,5045627593530_6.jpg,5045627593530_11.jpg",active,White,8087250
5045623430709,5045623430709_1.jpg,"5045623430709_1.jpg,5045623430709_2.jpg,5045623430709_3.jpg,5045623430709_4.jpg,5045623430709_5.jpg,5045623430709_6.jpg,5045623430709_7.jpg,5045623430709_8.jpg,5045623430709_9.jpg,5045623430709_10.jpg,5045623430709_11.jpg",active,Black,8089261
5045626093895,5045626093895_1.jpg,"5045626093895_1.jpg,5045626093895_2.jpg,5045626093895_3.jpg,5045626093895_4.jpg,5045626093895_5.jpg,5045626093895_6.jpg,5045626093895_7.jpg,5045626093895_11.jpg",active,Blue,8087258
5045626093925,5045626093895_1.jpg,"5045626093895_1.jpg,5045626093895_2.jpg,5045626093895_3.jpg,5045626093895_4.jpg,5045626093895_5.jpg,5045626093895_6.jpg,5045626093895_7.jpg,5045626093895_11.jpg",active,Blue,8087258
5045626093956,5045626093895_1.jpg,"5045626093895_1.jpg,5045626093895_2.jpg,5045626093895_3.jpg,5045626093895_4.jpg,5045626093895_5.jpg,5045626093895_6.jpg,5045626093895_7.jpg,5045626093895_11.jpg",active,Blue,8087258
5045626093987,5045626093895_1.jpg,"5045626093895_1.jpg,5045626093895_2.jpg,5045626093895_3.jpg,5045626093895_4.jpg,5045626093895_5.jpg,5045626093895_6.jpg,5045626093895_7.jpg,5045626093895_11.jpg",active,Blue,8087258
5045626094014,5045626093895_1.jpg,"5045626093895_1.jpg,5045626093895_2.jpg,5045626093895_3.jpg,5045626093895_4.jpg,5045626093895_5.jpg,5045626093895_6.jpg,5045626093895_7.jpg,5045626093895_11.jpg",active,Blue,8087258
5045626094045,5045626093895_1.jpg,"5045626093895_1.jpg,5045626093895_2.jpg,5045626093895_3.jpg,5045626093895_4.jpg,5045626093895_5.jpg,5045626093895_6.jpg,5045626093895_7.jpg,5045626093895_11.jpg",active,Blue,8087258
5045626094076,5045626093895_1.jpg,"5045626093895_1.jpg,5045626093895_2.jpg,5045626093895_3.jpg,5045626093895_4.jpg,5045626093895_5.jpg,5045626093895_6.jpg,5045626093895_7.jpg,5045626093895_11.jpg",active,Blue,8087258
5045626094106,5045626093895_1.jpg,"5045626093895_1.jpg,5045626093895_2.jpg,5045626093895_3.jpg,5045626093895_4.jpg,5045626093895_5.jpg,5045626093895_6.jpg,5045626093895_7.jpg,5045626093895_11.jpg",active,Blue,8087258
5045626094137,5045626093895_1.jpg,"5045626093895_1.jpg,5045626093895_2.jpg,5045626093895_3.jpg,5045626093895_4.jpg,5045626093895_5.jpg,5045626093895_6.jpg,5045626093895_7.jpg,5045626093895_11.jpg",active,Blue,8087258
5045626094168,5045626093895_1.jpg,"5045626093895_1.jpg,5045626093895_2.jpg,5045626093895_3.jpg,5045626093895_4.jpg,5045626093895_5.jpg,5045626093895_6.jpg,5045626093895_7.jpg,5045626093895_11.jpg",active,Blue,8087258
5045621090110,5045621090110_1.jpg,"5045621090110_1.jpg,5045621090110_2.jpg,5045621090110_3.jpg,5045621090110_4.jpg,5045621090110_5.jpg,5045621090110_6.jpg,5045621090110_11.jpg",active,Beige,7824210
5045621090141,5045621090110_1.jpg,"5045621090110_1.jpg,5045621090110_2.jpg,5045621090110_3.jpg,5045621090110_4.jpg,5045621090110_5.jpg,5045621090110_6.jpg,5045621090110_11.jpg",active,Beige,7824210
5045621090172,5045621090110_1.jpg,"5045621090110_1.jpg,5045621090110_2.jpg,5045621090110_3.jpg,5045621090110_4.jpg,5045621090110_5.jpg,5045621090110_6.jpg,5045621090110_11.jpg",active,Beige,7824210
5045621090202,5045621090110_1.jpg,"5045621090110_1.jpg,5045621090110_2.jpg,5045621090110_3.jpg,5045621090110_4.jpg,5045621090110_5.jpg,5045621090110_6.jpg,5045621090110_11.jpg",active,Beige,7824210
5045621090233,5045621090110_1.jpg,"5045621090110_1.jpg,5045621090110_2.jpg,5045621090110_3.jpg,5045621090110_4.jpg,5045621090110_5.jpg,5045621090110_6.jpg,5045621090110_11.jpg",active,Beige,7824210
5045621090264,5045621090110_1.jpg,"5045621090110_1.jpg,5045621090110_2.jpg,5045621090110_3.jpg,5045621090110_4.jpg,5045621090110_5.jpg,5045621090110_6.jpg,5045621090110_11.jpg",active,Beige,7824210
5045621090295,5045621090110_1.jpg,"5045621090110_1.jpg,5045621090110_2.jpg,5045621090110_3.jpg,5045621090110_4.jpg,5045621090110_5.jpg,5045621090110_6.jpg,5045621090110_11.jpg",active,Beige,7824210
5045622968753,5045621090110_1.jpg,"5045621090110_1.jpg,5045621090110_2.jpg,5045621090110_3.jpg,5045621090110_4.jpg,5045621090110_5.jpg,5045621090110_6.jpg,5045621090110_11.jpg",active,Beige,7824210
5045621734663,5045621734663_1.jpg,"5045621734663_1.jpg,5045621734663_2.jpg,5045621734663_3.jpg,5045621734663_4.jpg,5045621734663_5.jpg,5045621734663_6.jpg,5045621734663_7.jpg,5045621734663_8.jpg,5045621734663_11.jpg",inactive,Brown,8089451
5045625204193,5045625204193_1.jpg,"5045625204193_1.jpg,5045625204193_2.jpg,5045625204193_3.jpg,5045625204193_4.jpg,5045625204193_5.jpg,5045625204193_6.jpg,5045625204193_7.jpg,5045625204193_8.jpg,5045625204193_11.jpg",inactive,Brown,8089456
5045626035031,5045626035031_1.jpg,"5045626035031_1.jpg,5045626035031_2.jpg,5045626035031_3.jpg,5045626035031_4.jpg,5045626035031_5.jpg,5045626035031_11.jpg",active,Blue,8089338
5045625142846,5045625142846_1.jpg,"5045625142846_1.jpg,5045625142846_2.jpg,5045625142846_3.jpg,5045625142846_4.jpg,5045625142846_5.jpg,5045625142846_11.jpg",active,Black,8089336
5045625201017,5045625201017_1.jpg,"5045625201017_1.jpg,5045625201017_2.jpg,5045625201017_3.jpg,5045625201017_4.jpg,5045625201017_5.jpg,5045625201017_6.jpg,5045625201017_7.jpg,5045625201017_8.jpg,5045625201017_9.jpg,5045625201017_10.jpg,5045625201017_11.jpg",active,Black,8089325
5045627574799,5045627574799_1.jpg,"5045627574799_1.jpg,5045627574799_2.jpg,5045627574799_3.jpg,5045627574799_4.jpg,5045627574799_5.jpg",active,Green,8089312
5045627081020,5045627081020_1.jpg,"5045627081020_1.jpg,5045627081020_2.jpg,5045627081020_3.jpg,5045627081020_4.jpg,5045627081020_5.jpg,5045627081020_11.jpg",active,Pink,8089250
5045627081051,5045627081020_1.jpg,"5045627081020_1.jpg,5045627081020_2.jpg,5045627081020_3.jpg,5045627081020_4.jpg,5045627081020_5.jpg,5045627081020_11.jpg",active,Pink,8089250
5045627081082,5045627081020_1.jpg,"5045627081020_1.jpg,5045627081020_2.jpg,5045627081020_3.jpg,5045627081020_4.jpg,5045627081020_5.jpg,5045627081020_11.jpg",active,Pink,8089250
5045627081112,5045627081020_1.jpg,"5045627081020_1.jpg,5045627081020_2.jpg,5045627081020_3.jpg,5045627081020_4.jpg,5045627081020_5.jpg,5045627081020_11.jpg",active,Pink,8089250
5045627081143,5045627081020_1.jpg,"5045627081020_1.jpg,5045627081020_2.jpg,5045627081020_3.jpg,5045627081020_4.jpg,5045627081020_5.jpg,5045627081020_11.jpg",active,Pink,8089250
5045627081174,5045627081020_1.jpg,"5045627081020_1.jpg,5045627081020_2.jpg,5045627081020_3.jpg,5045627081020_4.jpg,5045627081020_5.jpg,5045627081020_11.jpg",active,Pink,8089250
5045627081204,5045627081020_1.jpg,"5045627081020_1.jpg,5045627081020_2.jpg,5045627081020_3.jpg,5045627081020_4.jpg,5045627081020_5.jpg,5045627081020_11.jpg",active,Pink,8089250
5045627081235,5045627081020_1.jpg,"5045627081020_1.jpg,5045627081020_2.jpg,5045627081020_3.jpg,5045627081020_4.jpg,5045627081020_5.jpg,5045627081020_11.jpg",active,Pink,8089250
5045627081266,5045627081020_1.jpg,"5045627081020_1.jpg,5045627081020_2.jpg,5045627081020_3.jpg,5045627081020_4.jpg,5045627081020_5.jpg,5045627081020_11.jpg",active,Pink,8089250
5045627081297,5045627081020_1.jpg,"5045627081020_1.jpg,5045627081020_2.jpg,5045627081020_3.jpg,5045627081020_4.jpg,5045627081020_5.jpg,5045627081020_11.jpg",active,Pink,8089250
5045624719797,5045624719797_1.jpg,"5045624719797_1.jpg,5045624719797_2.jpg,5045624719797_11.jpg",active,Beige,7824139
5045627416112,5045627416112_1.jpg,"5045627416112_1.jpg,5045627416112_2.jpg,5045627416112_3.jpg,5045627416112_4.jpg,5045627416112_5.jpg,5045627416112_11.jpg",active,Miscellaneous,8089340
5045626035512,5045626035512_1.jpg,"5045626035512_1.jpg,5045626035512_2.jpg,5045626035512_3.jpg,5045626035512_4.jpg,5045626035512_5.jpg,5045626035512_11.jpg",active,Blue,8089278
5045626035185,5045626035185_1.jpg,"5045626035185_1.jpg,5045626035185_2.jpg,5045626035185_3.jpg,5045626035185_4.jpg,5045626035185_5.jpg,5045626035185_6.jpg,5045626035185_7.jpg,5045626035185_8.jpg,5045626035185_11.jpg",active,Grey,8089330
5045626737348,5045626737348_1.jpg,"5045626737348_1.jpg,5045626737348_2.jpg,5045626737348_3.jpg,5045626737348_4.jpg,5045626737348_5.jpg,5045626737348_6.jpg,5045626737348_7.jpg,5045626737348_8.jpg,5045626737348_11.jpg",active,Grey,923556
5045626761619,5045626761619_1.jpg,"5045626761619_1.jpg,5045626761619_2.jpg,5045626761619_3.jpg,5045626761619_4.jpg,5045626761619_5.jpg,5045626761619_6.jpg,5045626761619_7.jpg,5045626761619_11.jpg",active,Pink,8089427
5045559218884,5045559218884_1.jpg,"5045559218884_1.jpg,5045559218884_2.jpg,5045559218884_3.jpg,5045559218884_4.jpg,5045559218884_5.jpg,5045559218884_6.jpg,5045559218884_11.jpg",active,Beige,8087608
5045559218914,5045559218884_1.jpg,"5045559218884_1.jpg,5045559218884_2.jpg,5045559218884_3.jpg,5045559218884_4.jpg,5045559218884_5.jpg,5045559218884_6.jpg,5045559218884_11.jpg",active,Beige,8087608
5045559218945,5045559218884_1.jpg,"5045559218884_1.jpg,5045559218884_2.jpg,5045559218884_3.jpg,5045559218884_4.jpg,5045559218884_5.jpg,5045559218884_6.jpg,5045559218884_11.jpg",active,Beige,8087608
5045559218976,5045559218884_1.jpg,"5045559218884_1.jpg,5045559218884_2.jpg,5045559218884_3.jpg,5045559218884_4.jpg,5045559218884_5.jpg,5045559218884_6.jpg,5045559218884_11.jpg",active,Beige,8087608
5045559219003,5045559218884_1.jpg,"5045559218884_1.jpg,5045559218884_2.jpg,5045559218884_3.jpg,5045559218884_4.jpg,5045559218884_5.jpg,5045559218884_6.jpg,5045559218884_11.jpg",active,Beige,8087608
5045559219034,5045559218884_1.jpg,"5045559218884_1.jpg,5045559218884_2.jpg,5045559218884_3.jpg,5045559218884_4.jpg,5045559218884_5.jpg,5045559218884_6.jpg,5045559218884_11.jpg",active,Beige,8087608
5045559219065,5045559218884_1.jpg,"5045559218884_1.jpg,5045559218884_2.jpg,5045559218884_3.jpg,5045559218884_4.jpg,5045559218884_5.jpg,5045559218884_6.jpg,5045559218884_11.jpg",active,Beige,8087608
5045559219096,5045559218884_1.jpg,"5045559218884_1.jpg,5045559218884_2.jpg,5045559218884_3.jpg,5045559218884_4.jpg,5045559218884_5.jpg,5045559218884_6.jpg,5045559218884_11.jpg",active,Beige,8087608
5045559219126,5045559218884_1.jpg,"5045559218884_1.jpg,5045559218884_2.jpg,5045559218884_3.jpg,5045559218884_4.jpg,5045559218884_5.jpg,5045559218884_6.jpg,5045559218884_11.jpg",active,Beige,8087608
5045559219157,5045559218884_1.jpg,"5045559218884_1.jpg,5045559218884_2.jpg,5045559218884_3.jpg,5045559218884_4.jpg,5045559218884_5.jpg,5045559218884_6.jpg,5045559218884_11.jpg",active,Beige,8087608
5045559219188,5045559218884_1.jpg,"5045559218884_1.jpg,5045559218884_2.jpg,5045559218884_3.jpg,5045559218884_4.jpg,5045559218884_5.jpg,5045559218884_6.jpg,5045559218884_11.jpg",active,Beige,8087608
5045559219218,5045559218884_1.jpg,"5045559218884_1.jpg,5045559218884_2.jpg,5045559218884_3.jpg,5045559218884_4.jpg,5045559218884_5.jpg,5045559218884_6.jpg,5045559218884_11.jpg",active,Beige,8087608
5045559219249,5045559218884_1.jpg,"5045559218884_1.jpg,5045559218884_2.jpg,5045559218884_3.jpg,5045559218884_4.jpg,5045559218884_5.jpg,5045559218884_6.jpg,5045559218884_11.jpg",active,Beige,8087608
5045625939354,5045625939354_1.jpg,"5045625939354_1.jpg,5045625939354_2.jpg,5045625939354_3.jpg,5045625939354_4.jpg,5045625939354_5.jpg,5045625939354_6.jpg,5045625939354_11.jpg",active,Blue,8087261
5045625939385,5045625939354_1.jpg,"5045625939354_1.jpg,5045625939354_2.jpg,5045625939354_3.jpg,5045625939354_4.jpg,5045625939354_5.jpg,5045625939354_6.jpg,5045625939354_11.jpg",active,Blue,8087261
5045625939415,5045625939354_1.jpg,"5045625939354_1.jpg,5045625939354_2.jpg,5045625939354_3.jpg,5045625939354_4.jpg,5045625939354_5.jpg,5045625939354_6.jpg,5045625939354_11.jpg",active,Blue,8087261
5045625939446,5045625939354_1.jpg,"5045625939354_1.jpg,5045625939354_2.jpg,5045625939354_3.jpg,5045625939354_4.jpg,5045625939354_5.jpg,5045625939354_6.jpg,5045625939354_11.jpg",active,Blue,8087261
5045625939477,5045625939354_1.jpg,"5045625939354_1.jpg,5045625939354_2.jpg,5045625939354_3.jpg,5045625939354_4.jpg,5045625939354_5.jpg,5045625939354_6.jpg,5045625939354_11.jpg",active,Blue,8087261
5045625939507,5045625939354_1.jpg,"5045625939354_1.jpg,5045625939354_2.jpg,5045625939354_3.jpg,5045625939354_4.jpg,5045625939354_5.jpg,5045625939354_6.jpg,5045625939354_11.jpg",active,Blue,8087261
5045625939538,5045625939354_1.jpg,"5045625939354_1.jpg,5045625939354_2.jpg,5045625939354_3.jpg,5045625939354_4.jpg,5045625939354_5.jpg,5045625939354_6.jpg,5045625939354_11.jpg",active,Blue,8087261
5045625939569,5045625939354_1.jpg,"5045625939354_1.jpg,5045625939354_2.jpg,5045625939354_3.jpg,5045625939354_4.jpg,5045625939354_5.jpg,5045625939354_6.jpg,5045625939354_11.jpg",active,Blue,8087261
5045627415603,5045627415603_1.jpg,"5045627415603_1.jpg,5045627415603_2.jpg,5045627415603_3.jpg,5045627415603_4.jpg,5045627415603_5.jpg,5045627415603_11.jpg",active,Brown,8089290
5045626344058,5045626344058_1.jpg,"5045626344058_1.jpg,5045626344058_2.jpg,5045626344058_3.jpg,5045626344058_4.jpg,5045626344058_5.jpg,5045626344058_6.jpg,5045626344058_7.jpg,5045626344058_11.jpg",active,Grey,8087281
5045626344089,5045626344058_1.jpg,"5045626344058_1.jpg,5045626344058_2.jpg,5045626344058_3.jpg,5045626344058_4.jpg,5045626344058_5.jpg,5045626344058_6.jpg,5045626344058_7.jpg,5045626344058_11.jpg",active,Grey,8087281
5045626344119,5045626344058_1.jpg,"5045626344058_1.jpg,5045626344058_2.jpg,5045626344058_3.jpg,5045626344058_4.jpg,5045626344058_5.jpg,5045626344058_6.jpg,5045626344058_7.jpg,5045626344058_11.jpg",active,Grey,8087281
5045626344140,5045626344058_1.jpg,"5045626344058_1.jpg,5045626344058_2.jpg,5045626344058_3.jpg,5045626344058_4.jpg,5045626344058_5.jpg,5045626344058_6.jpg,5045626344058_7.jpg,5045626344058_11.jpg",active,Grey,8087281
5045626344171,5045626344058_1.jpg,"5045626344058_1.jpg,5045626344058_2.jpg,5045626344058_3.jpg,5045626344058_4.jpg,5045626344058_5.jpg,5045626344058_6.jpg,5045626344058_7.jpg,5045626344058_11.jpg",active,Grey,8087281
5045626344201,5045626344058_1.jpg,"5045626344058_1.jpg,5045626344058_2.jpg,5045626344058_3.jpg,5045626344058_4.jpg,5045626344058_5.jpg,5045626344058_6.jpg,5045626344058_7.jpg,5045626344058_11.jpg",active,Grey,8087281
5045626344263,5045626344058_1.jpg,"5045626344058_1.jpg,5045626344058_2.jpg,5045626344058_3.jpg,5045626344058_4.jpg,5045626344058_5.jpg,5045626344058_6.jpg,5045626344058_7.jpg,5045626344058_11.jpg",active,Grey,8087281
5045625962352,5045625962352_1.jpg,"5045625962352_1.jpg,5045625962352_2.jpg,5045625962352_3.jpg,5045625962352_4.jpg,5045625962352_5.jpg,5045625962352_11.jpg",active,Blue,8087272
5045625962383,5045625962352_1.jpg,"5045625962352_1.jpg,5045625962352_2.jpg,5045625962352_3.jpg,5045625962352_4.jpg,5045625962352_5.jpg,5045625962352_11.jpg",active,Blue,8087272
5045625962413,5045625962352_1.jpg,"5045625962352_1.jpg,5045625962352_2.jpg,5045625962352_3.jpg,5045625962352_4.jpg,5045625962352_5.jpg,5045625962352_11.jpg",active,Blue,8087272
5045625962444,5045625962352_1.jpg,"5045625962352_1.jpg,5045625962352_2.jpg,5045625962352_3.jpg,5045625962352_4.jpg,5045625962352_5.jpg,5045625962352_11.jpg",active,Blue,8087272
5045625962475,5045625962352_1.jpg,"5045625962352_1.jpg,5045625962352_2.jpg,5045625962352_3.jpg,5045625962352_4.jpg,5045625962352_5.jpg,5045625962352_11.jpg",active,Blue,8087272
5045625962505,5045625962352_1.jpg,"5045625962352_1.jpg,5045625962352_2.jpg,5045625962352_3.jpg,5045625962352_4.jpg,5045625962352_5.jpg,5045625962352_11.jpg",active,Blue,8087272
5045625962536,5045625962352_1.jpg,"5045625962352_1.jpg,5045625962352_2.jpg,5045625962352_3.jpg,5045625962352_4.jpg,5045625962352_5.jpg,5045625962352_11.jpg",active,Blue,8087272
5045625962567,5045625962352_1.jpg,"5045625962352_1.jpg,5045625962352_2.jpg,5045625962352_3.jpg,5045625962352_4.jpg,5045625962352_5.jpg,5045625962352_11.jpg",active,Blue,8087272
5045625962598,5045625962352_1.jpg,"5045625962352_1.jpg,5045625962352_2.jpg,5045625962352_3.jpg,5045625962352_4.jpg,5045625962352_5.jpg,5045625962352_11.jpg",active,Blue,8087272
5045626206585,5045626206585_1.jpg,"5045626206585_1.jpg,5045626206585_2.jpg,5045626206585_3.jpg,5045626206585_4.jpg,5045626206585_5.jpg,5045626206585_6.jpg,5045626206585_7.jpg,5045626206585_8.jpg,5045626206585_9.jpg,5045626206585_11.jpg",active,Brown,8089450
5045624510585,5045624510585_1.jpg,"5045624510585_1.jpg,5045624510585_2.jpg,5045624510585_3.jpg,5045624510585_4.jpg,5045624510585_5.jpg,5045624510585_6.jpg,5045624510585_7.jpg,5045624510585_11.jpg",active,Brown,7824250
5045624510615,5045624510585_1.jpg,"5045624510585_1.jpg,5045624510585_2.jpg,5045624510585_3.jpg,5045624510585_4.jpg,5045624510585_5.jpg,5045624510585_6.jpg,5045624510585_7.jpg,5045624510585_11.jpg",active,Brown,7824250
5045624510646,5045624510585_1.jpg,"5045624510585_1.jpg,5045624510585_2.jpg,5045624510585_3.jpg,5045624510585_4.jpg,5045624510585_5.jpg,5045624510585_6.jpg,5045624510585_7.jpg,5045624510585_11.jpg",active,Brown,7824250
5045624510677,5045624510585_1.jpg,"5045624510585_1.jpg,5045624510585_2.jpg,5045624510585_3.jpg,5045624510585_4.jpg,5045624510585_5.jpg,5045624510585_6.jpg,5045624510585_7.jpg,5045624510585_11.jpg",active,Brown,7824250
5045624510707,5045624510585_1.jpg,"5045624510585_1.jpg,5045624510585_2.jpg,5045624510585_3.jpg,5045624510585_4.jpg,5045624510585_5.jpg,5045624510585_6.jpg,5045624510585_7.jpg,5045624510585_11.jpg",active,Brown,7824250
5045624510738,5045624510585_1.jpg,"5045624510585_1.jpg,5045624510585_2.jpg,5045624510585_3.jpg,5045624510585_4.jpg,5045624510585_5.jpg,5045624510585_6.jpg,5045624510585_7.jpg,5045624510585_11.jpg",active,Brown,7824250
5045624510769,5045624510585_1.jpg,"5045624510585_1.jpg,5045624510585_2.jpg,5045624510585_3.jpg,5045624510585_4.jpg,5045624510585_5.jpg,5045624510585_6.jpg,5045624510585_7.jpg,5045624510585_11.jpg",active,Brown,7824250
5045626741314,5045626741314_1.jpg,"5045626741314_1.jpg,5045626741314_2.jpg,5045626741314_3.jpg,5045626741314_4.jpg,5045626741314_5.jpg,5045626741314_11.jpg",active,Black,8089249
5045626741345,5045626741314_1.jpg,"5045626741314_1.jpg,5045626741314_2.jpg,5045626741314_3.jpg,5045626741314_4.jpg,5045626741314_5.jpg,5045626741314_11.jpg",active,Black,8089249
5045626741376,5045626741314_1.jpg,"5045626741314_1.jpg,5045626741314_2.jpg,5045626741314_3.jpg,5045626741314_4.jpg,5045626741314_5.jpg,5045626741314_11.jpg",active,Black,8089249
5045626741406,5045626741314_1.jpg,"5045626741314_1.jpg,5045626741314_2.jpg,5045626741314_3.jpg,5045626741314_4.jpg,5045626741314_5.jpg,5045626741314_11.jpg",active,Black,8089249
5045626741437,5045626741314_1.jpg,"5045626741314_1.jpg,5045626741314_2.jpg,5045626741314_3.jpg,5045626741314_4.jpg,5045626741314_5.jpg,5045626741314_11.jpg",active,Black,8089249
5045626741468,5045626741314_1.jpg,"5045626741314_1.jpg,5045626741314_2.jpg,5045626741314_3.jpg,5045626741314_4.jpg,5045626741314_5.jpg,5045626741314_11.jpg",active,Black,8089249
5045626741499,5045626741314_1.jpg,"5045626741314_1.jpg,5045626741314_2.jpg,5045626741314_3.jpg,5045626741314_4.jpg,5045626741314_5.jpg,5045626741314_11.jpg",active,Black,8089249
5045626741529,5045626741314_1.jpg,"5045626741314_1.jpg,5045626741314_2.jpg,5045626741314_3.jpg,5045626741314_4.jpg,5045626741314_5.jpg,5045626741314_11.jpg",active,Black,8089249
5045625938548,5045625938548_1.jpg,"5045625938548_1.jpg,5045625938548_2.jpg,5045625938548_3.jpg,5045625938548_4.jpg,5045625938548_5.jpg,5045625938548_11.jpg",active,White,8087256
5045625938579,5045625938548_1.jpg,"5045625938548_1.jpg,5045625938548_2.jpg,5045625938548_3.jpg,5045625938548_4.jpg,5045625938548_5.jpg,5045625938548_11.jpg",active,White,8087256
5045625938609,5045625938548_1.jpg,"5045625938548_1.jpg,5045625938548_2.jpg,5045625938548_3.jpg,5045625938548_4.jpg,5045625938548_5.jpg,5045625938548_11.jpg",active,White,8087256
5045625938630,5045625938548_1.jpg,"5045625938548_1.jpg,5045625938548_2.jpg,5045625938548_3.jpg,5045625938548_4.jpg,5045625938548_5.jpg,5045625938548_11.jpg",active,White,8087256
5045625938661,5045625938548_1.jpg,"5045625938548_1.jpg,5045625938548_2.jpg,5045625938548_3.jpg,5045625938548_4.jpg,5045625938548_5.jpg,5045625938548_11.jpg",active,White,8087256
5045625938692,5045625938548_1.jpg,"5045625938548_1.jpg,5045625938548_2.jpg,5045625938548_3.jpg,5045625938548_4.jpg,5045625938548_5.jpg,5045625938548_11.jpg",active,White,8087256
5045625938722,5045625938548_1.jpg,"5045625938548_1.jpg,5045625938548_2.jpg,5045625938548_3.jpg,5045625938548_4.jpg,5045625938548_5.jpg,5045625938548_11.jpg",active,White,8087256
5045625938753,5045625938548_1.jpg,"5045625938548_1.jpg,5045625938548_2.jpg,5045625938548_3.jpg,5045625938548_4.jpg,5045625938548_5.jpg,5045625938548_11.jpg",active,White,8087256
5045625938784,5045625938548_1.jpg,"5045625938548_1.jpg,5045625938548_2.jpg,5045625938548_3.jpg,5045625938548_4.jpg,5045625938548_5.jpg,5045625938548_11.jpg",active,White,8087256
5045625821857,5045625821857_1.jpg,"5045625821857_1.jpg,5045625821857_2.jpg,5045625821857_3.jpg,5045625821857_4.jpg,5045625821857_5.jpg,5045625821857_6.jpg,5045625821857_7.jpg,5045625821857_8.jpg,5045625821857_9.jpg,5045625821857_10.jpg,5045625821857_11.jpg",inactive,Orange,8089259
5045626427454,5045626427454_1.jpg,"5045626427454_1.jpg,5045626427454_2.jpg,5045626427454_3.jpg,5045626427454_4.jpg,5045626427454_11.jpg",active,Blue,8087612
5045626427485,5045626427454_1.jpg,"5045626427454_1.jpg,5045626427454_2.jpg,5045626427454_3.jpg,5045626427454_4.jpg,5045626427454_11.jpg",active,Blue,8087612
5045626427515,5045626427454_1.jpg,"5045626427454_1.jpg,5045626427454_2.jpg,5045626427454_3.jpg,5045626427454_4.jpg,5045626427454_11.jpg",active,Blue,8087612
5045626427546,5045626427454_1.jpg,"5045626427454_1.jpg,5045626427454_2.jpg,5045626427454_3.jpg,5045626427454_4.jpg,5045626427454_11.jpg",active,Blue,8087612
5045626331416,5045626331416_1.jpg,"5045626331416_1.jpg,5045626331416_2.jpg,5045626331416_3.jpg,5045626331416_4.jpg,5045626331416_5.jpg,5045626331416_6.jpg,5045626331416_7.jpg,5045626331416_11.jpg",active,Blue,8087390
5045626331447,5045626331416_1.jpg,"5045626331416_1.jpg,5045626331416_2.jpg,5045626331416_3.jpg,5045626331416_4.jpg,5045626331416_5.jpg,5045626331416_6.jpg,5045626331416_7.jpg,5045626331416_11.jpg",active,Blue,8087390
5045626331478,5045626331416_1.jpg,"5045626331416_1.jpg,5045626331416_2.jpg,5045626331416_3.jpg,5045626331416_4.jpg,5045626331416_5.jpg,5045626331416_6.jpg,5045626331416_7.jpg,5045626331416_11.jpg",active,Blue,8087390
5045626331508,5045626331416_1.jpg,"5045626331416_1.jpg,5045626331416_2.jpg,5045626331416_3.jpg,5045626331416_4.jpg,5045626331416_5.jpg,5045626331416_6.jpg,5045626331416_7.jpg,5045626331416_11.jpg",active,Blue,8087390
5045626331539,5045626331416_1.jpg,"5045626331416_1.jpg,5045626331416_2.jpg,5045626331416_3.jpg,5045626331416_4.jpg,5045626331416_5.jpg,5045626331416_6.jpg,5045626331416_7.jpg,5045626331416_11.jpg",active,Blue,8087390
5045626331560,5045626331416_1.jpg,"5045626331416_1.jpg,5045626331416_2.jpg,5045626331416_3.jpg,5045626331416_4.jpg,5045626331416_5.jpg,5045626331416_6.jpg,5045626331416_7.jpg,5045626331416_11.jpg",active,Blue,8087390
5045626331591,5045626331416_1.jpg,"5045626331416_1.jpg,5045626331416_2.jpg,5045626331416_3.jpg,5045626331416_4.jpg,5045626331416_5.jpg,5045626331416_6.jpg,5045626331416_7.jpg,5045626331416_11.jpg",active,Blue,8087390
5045626741550,5045626741550_1.jpg,"5045626741550_1.jpg,5045626741550_2.jpg,5045626741550_3.jpg,5045626741550_4.jpg,5045626741550_5.jpg,5045626741550_11.jpg",active,Brown,8089308
5045626741581,5045626741550_1.jpg,"5045626741550_1.jpg,5045626741550_2.jpg,5045626741550_3.jpg,5045626741550_4.jpg,5045626741550_5.jpg,5045626741550_11.jpg",active,Brown,8089308
5045626741611,5045626741550_1.jpg,"5045626741550_1.jpg,5045626741550_2.jpg,5045626741550_3.jpg,5045626741550_4.jpg,5045626741550_5.jpg,5045626741550_11.jpg",active,Brown,8089308
5045626741642,5045626741550_1.jpg,"5045626741550_1.jpg,5045626741550_2.jpg,5045626741550_3.jpg,5045626741550_4.jpg,5045626741550_5.jpg,5045626741550_11.jpg",active,Brown,8089308
5045626741673,5045626741550_1.jpg,"5045626741550_1.jpg,5045626741550_2.jpg,5045626741550_3.jpg,5045626741550_4.jpg,5045626741550_5.jpg,5045626741550_11.jpg",active,Brown,8089308
5045626741703,5045626741550_1.jpg,"5045626741550_1.jpg,5045626741550_2.jpg,5045626741550_3.jpg,5045626741550_4.jpg,5045626741550_5.jpg,5045626741550_11.jpg",active,Brown,8089308
5045626741734,5045626741550_1.jpg,"5045626741550_1.jpg,5045626741550_2.jpg,5045626741550_3.jpg,5045626741550_4.jpg,5045626741550_5.jpg,5045626741550_11.jpg",active,Brown,8089308
5045626741765,5045626741550_1.jpg,"5045626741550_1.jpg,5045626741550_2.jpg,5045626741550_3.jpg,5045626741550_4.jpg,5045626741550_5.jpg,5045626741550_11.jpg",active,Brown,8089308
5045625953176,5045625953176_1.jpg,"5045625953176_1.jpg,5045625953176_2.jpg,5045625953176_3.jpg,5045625953176_4.jpg,5045625953176_5.jpg,5045625953176_6.jpg,5045625953176_7.jpg,5045625953176_8.jpg,5045625953176_11.jpg",inactive,Beige,8089411
5045626301433,5045626301433_1.jpg,"5045626301433_1.jpg,5045626301433_2.jpg,5045626301433_3.jpg,5045626301433_4.jpg,5045626301433_5.jpg,5045626301433_11.jpg",active,Miscellaneous,8089320
5045625678895,5045625678895_1.jpg,"5045625678895_1.jpg,5045625678895_2.jpg,5045625678895_3.jpg,5045625678895_4.jpg,5045625678895_5.jpg,5045625678895_6.jpg,5045625678895_11.jpg",inactive,Beige,8087532
5045627364932,5045627364932_1.jpg,"5045627364932_1.jpg,5045627364932_2.jpg,5045627364932_3.jpg,5045627364932_11.jpg",active,Pink,8089448
5045559093856,5045559093856_1.jpg,"5045559093856_1.jpg,5045559093856_2.jpg,5045559093856_3.jpg,5045559093856_4.jpg,5045559093856_5.jpg,5045559093856_6.jpg,5045559093856_7.jpg,5045559093856_11.jpg",inactive,Blue,8087377
5045559093887,5045559093856_1.jpg,"5045559093856_1.jpg,5045559093856_2.jpg,5045559093856_3.jpg,5045559093856_4.jpg,5045559093856_5.jpg,5045559093856_6.jpg,5045559093856_7.jpg,5045559093856_11.jpg",inactive,Blue,8087377
5045559093917,5045559093856_1.jpg,"5045559093856_1.jpg,5045559093856_2.jpg,5045559093856_3.jpg,5045559093856_4.jpg,5045559093856_5.jpg,5045559093856_6.jpg,5045559093856_7.jpg,5045559093856_11.jpg",inactive,Blue,8087377
5045559093948,5045559093856_1.jpg,"5045559093856_1.jpg,5045559093856_2.jpg,5045559093856_3.jpg,5045559093856_4.jpg,5045559093856_5.jpg,5045559093856_6.jpg,5045559093856_7.jpg,5045559093856_11.jpg",inactive,Blue,8087377
5045559093979,5045559093856_1.jpg,"5045559093856_1.jpg,5045559093856_2.jpg,5045559093856_3.jpg,5045559093856_4.jpg,5045559093856_5.jpg,5045559093856_6.jpg,5045559093856_7.jpg,5045559093856_11.jpg",inactive,Blue,8087377
5045559094006,5045559093856_1.jpg,"5045559093856_1.jpg,5045559093856_2.jpg,5045559093856_3.jpg,5045559093856_4.jpg,5045559093856_5.jpg,5045559093856_6.jpg,5045559093856_7.jpg,5045559093856_11.jpg",inactive,Blue,8087377
5045559094037,5045559093856_1.jpg,"5045559093856_1.jpg,5045559093856_2.jpg,5045559093856_3.jpg,5045559093856_4.jpg,5045559093856_5.jpg,5045559093856_6.jpg,5045559093856_7.jpg,5045559093856_11.jpg",inactive,Blue,8087377
5045620524500,5045559093856_1.jpg,"5045559093856_1.jpg,5045559093856_2.jpg,5045559093856_3.jpg,5045559093856_4.jpg,5045559093856_5.jpg,5045559093856_6.jpg,5045559093856_7.jpg,5045559093856_11.jpg",inactive,Blue,8087377
5045626196428,5045626196428_1.jpg,"5045626196428_1.jpg,5045626196428_2.jpg,5045626196428_3.jpg,5045626196428_4.jpg,5045626196428_5.jpg,5045626196428_6.jpg,5045626196428_7.jpg,5045626196428_11.jpg",active,Brown,8087392
5045626196459,5045626196428_1.jpg,"5045626196428_1.jpg,5045626196428_2.jpg,5045626196428_3.jpg,5045626196428_4.jpg,5045626196428_5.jpg,5045626196428_6.jpg,5045626196428_7.jpg,5045626196428_11.jpg",active,Brown,8087392
5045626196480,5045626196428_1.jpg,"5045626196428_1.jpg,5045626196428_2.jpg,5045626196428_3.jpg,5045626196428_4.jpg,5045626196428_5.jpg,5045626196428_6.jpg,5045626196428_7.jpg,5045626196428_11.jpg",active,Brown,8087392
5045626196510,5045626196428_1.jpg,"5045626196428_1.jpg,5045626196428_2.jpg,5045626196428_3.jpg,5045626196428_4.jpg,5045626196428_5.jpg,5045626196428_6.jpg,5045626196428_7.jpg,5045626196428_11.jpg",active,Brown,8087392
5045626196541,5045626196428_1.jpg,"5045626196428_1.jpg,5045626196428_2.jpg,5045626196428_3.jpg,5045626196428_4.jpg,5045626196428_5.jpg,5045626196428_6.jpg,5045626196428_7.jpg,5045626196428_11.jpg",active,Brown,8087392
5045626196572,5045626196428_1.jpg,"5045626196428_1.jpg,5045626196428_2.jpg,5045626196428_3.jpg,5045626196428_4.jpg,5045626196428_5.jpg,5045626196428_6.jpg,5045626196428_7.jpg,5045626196428_11.jpg",active,Brown,8087392
5045626196602,5045626196428_1.jpg,"5045626196428_1.jpg,5045626196428_2.jpg,5045626196428_3.jpg,5045626196428_4.jpg,5045626196428_5.jpg,5045626196428_6.jpg,5045626196428_7.jpg,5045626196428_11.jpg",active,Brown,8087392
5045627408353,5045627408353_1.jpg,"5045627408353_1.jpg,5045627408353_2.jpg,5045627408353_3.jpg,5045627408353_4.jpg,5045627408353_5.jpg,5045627408353_11.jpg",active,Pink,8089260
5045626192017,5045626192017_1.jpg,"5045626192017_1.jpg,5045626192017_2.jpg,5045626192017_3.jpg,5045626192017_4.jpg,5045626192017_5.jpg,5045626192017_6.jpg,5045626192017_11.jpg",active,Brown,8087325
5045626192048,5045626192017_1.jpg,"5045626192017_1.jpg,5045626192017_2.jpg,5045626192017_3.jpg,5045626192017_4.jpg,5045626192017_5.jpg,5045626192017_6.jpg,5045626192017_11.jpg",active,Brown,8087325
5045626192079,5045626192017_1.jpg,"5045626192017_1.jpg,5045626192017_2.jpg,5045626192017_3.jpg,5045626192017_4.jpg,5045626192017_5.jpg,5045626192017_6.jpg,5045626192017_11.jpg",active,Brown,8087325
5045626192109,5045626192017_1.jpg,"5045626192017_1.jpg,5045626192017_2.jpg,5045626192017_3.jpg,5045626192017_4.jpg,5045626192017_5.jpg,5045626192017_6.jpg,5045626192017_11.jpg",active,Brown,8087325
5045626192130,5045626192017_1.jpg,"5045626192017_1.jpg,5045626192017_2.jpg,5045626192017_3.jpg,5045626192017_4.jpg,5045626192017_5.jpg,5045626192017_6.jpg,5045626192017_11.jpg",active,Brown,8087325
5045626192161,5045626192017_1.jpg,"5045626192017_1.jpg,5045626192017_2.jpg,5045626192017_3.jpg,5045626192017_4.jpg,5045626192017_5.jpg,5045626192017_6.jpg,5045626192017_11.jpg",active,Brown,8087325
5045626192192,5045626192017_1.jpg,"5045626192017_1.jpg,5045626192017_2.jpg,5045626192017_3.jpg,5045626192017_4.jpg,5045626192017_5.jpg,5045626192017_6.jpg,5045626192017_11.jpg",active,Brown,8087325
5045622387462,5045622387462_1.jpg,"5045622387462_1.jpg,5045622387462_2.jpg,5045622387462_3.jpg,5045622387462_4.jpg,5045622387462_5.jpg,5045622387462_6.jpg,5045622387462_7.jpg,5045622387462_8.jpg,5045622387462_9.jpg,5045622387462_11.jpg",active,Brown,8089322
5045622115980,5045622115980_1.jpg,"5045622115980_1.jpg,5045622115980_2.jpg,5045622115980_3.jpg,5045622115980_4.jpg,5045622115980_5.jpg,5045622115980_6.jpg,5045622115980_7.jpg,5045622115980_8.jpg,5045622115980_9.jpg,5045622115980_11.jpg",active,Black,8087410
5045622116017,5045622115980_1.jpg,"5045622115980_1.jpg,5045622115980_2.jpg,5045622115980_3.jpg,5045622115980_4.jpg,5045622115980_5.jpg,5045622115980_6.jpg,5045622115980_7.jpg,5045622115980_8.jpg,5045622115980_9.jpg,5045622115980_11.jpg",active,Black,8087410
5045622116048,5045622115980_1.jpg,"5045622115980_1.jpg,5045622115980_2.jpg,5045622115980_3.jpg,5045622115980_4.jpg,5045622115980_5.jpg,5045622115980_6.jpg,5045622115980_7.jpg,5045622115980_8.jpg,5045622115980_9.jpg,5045622115980_11.jpg",active,Black,8087410
5045622116079,5045622115980_1.jpg,"5045622115980_1.jpg,5045622115980_2.jpg,5045622115980_3.jpg,5045622115980_4.jpg,5045622115980_5.jpg,5045622115980_6.jpg,5045622115980_7.jpg,5045622115980_8.jpg,5045622115980_9.jpg,5045622115980_11.jpg",active,Black,8087410
5045622116109,5045622115980_1.jpg,"5045622115980_1.jpg,5045622115980_2.jpg,5045622115980_3.jpg,5045622115980_4.jpg,5045622115980_5.jpg,5045622115980_6.jpg,5045622115980_7.jpg,5045622115980_8.jpg,5045622115980_9.jpg,5045622115980_11.jpg",active,Black,8087410
5045622116130,5045622115980_1.jpg,"5045622115980_1.jpg,5045622115980_2.jpg,5045622115980_3.jpg,5045622115980_4.jpg,5045622115980_5.jpg,5045622115980_6.jpg,5045622115980_7.jpg,5045622115980_8.jpg,5045622115980_9.jpg,5045622115980_11.jpg",active,Black,8087410
5045622116161,5045622115980_1.jpg,"5045622115980_1.jpg,5045622115980_2.jpg,5045622115980_3.jpg,5045622115980_4.jpg,5045622115980_5.jpg,5045622115980_6.jpg,5045622115980_7.jpg,5045622115980_8.jpg,5045622115980_9.jpg,5045622115980_11.jpg",active,Black,8087410
5045625851649,5045625851649_1.jpg,"5045625851649_1.jpg,5045625851649_2.jpg,5045625851649_3.jpg,5045625851649_4.jpg,5045625851649_5.jpg,5045625851649_6.jpg,5045625851649_11.jpg",active,Black,8087604
5045625851670,5045625851649_1.jpg,"5045625851649_1.jpg,5045625851649_2.jpg,5045625851649_3.jpg,5045625851649_4.jpg,5045625851649_5.jpg,5045625851649_6.jpg,5045625851649_11.jpg",active,Black,8087604
5045625851700,5045625851649_1.jpg,"5045625851649_1.jpg,5045625851649_2.jpg,5045625851649_3.jpg,5045625851649_4.jpg,5045625851649_5.jpg,5045625851649_6.jpg,5045625851649_11.jpg",active,Black,8087604
5045625851731,5045625851649_1.jpg,"5045625851649_1.jpg,5045625851649_2.jpg,5045625851649_3.jpg,5045625851649_4.jpg,5045625851649_5.jpg,5045625851649_6.jpg,5045625851649_11.jpg",active,Black,8087604
5045625851762,5045625851649_1.jpg,"5045625851649_1.jpg,5045625851649_2.jpg,5045625851649_3.jpg,5045625851649_4.jpg,5045625851649_5.jpg,5045625851649_6.jpg,5045625851649_11.jpg",active,Black,8087604
5045625851793,5045625851649_1.jpg,"5045625851649_1.jpg,5045625851649_2.jpg,5045625851649_3.jpg,5045625851649_4.jpg,5045625851649_5.jpg,5045625851649_6.jpg,5045625851649_11.jpg",active,Black,8087604
5045625851823,5045625851649_1.jpg,"5045625851649_1.jpg,5045625851649_2.jpg,5045625851649_3.jpg,5045625851649_4.jpg,5045625851649_5.jpg,5045625851649_6.jpg,5045625851649_11.jpg",active,Black,8087604
5045625851854,5045625851649_1.jpg,"5045625851649_1.jpg,5045625851649_2.jpg,5045625851649_3.jpg,5045625851649_4.jpg,5045625851649_5.jpg,5045625851649_6.jpg,5045625851649_11.jpg",active,Black,8087604
5045625851885,5045625851649_1.jpg,"5045625851649_1.jpg,5045625851649_2.jpg,5045625851649_3.jpg,5045625851649_4.jpg,5045625851649_5.jpg,5045625851649_6.jpg,5045625851649_11.jpg",active,Black,8087604
5045625851915,5045625851649_1.jpg,"5045625851649_1.jpg,5045625851649_2.jpg,5045625851649_3.jpg,5045625851649_4.jpg,5045625851649_5.jpg,5045625851649_6.jpg,5045625851649_11.jpg",active,Black,8087604
5045625851946,5045625851649_1.jpg,"5045625851649_1.jpg,5045625851649_2.jpg,5045625851649_3.jpg,5045625851649_4.jpg,5045625851649_5.jpg,5045625851649_6.jpg,5045625851649_11.jpg",active,Black,8087604
5045625851977,5045625851649_1.jpg,"5045625851649_1.jpg,5045625851649_2.jpg,5045625851649_3.jpg,5045625851649_4.jpg,5045625851649_5.jpg,5045625851649_6.jpg,5045625851649_11.jpg",active,Black,8087604
5045625852004,5045625851649_1.jpg,"5045625851649_1.jpg,5045625851649_2.jpg,5045625851649_3.jpg,5045625851649_4.jpg,5045625851649_5.jpg,5045625851649_6.jpg,5045625851649_11.jpg",active,Black,8087604
5045627547625,5045627547625_1.jpg,"5045627547625_1.jpg,5045627547625_2.jpg,5045627547625_3.jpg,5045627547625_4.jpg,5045627547625_5.jpg,5045627547625_6.jpg,5045627547625_7.jpg,5045627547625_8.jpg,5045627547625_11.jpg",active,Red,8089408
5045626773520,5045626773520_1.jpg,"5045626773520_1.jpg,5045626773520_2.jpg,5045626773520_3.jpg,5045626773520_4.jpg,5045626773520_5.jpg,5045626773520_6.jpg,5045626773520_11.jpg",active,Beige,8087602
5045626773551,5045626773520_1.jpg,"5045626773520_1.jpg,5045626773520_2.jpg,5045626773520_3.jpg,5045626773520_4.jpg,5045626773520_5.jpg,5045626773520_6.jpg,5045626773520_11.jpg",active,Beige,8087602
5045626773582,5045626773520_1.jpg,"5045626773520_1.jpg,5045626773520_2.jpg,5045626773520_3.jpg,5045626773520_4.jpg,5045626773520_5.jpg,5045626773520_6.jpg,5045626773520_11.jpg",active,Beige,8087602
5045626773612,5045626773520_1.jpg,"5045626773520_1.jpg,5045626773520_2.jpg,5045626773520_3.jpg,5045626773520_4.jpg,5045626773520_5.jpg,5045626773520_6.jpg,5045626773520_11.jpg",active,Beige,8087602
5045626773643,5045626773520_1.jpg,"5045626773520_1.jpg,5045626773520_2.jpg,5045626773520_3.jpg,5045626773520_4.jpg,5045626773520_5.jpg,5045626773520_6.jpg,5045626773520_11.jpg",active,Beige,8087602
5045626773674,5045626773520_1.jpg,"5045626773520_1.jpg,5045626773520_2.jpg,5045626773520_3.jpg,5045626773520_4.jpg,5045626773520_5.jpg,5045626773520_6.jpg,5045626773520_11.jpg",active,Beige,8087602
5045626773704,5045626773520_1.jpg,"5045626773520_1.jpg,5045626773520_2.jpg,5045626773520_3.jpg,5045626773520_4.jpg,5045626773520_5.jpg,5045626773520_6.jpg,5045626773520_11.jpg",active,Beige,8087602
5045626773735,5045626773520_1.jpg,"5045626773520_1.jpg,5045626773520_2.jpg,5045626773520_3.jpg,5045626773520_4.jpg,5045626773520_5.jpg,5045626773520_6.jpg,5045626773520_11.jpg",active,Beige,8087602
5045626773766,5045626773520_1.jpg,"5045626773520_1.jpg,5045626773520_2.jpg,5045626773520_3.jpg,5045626773520_4.jpg,5045626773520_5.jpg,5045626773520_6.jpg,5045626773520_11.jpg",active,Beige,8087602
5045626773797,5045626773520_1.jpg,"5045626773520_1.jpg,5045626773520_2.jpg,5045626773520_3.jpg,5045626773520_4.jpg,5045626773520_5.jpg,5045626773520_6.jpg,5045626773520_11.jpg",active,Beige,8087602
5045626773827,5045626773520_1.jpg,"5045626773520_1.jpg,5045626773520_2.jpg,5045626773520_3.jpg,5045626773520_4.jpg,5045626773520_5.jpg,5045626773520_6.jpg,5045626773520_11.jpg",active,Beige,8087602
5045626773858,5045626773520_1.jpg,"5045626773520_1.jpg,5045626773520_2.jpg,5045626773520_3.jpg,5045626773520_4.jpg,5045626773520_5.jpg,5045626773520_6.jpg,5045626773520_11.jpg",active,Beige,8087602
5045626773889,5045626773520_1.jpg,"5045626773520_1.jpg,5045626773520_2.jpg,5045626773520_3.jpg,5045626773520_4.jpg,5045626773520_5.jpg,5045626773520_6.jpg,5045626773520_11.jpg",active,Beige,8087602
5045623380196,5045623380196_1.jpg,"5045623380196_1.jpg,5045623380196_2.jpg,5045623380196_3.jpg,5045623380196_4.jpg,5045623380196_5.jpg,5045623380196_6.jpg,5045623380196_7.jpg,5045623380196_8.jpg,5045623380196_9.jpg,5045623380196_11.jpg",active,Black,8087607
5045623380226,5045623380196_1.jpg,"5045623380196_1.jpg,5045623380196_2.jpg,5045623380196_3.jpg,5045623380196_4.jpg,5045623380196_5.jpg,5045623380196_6.jpg,5045623380196_7.jpg,5045623380196_8.jpg,5045623380196_9.jpg,5045623380196_11.jpg",active,Black,8087607
5045623380257,5045623380196_1.jpg,"5045623380196_1.jpg,5045623380196_2.jpg,5045623380196_3.jpg,5045623380196_4.jpg,5045623380196_5.jpg,5045623380196_6.jpg,5045623380196_7.jpg,5045623380196_8.jpg,5045623380196_9.jpg,5045623380196_11.jpg",active,Black,8087607
5045623380288,5045623380196_1.jpg,"5045623380196_1.jpg,5045623380196_2.jpg,5045623380196_3.jpg,5045623380196_4.jpg,5045623380196_5.jpg,5045623380196_6.jpg,5045623380196_7.jpg,5045623380196_8.jpg,5045623380196_9.jpg,5045623380196_11.jpg",active,Black,8087607
5045623380318,5045623380196_1.jpg,"5045623380196_1.jpg,5045623380196_2.jpg,5045623380196_3.jpg,5045623380196_4.jpg,5045623380196_5.jpg,5045623380196_6.jpg,5045623380196_7.jpg,5045623380196_8.jpg,5045623380196_9.jpg,5045623380196_11.jpg",active,Black,8087607
5045623380349,5045623380196_1.jpg,"5045623380196_1.jpg,5045623380196_2.jpg,5045623380196_3.jpg,5045623380196_4.jpg,5045623380196_5.jpg,5045623380196_6.jpg,5045623380196_7.jpg,5045623380196_8.jpg,5045623380196_9.jpg,5045623380196_11.jpg",active,Black,8087607
5045623380370,5045623380196_1.jpg,"5045623380196_1.jpg,5045623380196_2.jpg,5045623380196_3.jpg,5045623380196_4.jpg,5045623380196_5.jpg,5045623380196_6.jpg,5045623380196_7.jpg,5045623380196_8.jpg,5045623380196_9.jpg,5045623380196_11.jpg",active,Black,8087607
5045623380400,5045623380196_1.jpg,"5045623380196_1.jpg,5045623380196_2.jpg,5045623380196_3.jpg,5045623380196_4.jpg,5045623380196_5.jpg,5045623380196_6.jpg,5045623380196_7.jpg,5045623380196_8.jpg,5045623380196_9.jpg,5045623380196_11.jpg",active,Black,8087607
5045623380431,5045623380196_1.jpg,"5045623380196_1.jpg,5045623380196_2.jpg,5045623380196_3.jpg,5045623380196_4.jpg,5045623380196_5.jpg,5045623380196_6.jpg,5045623380196_7.jpg,5045623380196_8.jpg,5045623380196_9.jpg,5045623380196_11.jpg",active,Black,8087607
5045623380462,5045623380196_1.jpg,"5045623380196_1.jpg,5045623380196_2.jpg,5045623380196_3.jpg,5045623380196_4.jpg,5045623380196_5.jpg,5045623380196_6.jpg,5045623380196_7.jpg,5045623380196_8.jpg,5045623380196_9.jpg,5045623380196_11.jpg",active,Black,8087607
5045623380493,5045623380196_1.jpg,"5045623380196_1.jpg,5045623380196_2.jpg,5045623380196_3.jpg,5045623380196_4.jpg,5045623380196_5.jpg,5045623380196_6.jpg,5045623380196_7.jpg,5045623380196_8.jpg,5045623380196_9.jpg,5045623380196_11.jpg",active,Black,8087607
5045623380523,5045623380196_1.jpg,"5045623380196_1.jpg,5045623380196_2.jpg,5045623380196_3.jpg,5045623380196_4.jpg,5045623380196_5.jpg,5045623380196_6.jpg,5045623380196_7.jpg,5045623380196_8.jpg,5045623380196_9.jpg,5045623380196_11.jpg",active,Black,8087607
5045623380554,5045623380196_1.jpg,"5045623380196_1.jpg,5045623380196_2.jpg,5045623380196_3.jpg,5045623380196_4.jpg,5045623380196_5.jpg,5045623380196_6.jpg,5045623380196_7.jpg,5045623380196_8.jpg,5045623380196_9.jpg,5045623380196_11.jpg",active,Black,8087607
5045623380585,5045623380196_1.jpg,"5045623380196_1.jpg,5045623380196_2.jpg,5045623380196_3.jpg,5045623380196_4.jpg,5045623380196_5.jpg,5045623380196_6.jpg,5045623380196_7.jpg,5045623380196_8.jpg,5045623380196_9.jpg,5045623380196_11.jpg",active,Black,8087607
5045623380615,5045623380196_1.jpg,"5045623380196_1.jpg,5045623380196_2.jpg,5045623380196_3.jpg,5045623380196_4.jpg,5045623380196_5.jpg,5045623380196_6.jpg,5045623380196_7.jpg,5045623380196_8.jpg,5045623380196_9.jpg,5045623380196_11.jpg",active,Black,8087607
5045623380646,5045623380196_1.jpg,"5045623380196_1.jpg,5045623380196_2.jpg,5045623380196_3.jpg,5045623380196_4.jpg,5045623380196_5.jpg,5045623380196_6.jpg,5045623380196_7.jpg,5045623380196_8.jpg,5045623380196_9.jpg,5045623380196_11.jpg",active,Black,8087607
5045623380677,5045623380196_1.jpg,"5045623380196_1.jpg,5045623380196_2.jpg,5045623380196_3.jpg,5045623380196_4.jpg,5045623380196_5.jpg,5045623380196_6.jpg,5045623380196_7.jpg,5045623380196_8.jpg,5045623380196_9.jpg,5045623380196_11.jpg",active,Black,8087607
5045623380707,5045623380196_1.jpg,"5045623380196_1.jpg,5045623380196_2.jpg,5045623380196_3.jpg,5045623380196_4.jpg,5045623380196_5.jpg,5045623380196_6.jpg,5045623380196_7.jpg,5045623380196_8.jpg,5045623380196_9.jpg,5045623380196_11.jpg",active,Black,8087607
5045623380738,5045623380196_1.jpg,"5045623380196_1.jpg,5045623380196_2.jpg,5045623380196_3.jpg,5045623380196_4.jpg,5045623380196_5.jpg,5045623380196_6.jpg,5045623380196_7.jpg,5045623380196_8.jpg,5045623380196_9.jpg,5045623380196_11.jpg",active,Black,8087607
5045623380769,5045623380196_1.jpg,"5045623380196_1.jpg,5045623380196_2.jpg,5045623380196_3.jpg,5045623380196_4.jpg,5045623380196_5.jpg,5045623380196_6.jpg,5045623380196_7.jpg,5045623380196_8.jpg,5045623380196_9.jpg,5045623380196_11.jpg",active,Black,8087607
5045623908932,5045623380196_1.jpg,"5045623380196_1.jpg,5045623380196_2.jpg,5045623380196_3.jpg,5045623380196_4.jpg,5045623380196_5.jpg,5045623380196_6.jpg,5045623380196_7.jpg,5045623380196_8.jpg,5045623380196_9.jpg,5045623380196_11.jpg",active,Black,8087607
5045621568176,5045621568176_1.jpg,"5045621568176_1.jpg,5045621568176_2.jpg,5045621568176_3.jpg,5045621568176_4.jpg,5045621568176_5.jpg,5045621568176_6.jpg,5045621568176_7.jpg,5045621568176_8.jpg,5045621568176_11.jpg",active,Beige,8087597
5045621568206,5045621568176_1.jpg,"5045621568176_1.jpg,5045621568176_2.jpg,5045621568176_3.jpg,5045621568176_4.jpg,5045621568176_5.jpg,5045621568176_6.jpg,5045621568176_7.jpg,5045621568176_8.jpg,5045621568176_11.jpg",active,Beige,8087597
5045621568237,5045621568176_1.jpg,"5045621568176_1.jpg,5045621568176_2.jpg,5045621568176_3.jpg,5045621568176_4.jpg,5045621568176_5.jpg,5045621568176_6.jpg,5045621568176_7.jpg,5045621568176_8.jpg,5045621568176_11.jpg",active,Beige,8087597
5045621568268,5045621568176_1.jpg,"5045621568176_1.jpg,5045621568176_2.jpg,5045621568176_3.jpg,5045621568176_4.jpg,5045621568176_5.jpg,5045621568176_6.jpg,5045621568176_7.jpg,5045621568176_8.jpg,5045621568176_11.jpg",active,Beige,8087597
5045621568299,5045621568176_1.jpg,"5045621568176_1.jpg,5045621568176_2.jpg,5045621568176_3.jpg,5045621568176_4.jpg,5045621568176_5.jpg,5045621568176_6.jpg,5045621568176_7.jpg,5045621568176_8.jpg,5045621568176_11.jpg",active,Beige,8087597
5045621568329,5045621568176_1.jpg,"5045621568176_1.jpg,5045621568176_2.jpg,5045621568176_3.jpg,5045621568176_4.jpg,5045621568176_5.jpg,5045621568176_6.jpg,5045621568176_7.jpg,5045621568176_8.jpg,5045621568176_11.jpg",active,Beige,8087597
5045621568350,5045621568176_1.jpg,"5045621568176_1.jpg,5045621568176_2.jpg,5045621568176_3.jpg,5045621568176_4.jpg,5045621568176_5.jpg,5045621568176_6.jpg,5045621568176_7.jpg,5045621568176_8.jpg,5045621568176_11.jpg",active,Beige,8087597
5045621568381,5045621568176_1.jpg,"5045621568176_1.jpg,5045621568176_2.jpg,5045621568176_3.jpg,5045621568176_4.jpg,5045621568176_5.jpg,5045621568176_6.jpg,5045621568176_7.jpg,5045621568176_8.jpg,5045621568176_11.jpg",active,Beige,8087597
5045621568411,5045621568176_1.jpg,"5045621568176_1.jpg,5045621568176_2.jpg,5045621568176_3.jpg,5045621568176_4.jpg,5045621568176_5.jpg,5045621568176_6.jpg,5045621568176_7.jpg,5045621568176_8.jpg,5045621568176_11.jpg",active,Beige,8087597
5045621568442,5045621568176_1.jpg,"5045621568176_1.jpg,5045621568176_2.jpg,5045621568176_3.jpg,5045621568176_4.jpg,5045621568176_5.jpg,5045621568176_6.jpg,5045621568176_7.jpg,5045621568176_8.jpg,5045621568176_11.jpg",active,Beige,8087597
5045621568473,5045621568176_1.jpg,"5045621568176_1.jpg,5045621568176_2.jpg,5045621568176_3.jpg,5045621568176_4.jpg,5045621568176_5.jpg,5045621568176_6.jpg,5045621568176_7.jpg,5045621568176_8.jpg,5045621568176_11.jpg",active,Beige,8087597
5045621568503,5045621568176_1.jpg,"5045621568176_1.jpg,5045621568176_2.jpg,5045621568176_3.jpg,5045621568176_4.jpg,5045621568176_5.jpg,5045621568176_6.jpg,5045621568176_7.jpg,5045621568176_8.jpg,5045621568176_11.jpg",active,Beige,8087597
5045621568534,5045621568176_1.jpg,"5045621568176_1.jpg,5045621568176_2.jpg,5045621568176_3.jpg,5045621568176_4.jpg,5045621568176_5.jpg,5045621568176_6.jpg,5045621568176_7.jpg,5045621568176_8.jpg,5045621568176_11.jpg",active,Beige,8087597
5045621568565,5045621568176_1.jpg,"5045621568176_1.jpg,5045621568176_2.jpg,5045621568176_3.jpg,5045621568176_4.jpg,5045621568176_5.jpg,5045621568176_6.jpg,5045621568176_7.jpg,5045621568176_8.jpg,5045621568176_11.jpg",active,Beige,8087597
5045621568596,5045621568176_1.jpg,"5045621568176_1.jpg,5045621568176_2.jpg,5045621568176_3.jpg,5045621568176_4.jpg,5045621568176_5.jpg,5045621568176_6.jpg,5045621568176_7.jpg,5045621568176_8.jpg,5045621568176_11.jpg",active,Beige,8087597
5045621568626,5045621568176_1.jpg,"5045621568176_1.jpg,5045621568176_2.jpg,5045621568176_3.jpg,5045621568176_4.jpg,5045621568176_5.jpg,5045621568176_6.jpg,5045621568176_7.jpg,5045621568176_8.jpg,5045621568176_11.jpg",active,Beige,8087597
5045621568657,5045621568176_1.jpg,"5045621568176_1.jpg,5045621568176_2.jpg,5045621568176_3.jpg,5045621568176_4.jpg,5045621568176_5.jpg,5045621568176_6.jpg,5045621568176_7.jpg,5045621568176_8.jpg,5045621568176_11.jpg",active,Beige,8087597
5045621568688,5045621568176_1.jpg,"5045621568176_1.jpg,5045621568176_2.jpg,5045621568176_3.jpg,5045621568176_4.jpg,5045621568176_5.jpg,5045621568176_6.jpg,5045621568176_7.jpg,5045621568176_8.jpg,5045621568176_11.jpg",active,Beige,8087597
5045621568718,5045621568176_1.jpg,"5045621568176_1.jpg,5045621568176_2.jpg,5045621568176_3.jpg,5045621568176_4.jpg,5045621568176_5.jpg,5045621568176_6.jpg,5045621568176_7.jpg,5045621568176_8.jpg,5045621568176_11.jpg",active,Beige,8087597
5045621568749,5045621568176_1.jpg,"5045621568176_1.jpg,5045621568176_2.jpg,5045621568176_3.jpg,5045621568176_4.jpg,5045621568176_5.jpg,5045621568176_6.jpg,5045621568176_7.jpg,5045621568176_8.jpg,5045621568176_11.jpg",active,Beige,8087597
5045621568770,5045621568176_1.jpg,"5045621568176_1.jpg,5045621568176_2.jpg,5045621568176_3.jpg,5045621568176_4.jpg,5045621568176_5.jpg,5045621568176_6.jpg,5045621568176_7.jpg,5045621568176_8.jpg,5045621568176_11.jpg",active,Beige,8087597
5045621568800,5045621568176_1.jpg,"5045621568176_1.jpg,5045621568176_2.jpg,5045621568176_3.jpg,5045621568176_4.jpg,5045621568176_5.jpg,5045621568176_6.jpg,5045621568176_7.jpg,5045621568176_8.jpg,5045621568176_11.jpg",active,Beige,8087597
5045621568831,5045621568176_1.jpg,"5045621568176_1.jpg,5045621568176_2.jpg,5045621568176_3.jpg,5045621568176_4.jpg,5045621568176_5.jpg,5045621568176_6.jpg,5045621568176_7.jpg,5045621568176_8.jpg,5045621568176_11.jpg",active,Beige,8087597
5045626108834,5045626108834_1.jpg,"5045626108834_1.jpg,5045626108834_2.jpg,5045626108834_3.jpg,5045626108834_4.jpg,5045626108834_5.jpg,5045626108834_11.jpg",active,Blue,8087448
5045626108865,5045626108834_1.jpg,"5045626108834_1.jpg,5045626108834_2.jpg,5045626108834_3.jpg,5045626108834_4.jpg,5045626108834_5.jpg,5045626108834_11.jpg",active,Blue,8087448
5045626108896,5045626108834_1.jpg,"5045626108834_1.jpg,5045626108834_2.jpg,5045626108834_3.jpg,5045626108834_4.jpg,5045626108834_5.jpg,5045626108834_11.jpg",active,Blue,8087448
5045626108926,5045626108834_1.jpg,"5045626108834_1.jpg,5045626108834_2.jpg,5045626108834_3.jpg,5045626108834_4.jpg,5045626108834_5.jpg,5045626108834_11.jpg",active,Blue,8087448
5045553779794,5045553779794_1.jpg,"5045553779794_1.jpg,5045553779794_2.jpg,5045553779794_3.jpg,5045553779794_4.jpg,5045553779794_5.jpg,5045553779794_6.jpg,5045553779794_7.jpg,5045553779794_8.jpg,5045553779794_9.jpg,5045553779794_10.jpg,5045553779794_11.jpg",active,Black,8087537
5045553779824,5045553779794_1.jpg,"5045553779794_1.jpg,5045553779794_2.jpg,5045553779794_3.jpg,5045553779794_4.jpg,5045553779794_5.jpg,5045553779794_6.jpg,5045553779794_7.jpg,5045553779794_8.jpg,5045553779794_9.jpg,5045553779794_10.jpg,5045553779794_11.jpg",active,Black,8087537
5045553779855,5045553779794_1.jpg,"5045553779794_1.jpg,5045553779794_2.jpg,5045553779794_3.jpg,5045553779794_4.jpg,5045553779794_5.jpg,5045553779794_6.jpg,5045553779794_7.jpg,5045553779794_8.jpg,5045553779794_9.jpg,5045553779794_10.jpg,5045553779794_11.jpg",active,Black,8087537
5045553779886,5045553779794_1.jpg,"5045553779794_1.jpg,5045553779794_2.jpg,5045553779794_3.jpg,5045553779794_4.jpg,5045553779794_5.jpg,5045553779794_6.jpg,5045553779794_7.jpg,5045553779794_8.jpg,5045553779794_9.jpg,5045553779794_10.jpg,5045553779794_11.jpg",active,Black,8087537
5045553779916,5045553779794_1.jpg,"5045553779794_1.jpg,5045553779794_2.jpg,5045553779794_3.jpg,5045553779794_4.jpg,5045553779794_5.jpg,5045553779794_6.jpg,5045553779794_7.jpg,5045553779794_8.jpg,5045553779794_9.jpg,5045553779794_10.jpg,5045553779794_11.jpg",active,Black,8087537
5045553779947,5045553779794_1.jpg,"5045553779794_1.jpg,5045553779794_2.jpg,5045553779794_3.jpg,5045553779794_4.jpg,5045553779794_5.jpg,5045553779794_6.jpg,5045553779794_7.jpg,5045553779794_8.jpg,5045553779794_9.jpg,5045553779794_10.jpg,5045553779794_11.jpg",active,Black,8087537
5045553779978,5045553779794_1.jpg,"5045553779794_1.jpg,5045553779794_2.jpg,5045553779794_3.jpg,5045553779794_4.jpg,5045553779794_5.jpg,5045553779794_6.jpg,5045553779794_7.jpg,5045553779794_8.jpg,5045553779794_9.jpg,5045553779794_10.jpg,5045553779794_11.jpg",active,Black,8087537
5045553780004,5045553779794_1.jpg,"5045553779794_1.jpg,5045553779794_2.jpg,5045553779794_3.jpg,5045553779794_4.jpg,5045553779794_5.jpg,5045553779794_6.jpg,5045553779794_7.jpg,5045553779794_8.jpg,5045553779794_9.jpg,5045553779794_10.jpg,5045553779794_11.jpg",active,Black,8087537
5045553780035,5045553779794_1.jpg,"5045553779794_1.jpg,5045553779794_2.jpg,5045553779794_3.jpg,5045553779794_4.jpg,5045553779794_5.jpg,5045553779794_6.jpg,5045553779794_7.jpg,5045553779794_8.jpg,5045553779794_9.jpg,5045553779794_10.jpg,5045553779794_11.jpg",active,Black,8087537
5045622963116,5045553779794_1.jpg,"5045553779794_1.jpg,5045553779794_2.jpg,5045553779794_3.jpg,5045553779794_4.jpg,5045553779794_5.jpg,5045553779794_6.jpg,5045553779794_7.jpg,5045553779794_8.jpg,5045553779794_9.jpg,5045553779794_10.jpg,5045553779794_11.jpg",active,Black,8087537
5045621505522,5045621505522_1.jpg,"5045621505522_1.jpg,5045621505522_2.jpg,5045621505522_3.jpg,5045621505522_4.jpg,5045621505522_5.jpg,5045621505522_11.jpg",active,Beige,8089222
5045621505553,5045621505522_1.jpg,"5045621505522_1.jpg,5045621505522_2.jpg,5045621505522_3.jpg,5045621505522_4.jpg,5045621505522_5.jpg,5045621505522_11.jpg",active,Beige,8089222
5045621505584,5045621505522_1.jpg,"5045621505522_1.jpg,5045621505522_2.jpg,5045621505522_3.jpg,5045621505522_4.jpg,5045621505522_5.jpg,5045621505522_11.jpg",active,Beige,8089222
5045621505614,5045621505522_1.jpg,"5045621505522_1.jpg,5045621505522_2.jpg,5045621505522_3.jpg,5045621505522_4.jpg,5045621505522_5.jpg,5045621505522_11.jpg",active,Beige,8089222
5045621505645,5045621505522_1.jpg,"5045621505522_1.jpg,5045621505522_2.jpg,5045621505522_3.jpg,5045621505522_4.jpg,5045621505522_5.jpg,5045621505522_11.jpg",active,Beige,8089222
5045621505676,5045621505522_1.jpg,"5045621505522_1.jpg,5045621505522_2.jpg,5045621505522_3.jpg,5045621505522_4.jpg,5045621505522_5.jpg,5045621505522_11.jpg",active,Beige,8089222
5045621505706,5045621505522_1.jpg,"5045621505522_1.jpg,5045621505522_2.jpg,5045621505522_3.jpg,5045621505522_4.jpg,5045621505522_5.jpg,5045621505522_11.jpg",active,Beige,8089222
5045621505737,5045621505522_1.jpg,"5045621505522_1.jpg,5045621505522_2.jpg,5045621505522_3.jpg,5045621505522_4.jpg,5045621505522_5.jpg,5045621505522_11.jpg",active,Beige,8089222
5045627044193,5045627044193_1.jpg,"5045627044193_1.jpg,5045627044193_2.jpg,5045627044193_3.jpg,5045627044193_4.jpg,5045627044193_5.jpg,5045627044193_6.jpg,5045627044193_11.jpg",active,Pink,8087536
5045627044223,5045627044193_1.jpg,"5045627044193_1.jpg,5045627044193_2.jpg,5045627044193_3.jpg,5045627044193_4.jpg,5045627044193_5.jpg,5045627044193_6.jpg,5045627044193_11.jpg",active,Pink,8087536
5045627044254,5045627044193_1.jpg,"5045627044193_1.jpg,5045627044193_2.jpg,5045627044193_3.jpg,5045627044193_4.jpg,5045627044193_5.jpg,5045627044193_6.jpg,5045627044193_11.jpg",active,Pink,8087536
5045627044285,5045627044193_1.jpg,"5045627044193_1.jpg,5045627044193_2.jpg,5045627044193_3.jpg,5045627044193_4.jpg,5045627044193_5.jpg,5045627044193_6.jpg,5045627044193_11.jpg",active,Pink,8087536
5045627044315,5045627044193_1.jpg,"5045627044193_1.jpg,5045627044193_2.jpg,5045627044193_3.jpg,5045627044193_4.jpg,5045627044193_5.jpg,5045627044193_6.jpg,5045627044193_11.jpg",active,Pink,8087536
5045627044346,5045627044193_1.jpg,"5045627044193_1.jpg,5045627044193_2.jpg,5045627044193_3.jpg,5045627044193_4.jpg,5045627044193_5.jpg,5045627044193_6.jpg,5045627044193_11.jpg",active,Pink,8087536
5045627044377,5045627044193_1.jpg,"5045627044193_1.jpg,5045627044193_2.jpg,5045627044193_3.jpg,5045627044193_4.jpg,5045627044193_5.jpg,5045627044193_6.jpg,5045627044193_11.jpg",active,Pink,8087536
5045627044407,5045627044193_1.jpg,"5045627044193_1.jpg,5045627044193_2.jpg,5045627044193_3.jpg,5045627044193_4.jpg,5045627044193_5.jpg,5045627044193_6.jpg,5045627044193_11.jpg",active,Pink,8087536
5045627044438,5045627044193_1.jpg,"5045627044193_1.jpg,5045627044193_2.jpg,5045627044193_3.jpg,5045627044193_4.jpg,5045627044193_5.jpg,5045627044193_6.jpg,5045627044193_11.jpg",active,Pink,8087536
5045627044469,5045627044193_1.jpg,"5045627044193_1.jpg,5045627044193_2.jpg,5045627044193_3.jpg,5045627044193_4.jpg,5045627044193_5.jpg,5045627044193_6.jpg,5045627044193_11.jpg",active,Pink,8087536
5045626394084,5045626394084_1.jpg,"5045626394084_1.jpg,5045626394084_2.jpg,5045626394084_3.jpg,5045626394084_4.jpg,5045626394084_5.jpg,5045626394084_11.jpg",active,Miscellaneous,8087492
5045626394114,5045626394084_1.jpg,"5045626394084_1.jpg,5045626394084_2.jpg,5045626394084_3.jpg,5045626394084_4.jpg,5045626394084_5.jpg,5045626394084_11.jpg",active,Miscellaneous,8087492
5045626394145,5045626394084_1.jpg,"5045626394084_1.jpg,5045626394084_2.jpg,5045626394084_3.jpg,5045626394084_4.jpg,5045626394084_5.jpg,5045626394084_11.jpg",active,Miscellaneous,8087492
5045626394176,5045626394084_1.jpg,"5045626394084_1.jpg,5045626394084_2.jpg,5045626394084_3.jpg,5045626394084_4.jpg,5045626394084_5.jpg,5045626394084_11.jpg",active,Miscellaneous,8087492
5045626394206,5045626394084_1.jpg,"5045626394084_1.jpg,5045626394084_2.jpg,5045626394084_3.jpg,5045626394084_4.jpg,5045626394084_5.jpg,5045626394084_11.jpg",active,Miscellaneous,8087492
5045626394237,5045626394084_1.jpg,"5045626394084_1.jpg,5045626394084_2.jpg,5045626394084_3.jpg,5045626394084_4.jpg,5045626394084_5.jpg,5045626394084_11.jpg",active,Miscellaneous,8087492
5045626394268,5045626394084_1.jpg,"5045626394084_1.jpg,5045626394084_2.jpg,5045626394084_3.jpg,5045626394084_4.jpg,5045626394084_5.jpg,5045626394084_11.jpg",active,Miscellaneous,8087492
5045626394299,5045626394084_1.jpg,"5045626394084_1.jpg,5045626394084_2.jpg,5045626394084_3.jpg,5045626394084_4.jpg,5045626394084_5.jpg,5045626394084_11.jpg",active,Miscellaneous,8087492
5045626190488,5045626190488_1.jpg,"5045626190488_1.jpg,5045626190488_2.jpg,5045626190488_3.jpg,5045626190488_4.jpg,5045626190488_5.jpg,5045626190488_6.jpg,5045626190488_7.jpg,5045626190488_11.jpg",active,Grey,8087353
5045626190518,5045626190488_1.jpg,"5045626190488_1.jpg,5045626190488_2.jpg,5045626190488_3.jpg,5045626190488_4.jpg,5045626190488_5.jpg,5045626190488_6.jpg,5045626190488_7.jpg,5045626190488_11.jpg",active,Grey,8087353
5045626190549,5045626190488_1.jpg,"5045626190488_1.jpg,5045626190488_2.jpg,5045626190488_3.jpg,5045626190488_4.jpg,5045626190488_5.jpg,5045626190488_6.jpg,5045626190488_7.jpg,5045626190488_11.jpg",active,Grey,8087353
5045626190570,5045626190488_1.jpg,"5045626190488_1.jpg,5045626190488_2.jpg,5045626190488_3.jpg,5045626190488_4.jpg,5045626190488_5.jpg,5045626190488_6.jpg,5045626190488_7.jpg,5045626190488_11.jpg",active,Grey,8087353
5045626190600,5045626190488_1.jpg,"5045626190488_1.jpg,5045626190488_2.jpg,5045626190488_3.jpg,5045626190488_4.jpg,5045626190488_5.jpg,5045626190488_6.jpg,5045626190488_7.jpg,5045626190488_11.jpg",active,Grey,8087353
5045626190631,5045626190488_1.jpg,"5045626190488_1.jpg,5045626190488_2.jpg,5045626190488_3.jpg,5045626190488_4.jpg,5045626190488_5.jpg,5045626190488_6.jpg,5045626190488_7.jpg,5045626190488_11.jpg",active,Grey,8087353
5045626190662,5045626190488_1.jpg,"5045626190488_1.jpg,5045626190488_2.jpg,5045626190488_3.jpg,5045626190488_4.jpg,5045626190488_5.jpg,5045626190488_6.jpg,5045626190488_7.jpg,5045626190488_11.jpg",active,Grey,8087353
5045626052526,5045626052526_1.jpg,"5045626052526_1.jpg,5045626052526_2.jpg,5045626052526_3.jpg,5045626052526_4.jpg,5045626052526_5.jpg,5045626052526_11.jpg",active,Green,8089228
5045626052557,5045626052526_1.jpg,"5045626052526_1.jpg,5045626052526_2.jpg,5045626052526_3.jpg,5045626052526_4.jpg,5045626052526_5.jpg,5045626052526_11.jpg",active,Green,8089228
5045626052588,5045626052526_1.jpg,"5045626052526_1.jpg,5045626052526_2.jpg,5045626052526_3.jpg,5045626052526_4.jpg,5045626052526_5.jpg,5045626052526_11.jpg",active,Green,8089228
5045626052618,5045626052526_1.jpg,"5045626052526_1.jpg,5045626052526_2.jpg,5045626052526_3.jpg,5045626052526_4.jpg,5045626052526_5.jpg,5045626052526_11.jpg",active,Green,8089228
5045626052649,5045626052526_1.jpg,"5045626052526_1.jpg,5045626052526_2.jpg,5045626052526_3.jpg,5045626052526_4.jpg,5045626052526_5.jpg,5045626052526_11.jpg",active,Green,8089228
5045626052670,5045626052526_1.jpg,"5045626052526_1.jpg,5045626052526_2.jpg,5045626052526_3.jpg,5045626052526_4.jpg,5045626052526_5.jpg,5045626052526_11.jpg",active,Green,8089228
5045626052700,5045626052526_1.jpg,"5045626052526_1.jpg,5045626052526_2.jpg,5045626052526_3.jpg,5045626052526_4.jpg,5045626052526_5.jpg,5045626052526_11.jpg",active,Green,8089228
5045626052731,5045626052526_1.jpg,"5045626052526_1.jpg,5045626052526_2.jpg,5045626052526_3.jpg,5045626052526_4.jpg,5045626052526_5.jpg,5045626052526_11.jpg",active,Green,8089228
5045626052762,5045626052526_1.jpg,"5045626052526_1.jpg,5045626052526_2.jpg,5045626052526_3.jpg,5045626052526_4.jpg,5045626052526_5.jpg,5045626052526_11.jpg",active,Green,8089228
5045626924892,5045626924892_1.jpg,"5045626924892_1.jpg,5045626924892_2.jpg,5045626924892_3.jpg,5045626924892_4.jpg,5045626924892_5.jpg,5045626924892_11.jpg",active,Beige,8087494
5045626924922,5045626924892_1.jpg,"5045626924892_1.jpg,5045626924892_2.jpg,5045626924892_3.jpg,5045626924892_4.jpg,5045626924892_5.jpg,5045626924892_11.jpg",active,Beige,8087494
5045626924953,5045626924892_1.jpg,"5045626924892_1.jpg,5045626924892_2.jpg,5045626924892_3.jpg,5045626924892_4.jpg,5045626924892_5.jpg,5045626924892_11.jpg",active,Beige,8087494
5045626924984,5045626924892_1.jpg,"5045626924892_1.jpg,5045626924892_2.jpg,5045626924892_3.jpg,5045626924892_4.jpg,5045626924892_5.jpg,5045626924892_11.jpg",active,Beige,8087494
5045626925011,5045626924892_1.jpg,"5045626924892_1.jpg,5045626924892_2.jpg,5045626924892_3.jpg,5045626924892_4.jpg,5045626924892_5.jpg,5045626924892_11.jpg",active,Beige,8087494
5045626925042,5045626924892_1.jpg,"5045626924892_1.jpg,5045626924892_2.jpg,5045626924892_3.jpg,5045626924892_4.jpg,5045626924892_5.jpg,5045626924892_11.jpg",active,Beige,8087494
5045626925073,5045626924892_1.jpg,"5045626924892_1.jpg,5045626924892_2.jpg,5045626924892_3.jpg,5045626924892_4.jpg,5045626924892_5.jpg,5045626924892_11.jpg",active,Beige,8087494
5045627018330,5045627018330_1.jpg,"5045627018330_1.jpg,5045627018330_2.jpg,5045627018330_3.jpg,5045627018330_4.jpg,5045627018330_5.jpg,5045627018330_6.jpg,5045627018330_7.jpg,5045627018330_11.jpg",active,Brown,8087260
5045627018361,5045627018330_1.jpg,"5045627018330_1.jpg,5045627018330_2.jpg,5045627018330_3.jpg,5045627018330_4.jpg,5045627018330_5.jpg,5045627018330_6.jpg,5045627018330_7.jpg,5045627018330_11.jpg",active,Brown,8087260
5045627018392,5045627018330_1.jpg,"5045627018330_1.jpg,5045627018330_2.jpg,5045627018330_3.jpg,5045627018330_4.jpg,5045627018330_5.jpg,5045627018330_6.jpg,5045627018330_7.jpg,5045627018330_11.jpg",active,Brown,8087260
5045627018422,5045627018330_1.jpg,"5045627018330_1.jpg,5045627018330_2.jpg,5045627018330_3.jpg,5045627018330_4.jpg,5045627018330_5.jpg,5045627018330_6.jpg,5045627018330_7.jpg,5045627018330_11.jpg",active,Brown,8087260
5045627018453,5045627018330_1.jpg,"5045627018330_1.jpg,5045627018330_2.jpg,5045627018330_3.jpg,5045627018330_4.jpg,5045627018330_5.jpg,5045627018330_6.jpg,5045627018330_7.jpg,5045627018330_11.jpg",active,Brown,8087260
5045627018484,5045627018330_1.jpg,"5045627018330_1.jpg,5045627018330_2.jpg,5045627018330_3.jpg,5045627018330_4.jpg,5045627018330_5.jpg,5045627018330_6.jpg,5045627018330_7.jpg,5045627018330_11.jpg",active,Brown,8087260
5045627018514,5045627018330_1.jpg,"5045627018330_1.jpg,5045627018330_2.jpg,5045627018330_3.jpg,5045627018330_4.jpg,5045627018330_5.jpg,5045627018330_6.jpg,5045627018330_7.jpg,5045627018330_11.jpg",active,Brown,8087260
5045627018545,5045627018330_1.jpg,"5045627018330_1.jpg,5045627018330_2.jpg,5045627018330_3.jpg,5045627018330_4.jpg,5045627018330_5.jpg,5045627018330_6.jpg,5045627018330_7.jpg,5045627018330_11.jpg",active,Brown,8087260
5045627018576,5045627018330_1.jpg,"5045627018330_1.jpg,5045627018330_2.jpg,5045627018330_3.jpg,5045627018330_4.jpg,5045627018330_5.jpg,5045627018330_6.jpg,5045627018330_7.jpg,5045627018330_11.jpg",active,Brown,8087260
5045627018606,5045627018330_1.jpg,"5045627018330_1.jpg,5045627018330_2.jpg,5045627018330_3.jpg,5045627018330_4.jpg,5045627018330_5.jpg,5045627018330_6.jpg,5045627018330_7.jpg,5045627018330_11.jpg",active,Brown,8087260
5045625996227,5045625996227_1.jpg,"5045625996227_1.jpg,5045625996227_2.jpg,5045625996227_3.jpg,5045625996227_4.jpg,5045625996227_5.jpg,5045625996227_6.jpg,5045625996227_7.jpg,5045625996227_8.jpg,5045625996227_11.jpg",active,Brown,8089477
5045625996258,5045625996227_1.jpg,"5045625996227_1.jpg,5045625996227_2.jpg,5045625996227_3.jpg,5045625996227_4.jpg,5045625996227_5.jpg,5045625996227_6.jpg,5045625996227_7.jpg,5045625996227_8.jpg,5045625996227_11.jpg",active,Brown,8089477
5045625996289,5045625996227_1.jpg,"5045625996227_1.jpg,5045625996227_2.jpg,5045625996227_3.jpg,5045625996227_4.jpg,5045625996227_5.jpg,5045625996227_6.jpg,5045625996227_7.jpg,5045625996227_8.jpg,5045625996227_11.jpg",active,Brown,8089477
5045625996319,5045625996227_1.jpg,"5045625996227_1.jpg,5045625996227_2.jpg,5045625996227_3.jpg,5045625996227_4.jpg,5045625996227_5.jpg,5045625996227_6.jpg,5045625996227_7.jpg,5045625996227_8.jpg,5045625996227_11.jpg",active,Brown,8089477
5045625996340,5045625996227_1.jpg,"5045625996227_1.jpg,5045625996227_2.jpg,5045625996227_3.jpg,5045625996227_4.jpg,5045625996227_5.jpg,5045625996227_6.jpg,5045625996227_7.jpg,5045625996227_8.jpg,5045625996227_11.jpg",active,Brown,8089477
5045625996371,5045625996227_1.jpg,"5045625996227_1.jpg,5045625996227_2.jpg,5045625996227_3.jpg,5045625996227_4.jpg,5045625996227_5.jpg,5045625996227_6.jpg,5045625996227_7.jpg,5045625996227_8.jpg,5045625996227_11.jpg",active,Brown,8089477
5045625996401,5045625996227_1.jpg,"5045625996227_1.jpg,5045625996227_2.jpg,5045625996227_3.jpg,5045625996227_4.jpg,5045625996227_5.jpg,5045625996227_6.jpg,5045625996227_7.jpg,5045625996227_8.jpg,5045625996227_11.jpg",active,Brown,8089477
5045625711745,5045625711745_1.jpg,"5045625711745_1.jpg,5045625711745_2.jpg,5045625711745_3.jpg,5045625711745_4.jpg,5045625711745_5.jpg,5045625711745_6.jpg,5045625711745_7.jpg,5045625711745_11.jpg",active,Yellow,8087386
5045625711776,5045625711745_1.jpg,"5045625711745_1.jpg,5045625711745_2.jpg,5045625711745_3.jpg,5045625711745_4.jpg,5045625711745_5.jpg,5045625711745_6.jpg,5045625711745_7.jpg,5045625711745_11.jpg",active,Yellow,8087386
5045625711806,5045625711745_1.jpg,"5045625711745_1.jpg,5045625711745_2.jpg,5045625711745_3.jpg,5045625711745_4.jpg,5045625711745_5.jpg,5045625711745_6.jpg,5045625711745_7.jpg,5045625711745_11.jpg",active,Yellow,8087386
5045625711837,5045625711745_1.jpg,"5045625711745_1.jpg,5045625711745_2.jpg,5045625711745_3.jpg,5045625711745_4.jpg,5045625711745_5.jpg,5045625711745_6.jpg,5045625711745_7.jpg,5045625711745_11.jpg",active,Yellow,8087386
5045625711868,5045625711745_1.jpg,"5045625711745_1.jpg,5045625711745_2.jpg,5045625711745_3.jpg,5045625711745_4.jpg,5045625711745_5.jpg,5045625711745_6.jpg,5045625711745_7.jpg,5045625711745_11.jpg",active,Yellow,8087386
5045625711899,5045625711745_1.jpg,"5045625711745_1.jpg,5045625711745_2.jpg,5045625711745_3.jpg,5045625711745_4.jpg,5045625711745_5.jpg,5045625711745_6.jpg,5045625711745_7.jpg,5045625711745_11.jpg",active,Yellow,8087386
5045625711929,5045625711745_1.jpg,"5045625711745_1.jpg,5045625711745_2.jpg,5045625711745_3.jpg,5045625711745_4.jpg,5045625711745_5.jpg,5045625711745_6.jpg,5045625711745_7.jpg,5045625711745_11.jpg",active,Yellow,8087386
5045625711950,5045625711745_1.jpg,"5045625711745_1.jpg,5045625711745_2.jpg,5045625711745_3.jpg,5045625711745_4.jpg,5045625711745_5.jpg,5045625711745_6.jpg,5045625711745_7.jpg,5045625711745_11.jpg",active,Yellow,8087386
5045625711981,5045625711745_1.jpg,"5045625711745_1.jpg,5045625711745_2.jpg,5045625711745_3.jpg,5045625711745_4.jpg,5045625711745_5.jpg,5045625711745_6.jpg,5045625711745_7.jpg,5045625711745_11.jpg",active,Yellow,8087386
5045625963489,5045625963489_1.jpg,"5045625963489_1.jpg,5045625963489_2.jpg,5045625963489_3.jpg,5045625963489_4.jpg,5045625963489_5.jpg,5045625963489_6.jpg,5045625963489_7.jpg,5045625963489_11.jpg",active,Pink,8089348
5045626185446,5045626185446_1.jpg,"5045626185446_1.jpg,5045626185446_2.jpg,5045626185446_3.jpg,5045626185446_4.jpg,5045626185446_5.jpg,5045626185446_6.jpg,5045626185446_7.jpg,5045626185446_8.jpg,5045626185446_11.jpg",active,Miscellaneous,8087334
5045626185477,5045626185446_1.jpg,"5045626185446_1.jpg,5045626185446_2.jpg,5045626185446_3.jpg,5045626185446_4.jpg,5045626185446_5.jpg,5045626185446_6.jpg,5045626185446_7.jpg,5045626185446_8.jpg,5045626185446_11.jpg",active,Miscellaneous,8087334
5045626185507,5045626185446_1.jpg,"5045626185446_1.jpg,5045626185446_2.jpg,5045626185446_3.jpg,5045626185446_4.jpg,5045626185446_5.jpg,5045626185446_6.jpg,5045626185446_7.jpg,5045626185446_8.jpg,5045626185446_11.jpg",active,Miscellaneous,8087334
5045626185538,5045626185446_1.jpg,"5045626185446_1.jpg,5045626185446_2.jpg,5045626185446_3.jpg,5045626185446_4.jpg,5045626185446_5.jpg,5045626185446_6.jpg,5045626185446_7.jpg,5045626185446_8.jpg,5045626185446_11.jpg",active,Miscellaneous,8087334
5045626185569,5045626185446_1.jpg,"5045626185446_1.jpg,5045626185446_2.jpg,5045626185446_3.jpg,5045626185446_4.jpg,5045626185446_5.jpg,5045626185446_6.jpg,5045626185446_7.jpg,5045626185446_8.jpg,5045626185446_11.jpg",active,Miscellaneous,8087334
5045626185590,5045626185446_1.jpg,"5045626185446_1.jpg,5045626185446_2.jpg,5045626185446_3.jpg,5045626185446_4.jpg,5045626185446_5.jpg,5045626185446_6.jpg,5045626185446_7.jpg,5045626185446_8.jpg,5045626185446_11.jpg",active,Miscellaneous,8087334
5045626185620,5045626185446_1.jpg,"5045626185446_1.jpg,5045626185446_2.jpg,5045626185446_3.jpg,5045626185446_4.jpg,5045626185446_5.jpg,5045626185446_6.jpg,5045626185446_7.jpg,5045626185446_8.jpg,5045626185446_11.jpg",active,Miscellaneous,8087334
5045625438260,5045625438260_1.jpg,"5045625438260_1.jpg,5045625438260_2.jpg,5045625438260_3.jpg,5045625438260_4.jpg,5045625438260_5.jpg,5045625438260_11.jpg",inactive,Black,8087274
5045625438291,5045625438260_1.jpg,"5045625438260_1.jpg,5045625438260_2.jpg,5045625438260_3.jpg,5045625438260_4.jpg,5045625438260_5.jpg,5045625438260_11.jpg",inactive,Black,8087274
5045625438321,5045625438260_1.jpg,"5045625438260_1.jpg,5045625438260_2.jpg,5045625438260_3.jpg,5045625438260_4.jpg,5045625438260_5.jpg,5045625438260_11.jpg",inactive,Black,8087274
5045625438352,5045625438260_1.jpg,"5045625438260_1.jpg,5045625438260_2.jpg,5045625438260_3.jpg,5045625438260_4.jpg,5045625438260_5.jpg,5045625438260_11.jpg",inactive,Black,8087274
5045625438383,5045625438260_1.jpg,"5045625438260_1.jpg,5045625438260_2.jpg,5045625438260_3.jpg,5045625438260_4.jpg,5045625438260_5.jpg,5045625438260_11.jpg",inactive,Black,8087274
5045625438413,5045625438260_1.jpg,"5045625438260_1.jpg,5045625438260_2.jpg,5045625438260_3.jpg,5045625438260_4.jpg,5045625438260_5.jpg,5045625438260_11.jpg",inactive,Black,8087274
5045625438444,5045625438260_1.jpg,"5045625438260_1.jpg,5045625438260_2.jpg,5045625438260_3.jpg,5045625438260_4.jpg,5045625438260_5.jpg,5045625438260_11.jpg",inactive,Black,8087274
5045627269572,5045627269572_1.jpg,"5045627269572_1.jpg,5045627269572_2.jpg,5045627269572_3.jpg,5045627269572_4.jpg,5045627269572_5.jpg,5045627269572_6.jpg,5045627269572_11.jpg",active,Brown,8087337
5045627269602,5045627269572_1.jpg,"5045627269572_1.jpg,5045627269572_2.jpg,5045627269572_3.jpg,5045627269572_4.jpg,5045627269572_5.jpg,5045627269572_6.jpg,5045627269572_11.jpg",active,Brown,8087337
5045627269633,5045627269572_1.jpg,"5045627269572_1.jpg,5045627269572_2.jpg,5045627269572_3.jpg,5045627269572_4.jpg,5045627269572_5.jpg,5045627269572_6.jpg,5045627269572_11.jpg",active,Brown,8087337
5045627269664,5045627269572_1.jpg,"5045627269572_1.jpg,5045627269572_2.jpg,5045627269572_3.jpg,5045627269572_4.jpg,5045627269572_5.jpg,5045627269572_6.jpg,5045627269572_11.jpg",active,Brown,8087337
5045627269695,5045627269572_1.jpg,"5045627269572_1.jpg,5045627269572_2.jpg,5045627269572_3.jpg,5045627269572_4.jpg,5045627269572_5.jpg,5045627269572_6.jpg,5045627269572_11.jpg",active,Brown,8087337
5045627269725,5045627269572_1.jpg,"5045627269572_1.jpg,5045627269572_2.jpg,5045627269572_3.jpg,5045627269572_4.jpg,5045627269572_5.jpg,5045627269572_6.jpg,5045627269572_11.jpg",active,Brown,8087337
5045627269756,5045627269572_1.jpg,"5045627269572_1.jpg,5045627269572_2.jpg,5045627269572_3.jpg,5045627269572_4.jpg,5045627269572_5.jpg,5045627269572_6.jpg,5045627269572_11.jpg",active,Brown,8087337
5045627269787,5045627269572_1.jpg,"5045627269572_1.jpg,5045627269572_2.jpg,5045627269572_3.jpg,5045627269572_4.jpg,5045627269572_5.jpg,5045627269572_6.jpg,5045627269572_11.jpg",active,Brown,8087337
5045627269817,5045627269572_1.jpg,"5045627269572_1.jpg,5045627269572_2.jpg,5045627269572_3.jpg,5045627269572_4.jpg,5045627269572_5.jpg,5045627269572_6.jpg,5045627269572_11.jpg",active,Brown,8087337
5045626901978,5045626901978_1.jpg,"5045626901978_1.jpg,5045626901978_2.jpg,5045626901978_3.jpg,5045626901978_4.jpg,5045626901978_5.jpg,5045626901978_6.jpg,5045626901978_11.jpg",active,Brown,8089452
5045626902005,5045626901978_1.jpg,"5045626901978_1.jpg,5045626901978_2.jpg,5045626901978_3.jpg,5045626901978_4.jpg,5045626901978_5.jpg,5045626901978_6.jpg,5045626901978_11.jpg",active,Brown,8089452
5045626902036,5045626901978_1.jpg,"5045626901978_1.jpg,5045626901978_2.jpg,5045626901978_3.jpg,5045626901978_4.jpg,5045626901978_5.jpg,5045626901978_6.jpg,5045626901978_11.jpg",active,Brown,8089452
5045626217338,5045626217338_1.jpg,"5045626217338_1.jpg,5045626217338_2.jpg,5045626217338_3.jpg,5045626217338_4.jpg,5045626217338_11.jpg",active,Brown,8089432
5045626217369,5045626217338_1.jpg,"5045626217338_1.jpg,5045626217338_2.jpg,5045626217338_3.jpg,5045626217338_4.jpg,5045626217338_11.jpg",active,Brown,8089432
5045626217390,5045626217338_1.jpg,"5045626217338_1.jpg,5045626217338_2.jpg,5045626217338_3.jpg,5045626217338_4.jpg,5045626217338_11.jpg",active,Brown,8089432
5045624577021,5045624577021_1.jpg,"5045624577021_1.jpg,5045624577021_2.jpg,5045624577021_3.jpg,5045624577021_4.jpg,5045624577021_5.jpg,5045624577021_6.jpg,5045624577021_7.jpg,5045624577021_11.jpg",active,Black,8089462
5045624561969,5045624561969_1.jpg,"5045624561969_1.jpg,5045624561969_2.jpg,5045624561969_3.jpg,5045624561969_4.jpg,5045624561969_5.jpg,5045624561969_6.jpg,5045624561969_11.jpg",active,Black,8087605
5045624561990,5045624561969_1.jpg,"5045624561969_1.jpg,5045624561969_2.jpg,5045624561969_3.jpg,5045624561969_4.jpg,5045624561969_5.jpg,5045624561969_6.jpg,5045624561969_11.jpg",active,Black,8087605
5045624562027,5045624561969_1.jpg,"5045624561969_1.jpg,5045624561969_2.jpg,5045624561969_3.jpg,5045624561969_4.jpg,5045624561969_5.jpg,5045624561969_6.jpg,5045624561969_11.jpg",active,Black,8087605
5045624562058,5045624561969_1.jpg,"5045624561969_1.jpg,5045624561969_2.jpg,5045624561969_3.jpg,5045624561969_4.jpg,5045624561969_5.jpg,5045624561969_6.jpg,5045624561969_11.jpg",active,Black,8087605
5045624562089,5045624561969_1.jpg,"5045624561969_1.jpg,5045624561969_2.jpg,5045624561969_3.jpg,5045624561969_4.jpg,5045624561969_5.jpg,5045624561969_6.jpg,5045624561969_11.jpg",active,Black,8087605
5045624562119,5045624561969_1.jpg,"5045624561969_1.jpg,5045624561969_2.jpg,5045624561969_3.jpg,5045624561969_4.jpg,5045624561969_5.jpg,5045624561969_6.jpg,5045624561969_11.jpg",active,Black,8087605
5045624562140,5045624561969_1.jpg,"5045624561969_1.jpg,5045624561969_2.jpg,5045624561969_3.jpg,5045624561969_4.jpg,5045624561969_5.jpg,5045624561969_6.jpg,5045624561969_11.jpg",active,Black,8087605
5045624562171,5045624561969_1.jpg,"5045624561969_1.jpg,5045624561969_2.jpg,5045624561969_3.jpg,5045624561969_4.jpg,5045624561969_5.jpg,5045624561969_6.jpg,5045624561969_11.jpg",active,Black,8087605
5045624562201,5045624561969_1.jpg,"5045624561969_1.jpg,5045624561969_2.jpg,5045624561969_3.jpg,5045624561969_4.jpg,5045624561969_5.jpg,5045624561969_6.jpg,5045624561969_11.jpg",active,Black,8087605
5045624562232,5045624561969_1.jpg,"5045624561969_1.jpg,5045624561969_2.jpg,5045624561969_3.jpg,5045624561969_4.jpg,5045624561969_5.jpg,5045624561969_6.jpg,5045624561969_11.jpg",active,Black,8087605
5045624562263,5045624561969_1.jpg,"5045624561969_1.jpg,5045624561969_2.jpg,5045624561969_3.jpg,5045624561969_4.jpg,5045624561969_5.jpg,5045624561969_6.jpg,5045624561969_11.jpg",active,Black,8087605
5045624562294,5045624561969_1.jpg,"5045624561969_1.jpg,5045624561969_2.jpg,5045624561969_3.jpg,5045624561969_4.jpg,5045624561969_5.jpg,5045624561969_6.jpg,5045624561969_11.jpg",active,Black,8087605
5045624562324,5045624561969_1.jpg,"5045624561969_1.jpg,5045624561969_2.jpg,5045624561969_3.jpg,5045624561969_4.jpg,5045624561969_5.jpg,5045624561969_6.jpg,5045624561969_11.jpg",active,Black,8087605
5045627019047,5045627019047_1.jpg,"5045627019047_1.jpg,5045627019047_2.jpg,5045627019047_3.jpg,5045627019047_4.jpg,5045627019047_5.jpg,5045627019047_6.jpg,5045627019047_11.jpg",active,Beige,8087431
5045627019078,5045627019047_1.jpg,"5045627019047_1.jpg,5045627019047_2.jpg,5045627019047_3.jpg,5045627019047_4.jpg,5045627019047_5.jpg,5045627019047_6.jpg,5045627019047_11.jpg",active,Beige,8087431
5045627019108,5045627019047_1.jpg,"5045627019047_1.jpg,5045627019047_2.jpg,5045627019047_3.jpg,5045627019047_4.jpg,5045627019047_5.jpg,5045627019047_6.jpg,5045627019047_11.jpg",active,Beige,8087431
5045627019139,5045627019047_1.jpg,"5045627019047_1.jpg,5045627019047_2.jpg,5045627019047_3.jpg,5045627019047_4.jpg,5045627019047_5.jpg,5045627019047_6.jpg,5045627019047_11.jpg",active,Beige,8087431
5045627019160,5045627019047_1.jpg,"5045627019047_1.jpg,5045627019047_2.jpg,5045627019047_3.jpg,5045627019047_4.jpg,5045627019047_5.jpg,5045627019047_6.jpg,5045627019047_11.jpg",active,Beige,8087431
5045627019191,5045627019047_1.jpg,"5045627019047_1.jpg,5045627019047_2.jpg,5045627019047_3.jpg,5045627019047_4.jpg,5045627019047_5.jpg,5045627019047_6.jpg,5045627019047_11.jpg",active,Beige,8087431
5045627019221,5045627019047_1.jpg,"5045627019047_1.jpg,5045627019047_2.jpg,5045627019047_3.jpg,5045627019047_4.jpg,5045627019047_5.jpg,5045627019047_6.jpg,5045627019047_11.jpg",active,Beige,8087431
5045627019252,5045627019047_1.jpg,"5045627019047_1.jpg,5045627019047_2.jpg,5045627019047_3.jpg,5045627019047_4.jpg,5045627019047_5.jpg,5045627019047_6.jpg,5045627019047_11.jpg",active,Beige,8087431
5045627019283,5045627019047_1.jpg,"5045627019047_1.jpg,5045627019047_2.jpg,5045627019047_3.jpg,5045627019047_4.jpg,5045627019047_5.jpg,5045627019047_6.jpg,5045627019047_11.jpg",active,Beige,8087431
5045627019313,5045627019047_1.jpg,"5045627019047_1.jpg,5045627019047_2.jpg,5045627019047_3.jpg,5045627019047_4.jpg,5045627019047_5.jpg,5045627019047_6.jpg,5045627019047_11.jpg",active,Beige,8087431
5045626372549,5045626372549_1.jpg,"5045626372549_1.jpg,5045626372549_2.jpg,5045626372549_3.jpg,5045626372549_4.jpg,5045626372549_5.jpg,5045626372549_6.jpg,5045626372549_7.jpg,5045626372549_8.jpg,5045626372549_11.jpg",active,Beige,8089403
5045627444207,5045627444207_1.jpg,"5045627444207_1.jpg,5045627444207_2.jpg,5045627444207_3.jpg,5045627444207_4.jpg,5045627444207_5.jpg,5045627444207_6.jpg,5045627444207_7.jpg,5045627444207_8.jpg,5045627444207_9.jpg,5045627444207_10.jpg,5045627444207_11.jpg",active,Brown,8089324
5045627523773,5045627523773_1.jpg,"5045627523773_1.jpg,5045627523773_2.jpg,5045627523773_3.jpg,5045627523773_4.jpg,5045627523773_5.jpg,5045627523773_11.jpg",active,Miscellaneous,8089440
5045627469149,5045627469149_1.jpg,"5045627469149_1.jpg,5045627469149_2.jpg,5045627469149_3.jpg,5045627469149_4.jpg,5045627469149_5.jpg,5045627469149_6.jpg,5045627469149_7.jpg,5045627469149_8.jpg,5045627469149_11.jpg",active,Grey,8089419
5045625933291,5045625933291_1.jpg,"5045625933291_1.jpg,5045625933291_2.jpg,5045625933291_3.jpg,5045625933291_4.jpg,5045625933291_5.jpg,5045625933291_6.jpg,5045625933291_7.jpg,5045625933291_8.jpg,5045625933291_9.jpg,5045625933291_10.jpg,5045625933291_11.jpg",inactive,Green,8089258
5045627602706,5045627602706_1.jpg,"5045627602706_1.jpg,5045627602706_2.jpg,5045627602706_3.jpg,5045627602706_4.jpg,5045627602706_5.jpg,5045627602706_6.jpg,5045627602706_7.jpg,5045627602706_8.jpg,5045627602706_11.jpg",active,Miscellaneous,8089445
5045624576048,5045624576048_1.jpg,"5045624576048_1.jpg,5045624576048_2.jpg,5045624576048_3.jpg,5045624576048_4.jpg,5045624576048_5.jpg,5045624576048_11.jpg",active,Brown,8089284
5045627505816,5045627505816_1.jpg,"5045627505816_1.jpg,5045627505816_2.jpg,5045627505816_3.jpg,5045627505816_4.jpg,5045627505816_5.jpg,5045627505816_11.jpg",active,Beige,8089313
5045626076911,5045626076911_1.jpg,"5045626076911_1.jpg,5045626076911_2.jpg,5045626076911_3.jpg,5045626076911_4.jpg,5045626076911_5.jpg,5045626076911_11.jpg",active,Beige,8087433
5045626076942,5045626076911_1.jpg,"5045626076911_1.jpg,5045626076911_2.jpg,5045626076911_3.jpg,5045626076911_4.jpg,5045626076911_5.jpg,5045626076911_11.jpg",active,Beige,8087433
5045626076973,5045626076911_1.jpg,"5045626076911_1.jpg,5045626076911_2.jpg,5045626076911_3.jpg,5045626076911_4.jpg,5045626076911_5.jpg,5045626076911_11.jpg",active,Beige,8087433
5045626077000,5045626076911_1.jpg,"5045626076911_1.jpg,5045626076911_2.jpg,5045626076911_3.jpg,5045626076911_4.jpg,5045626076911_5.jpg,5045626076911_11.jpg",active,Beige,8087433
5045626077031,5045626076911_1.jpg,"5045626076911_1.jpg,5045626076911_2.jpg,5045626076911_3.jpg,5045626076911_4.jpg,5045626076911_5.jpg,5045626076911_11.jpg",active,Beige,8087433
5045626077062,5045626076911_1.jpg,"5045626076911_1.jpg,5045626076911_2.jpg,5045626076911_3.jpg,5045626076911_4.jpg,5045626076911_5.jpg,5045626076911_11.jpg",active,Beige,8087433
5045626077123,5045626076911_1.jpg,"5045626076911_1.jpg,5045626076911_2.jpg,5045626076911_3.jpg,5045626076911_4.jpg,5045626076911_5.jpg,5045626076911_11.jpg",active,Beige,8087433
5045559039243,5045559039243_1.jpg,"5045559039243_1.jpg,5045559039243_2.jpg,5045559039243_3.jpg,5045559039243_4.jpg,5045559039243_5.jpg,5045559039243_6.jpg,5045559039243_11.jpg",active,Black,8087561
5045559039274,5045559039243_1.jpg,"5045559039243_1.jpg,5045559039243_2.jpg,5045559039243_3.jpg,5045559039243_4.jpg,5045559039243_5.jpg,5045559039243_6.jpg,5045559039243_11.jpg",active,Black,8087561
5045559039304,5045559039243_1.jpg,"5045559039243_1.jpg,5045559039243_2.jpg,5045559039243_3.jpg,5045559039243_4.jpg,5045559039243_5.jpg,5045559039243_6.jpg,5045559039243_11.jpg",active,Black,8087561
5045559039335,5045559039243_1.jpg,"5045559039243_1.jpg,5045559039243_2.jpg,5045559039243_3.jpg,5045559039243_4.jpg,5045559039243_5.jpg,5045559039243_6.jpg,5045559039243_11.jpg",active,Black,8087561
5045559039366,5045559039243_1.jpg,"5045559039243_1.jpg,5045559039243_2.jpg,5045559039243_3.jpg,5045559039243_4.jpg,5045559039243_5.jpg,5045559039243_6.jpg,5045559039243_11.jpg",active,Black,8087561
5045559039397,5045559039243_1.jpg,"5045559039243_1.jpg,5045559039243_2.jpg,5045559039243_3.jpg,5045559039243_4.jpg,5045559039243_5.jpg,5045559039243_6.jpg,5045559039243_11.jpg",active,Black,8087561
5045559039427,5045559039243_1.jpg,"5045559039243_1.jpg,5045559039243_2.jpg,5045559039243_3.jpg,5045559039243_4.jpg,5045559039243_5.jpg,5045559039243_6.jpg,5045559039243_11.jpg",active,Black,8087561
5045559039458,5045559039243_1.jpg,"5045559039243_1.jpg,5045559039243_2.jpg,5045559039243_3.jpg,5045559039243_4.jpg,5045559039243_5.jpg,5045559039243_6.jpg,5045559039243_11.jpg",active,Black,8087561
5045559039489,5045559039243_1.jpg,"5045559039243_1.jpg,5045559039243_2.jpg,5045559039243_3.jpg,5045559039243_4.jpg,5045559039243_5.jpg,5045559039243_6.jpg,5045559039243_11.jpg",active,Black,8087561
5045559039519,5045559039243_1.jpg,"5045559039243_1.jpg,5045559039243_2.jpg,5045559039243_3.jpg,5045559039243_4.jpg,5045559039243_5.jpg,5045559039243_6.jpg,5045559039243_11.jpg",active,Black,8087561
5045559039540,5045559039243_1.jpg,"5045559039243_1.jpg,5045559039243_2.jpg,5045559039243_3.jpg,5045559039243_4.jpg,5045559039243_5.jpg,5045559039243_6.jpg,5045559039243_11.jpg",active,Black,8087561
5045559039571,5045559039243_1.jpg,"5045559039243_1.jpg,5045559039243_2.jpg,5045559039243_3.jpg,5045559039243_4.jpg,5045559039243_5.jpg,5045559039243_6.jpg,5045559039243_11.jpg",active,Black,8087561
5045559039601,5045559039243_1.jpg,"5045559039243_1.jpg,5045559039243_2.jpg,5045559039243_3.jpg,5045559039243_4.jpg,5045559039243_5.jpg,5045559039243_6.jpg,5045559039243_11.jpg",active,Black,8087561
5045559039632,5045559039243_1.jpg,"5045559039243_1.jpg,5045559039243_2.jpg,5045559039243_3.jpg,5045559039243_4.jpg,5045559039243_5.jpg,5045559039243_6.jpg,5045559039243_11.jpg",active,Black,8087561
5045559039663,5045559039243_1.jpg,"5045559039243_1.jpg,5045559039243_2.jpg,5045559039243_3.jpg,5045559039243_4.jpg,5045559039243_5.jpg,5045559039243_6.jpg,5045559039243_11.jpg",active,Black,8087561
5045627260128,5045627260128_1.jpg,"5045627260128_1.jpg,5045627260128_2.jpg,5045627260128_3.jpg,5045627260128_4.jpg,5045627260128_5.jpg,5045627260128_6.jpg,5045627260128_7.jpg,5045627260128_11.jpg",active,Blue,8087262
5045627260159,5045627260128_1.jpg,"5045627260128_1.jpg,5045627260128_2.jpg,5045627260128_3.jpg,5045627260128_4.jpg,5045627260128_5.jpg,5045627260128_6.jpg,5045627260128_7.jpg,5045627260128_11.jpg",active,Blue,8087262
5045627260180,5045627260128_1.jpg,"5045627260128_1.jpg,5045627260128_2.jpg,5045627260128_3.jpg,5045627260128_4.jpg,5045627260128_5.jpg,5045627260128_6.jpg,5045627260128_7.jpg,5045627260128_11.jpg",active,Blue,8087262
5045627260210,5045627260128_1.jpg,"5045627260128_1.jpg,5045627260128_2.jpg,5045627260128_3.jpg,5045627260128_4.jpg,5045627260128_5.jpg,5045627260128_6.jpg,5045627260128_7.jpg,5045627260128_11.jpg",active,Blue,8087262
5045627260241,5045627260128_1.jpg,"5045627260128_1.jpg,5045627260128_2.jpg,5045627260128_3.jpg,5045627260128_4.jpg,5045627260128_5.jpg,5045627260128_6.jpg,5045627260128_7.jpg,5045627260128_11.jpg",active,Blue,8087262
5045627260272,5045627260128_1.jpg,"5045627260128_1.jpg,5045627260128_2.jpg,5045627260128_3.jpg,5045627260128_4.jpg,5045627260128_5.jpg,5045627260128_6.jpg,5045627260128_7.jpg,5045627260128_11.jpg",active,Blue,8087262
5045627260302,5045627260128_1.jpg,"5045627260128_1.jpg,5045627260128_2.jpg,5045627260128_3.jpg,5045627260128_4.jpg,5045627260128_5.jpg,5045627260128_6.jpg,5045627260128_7.jpg,5045627260128_11.jpg",active,Blue,8087262
5045627260333,5045627260128_1.jpg,"5045627260128_1.jpg,5045627260128_2.jpg,5045627260128_3.jpg,5045627260128_4.jpg,5045627260128_5.jpg,5045627260128_6.jpg,5045627260128_7.jpg,5045627260128_11.jpg",active,Blue,8087262
5045627260364,5045627260128_1.jpg,"5045627260128_1.jpg,5045627260128_2.jpg,5045627260128_3.jpg,5045627260128_4.jpg,5045627260128_5.jpg,5045627260128_6.jpg,5045627260128_7.jpg,5045627260128_11.jpg",active,Blue,8087262
5045626266756,5045626266756_1.jpg,"5045626266756_1.jpg,5045626266756_2.jpg,5045626266756_3.jpg,5045626266756_4.jpg,5045626266756_5.jpg,5045626266756_6.jpg,5045626266756_7.jpg,5045626266756_8.jpg,5045626266756_9.jpg,5045626266756_11.jpg",active,Black,8089329
5045626940250,5045626940250_1.jpg,"5045626940250_1.jpg,5045626940250_2.jpg,5045626940250_3.jpg,5045626940250_4.jpg,5045626940250_5.jpg,5045626940250_11.jpg",active,Beige,8089214
5045626940281,5045626940250_1.jpg,"5045626940250_1.jpg,5045626940250_2.jpg,5045626940250_3.jpg,5045626940250_4.jpg,5045626940250_5.jpg,5045626940250_11.jpg",active,Beige,8089214
5045626940311,5045626940250_1.jpg,"5045626940250_1.jpg,5045626940250_2.jpg,5045626940250_3.jpg,5045626940250_4.jpg,5045626940250_5.jpg,5045626940250_11.jpg",active,Beige,8089214
5045626940342,5045626940250_1.jpg,"5045626940250_1.jpg,5045626940250_2.jpg,5045626940250_3.jpg,5045626940250_4.jpg,5045626940250_5.jpg,5045626940250_11.jpg",active,Beige,8089214
5045627408476,5045627408476_1.jpg,"5045627408476_1.jpg,5045627408476_2.jpg,5045627408476_3.jpg,5045627408476_4.jpg,5045627408476_5.jpg,5045627408476_6.jpg,5045627408476_7.jpg,5045627408476_8.jpg,5045627408476_9.jpg,5045627408476_11.jpg",active,Brown,8089395
5045627408506,5045627408476_1.jpg,"5045627408476_1.jpg,5045627408476_2.jpg,5045627408476_3.jpg,5045627408476_4.jpg,5045627408476_5.jpg,5045627408476_6.jpg,5045627408476_7.jpg,5045627408476_8.jpg,5045627408476_9.jpg,5045627408476_11.jpg",active,Brown,8089395
5045627408537,5045627408476_1.jpg,"5045627408476_1.jpg,5045627408476_2.jpg,5045627408476_3.jpg,5045627408476_4.jpg,5045627408476_5.jpg,5045627408476_6.jpg,5045627408476_7.jpg,5045627408476_8.jpg,5045627408476_9.jpg,5045627408476_11.jpg",active,Brown,8089395
5045627408568,5045627408476_1.jpg,"5045627408476_1.jpg,5045627408476_2.jpg,5045627408476_3.jpg,5045627408476_4.jpg,5045627408476_5.jpg,5045627408476_6.jpg,5045627408476_7.jpg,5045627408476_8.jpg,5045627408476_9.jpg,5045627408476_11.jpg",active,Brown,8089395
5045627408599,5045627408476_1.jpg,"5045627408476_1.jpg,5045627408476_2.jpg,5045627408476_3.jpg,5045627408476_4.jpg,5045627408476_5.jpg,5045627408476_6.jpg,5045627408476_7.jpg,5045627408476_8.jpg,5045627408476_9.jpg,5045627408476_11.jpg",active,Brown,8089395
5045627408681,5045627408476_1.jpg,"5045627408476_1.jpg,5045627408476_2.jpg,5045627408476_3.jpg,5045627408476_4.jpg,5045627408476_5.jpg,5045627408476_6.jpg,5045627408476_7.jpg,5045627408476_8.jpg,5045627408476_9.jpg,5045627408476_11.jpg",active,Brown,8089395
5045627408711,5045627408476_1.jpg,"5045627408476_1.jpg,5045627408476_2.jpg,5045627408476_3.jpg,5045627408476_4.jpg,5045627408476_5.jpg,5045627408476_6.jpg,5045627408476_7.jpg,5045627408476_8.jpg,5045627408476_9.jpg,5045627408476_11.jpg",active,Brown,8089395
5045627408742,5045627408476_1.jpg,"5045627408476_1.jpg,5045627408476_2.jpg,5045627408476_3.jpg,5045627408476_4.jpg,5045627408476_5.jpg,5045627408476_6.jpg,5045627408476_7.jpg,5045627408476_8.jpg,5045627408476_9.jpg,5045627408476_11.jpg",active,Brown,8089395
5045627408773,5045627408476_1.jpg,"5045627408476_1.jpg,5045627408476_2.jpg,5045627408476_3.jpg,5045627408476_4.jpg,5045627408476_5.jpg,5045627408476_6.jpg,5045627408476_7.jpg,5045627408476_8.jpg,5045627408476_9.jpg,5045627408476_11.jpg",active,Brown,8089395
5045627408803,5045627408476_1.jpg,"5045627408476_1.jpg,5045627408476_2.jpg,5045627408476_3.jpg,5045627408476_4.jpg,5045627408476_5.jpg,5045627408476_6.jpg,5045627408476_7.jpg,5045627408476_8.jpg,5045627408476_9.jpg,5045627408476_11.jpg",active,Brown,8089395
5045627094907,5045627094907_1.jpg,"5045627094907_1.jpg,5045627094907_2.jpg,5045627094907_3.jpg,5045627094907_4.jpg,5045627094907_5.jpg,5045627094907_11.jpg",active,Grey,8087286
5045627094938,5045627094907_1.jpg,"5045627094907_1.jpg,5045627094907_2.jpg,5045627094907_3.jpg,5045627094907_4.jpg,5045627094907_5.jpg,5045627094907_11.jpg",active,Grey,8087286
5045627094969,5045627094907_1.jpg,"5045627094907_1.jpg,5045627094907_2.jpg,5045627094907_3.jpg,5045627094907_4.jpg,5045627094907_5.jpg,5045627094907_11.jpg",active,Grey,8087286
5045627094990,5045627094907_1.jpg,"5045627094907_1.jpg,5045627094907_2.jpg,5045627094907_3.jpg,5045627094907_4.jpg,5045627094907_5.jpg,5045627094907_11.jpg",active,Grey,8087286
5045627095027,5045627094907_1.jpg,"5045627094907_1.jpg,5045627094907_2.jpg,5045627094907_3.jpg,5045627094907_4.jpg,5045627094907_5.jpg,5045627094907_11.jpg",active,Grey,8087286
5045627095058,5045627094907_1.jpg,"5045627094907_1.jpg,5045627094907_2.jpg,5045627094907_3.jpg,5045627094907_4.jpg,5045627094907_5.jpg,5045627094907_11.jpg",active,Grey,8087286
5045627095089,5045627094907_1.jpg,"5045627094907_1.jpg,5045627094907_2.jpg,5045627094907_3.jpg,5045627094907_4.jpg,5045627094907_5.jpg,5045627094907_11.jpg",active,Grey,8087286
5045626731605,5045626731605_1.jpg,"5045626731605_1.jpg,5045626731605_2.jpg,5045626731605_3.jpg,5045626731605_4.jpg,5045626731605_5.jpg,5045626731605_11.jpg",active,Black,8087289
5045626731636,5045626731605_1.jpg,"5045626731605_1.jpg,5045626731605_2.jpg,5045626731605_3.jpg,5045626731605_4.jpg,5045626731605_5.jpg,5045626731605_11.jpg",active,Black,8087289
5045626731667,5045626731605_1.jpg,"5045626731605_1.jpg,5045626731605_2.jpg,5045626731605_3.jpg,5045626731605_4.jpg,5045626731605_5.jpg,5045626731605_11.jpg",active,Black,8087289
5045626731698,5045626731605_1.jpg,"5045626731605_1.jpg,5045626731605_2.jpg,5045626731605_3.jpg,5045626731605_4.jpg,5045626731605_5.jpg,5045626731605_11.jpg",active,Black,8087289
5045626108292,5045626108292_1.jpg,"5045626108292_1.jpg,5045626108292_2.jpg,5045626108292_3.jpg,5045626108292_4.jpg,5045626108292_5.jpg,5045626108292_11.jpg",active,Blue,8087265
5045626108322,5045626108292_1.jpg,"5045626108292_1.jpg,5045626108292_2.jpg,5045626108292_3.jpg,5045626108292_4.jpg,5045626108292_5.jpg,5045626108292_11.jpg",active,Blue,8087265
5045626108353,5045626108292_1.jpg,"5045626108292_1.jpg,5045626108292_2.jpg,5045626108292_3.jpg,5045626108292_4.jpg,5045626108292_5.jpg,5045626108292_11.jpg",active,Blue,8087265
5045626108384,5045626108292_1.jpg,"5045626108292_1.jpg,5045626108292_2.jpg,5045626108292_3.jpg,5045626108292_4.jpg,5045626108292_5.jpg,5045626108292_11.jpg",active,Blue,8087265
5045626108414,5045626108292_1.jpg,"5045626108292_1.jpg,5045626108292_2.jpg,5045626108292_3.jpg,5045626108292_4.jpg,5045626108292_5.jpg,5045626108292_11.jpg",active,Blue,8087265
5045626108445,5045626108292_1.jpg,"5045626108292_1.jpg,5045626108292_2.jpg,5045626108292_3.jpg,5045626108292_4.jpg,5045626108292_5.jpg,5045626108292_11.jpg",active,Blue,8087265
5045626108476,5045626108292_1.jpg,"5045626108292_1.jpg,5045626108292_2.jpg,5045626108292_3.jpg,5045626108292_4.jpg,5045626108292_5.jpg,5045626108292_11.jpg",active,Blue,8087265
5045620915858,5045620915858_1.jpg,"5045620915858_1.jpg,5045620915858_2.jpg,5045620915858_3.jpg,5045620915858_4.jpg,5045620915858_5.jpg,5045620915858_6.jpg,5045620915858_11.jpg",active,Black,8087617
5045620915889,5045620915858_1.jpg,"5045620915858_1.jpg,5045620915858_2.jpg,5045620915858_3.jpg,5045620915858_4.jpg,5045620915858_5.jpg,5045620915858_6.jpg,5045620915858_11.jpg",active,Black,8087617
5045620915919,5045620915858_1.jpg,"5045620915858_1.jpg,5045620915858_2.jpg,5045620915858_3.jpg,5045620915858_4.jpg,5045620915858_5.jpg,5045620915858_6.jpg,5045620915858_11.jpg",active,Black,8087617
5045620915940,5045620915858_1.jpg,"5045620915858_1.jpg,5045620915858_2.jpg,5045620915858_3.jpg,5045620915858_4.jpg,5045620915858_5.jpg,5045620915858_6.jpg,5045620915858_11.jpg",active,Black,8087617
5045620915971,5045620915858_1.jpg,"5045620915858_1.jpg,5045620915858_2.jpg,5045620915858_3.jpg,5045620915858_4.jpg,5045620915858_5.jpg,5045620915858_6.jpg,5045620915858_11.jpg",active,Black,8087617
5045620916008,5045620915858_1.jpg,"5045620915858_1.jpg,5045620915858_2.jpg,5045620915858_3.jpg,5045620915858_4.jpg,5045620915858_5.jpg,5045620915858_6.jpg,5045620915858_11.jpg",active,Black,8087617
5045620916039,5045620915858_1.jpg,"5045620915858_1.jpg,5045620915858_2.jpg,5045620915858_3.jpg,5045620915858_4.jpg,5045620915858_5.jpg,5045620915858_6.jpg,5045620915858_11.jpg",active,Black,8087617
5045620916060,5045620915858_1.jpg,"5045620915858_1.jpg,5045620915858_2.jpg,5045620915858_3.jpg,5045620915858_4.jpg,5045620915858_5.jpg,5045620915858_6.jpg,5045620915858_11.jpg",active,Black,8087617
5045620916091,5045620915858_1.jpg,"5045620915858_1.jpg,5045620915858_2.jpg,5045620915858_3.jpg,5045620915858_4.jpg,5045620915858_5.jpg,5045620915858_6.jpg,5045620915858_11.jpg",active,Black,8087617
5045620916121,5045620915858_1.jpg,"5045620915858_1.jpg,5045620915858_2.jpg,5045620915858_3.jpg,5045620915858_4.jpg,5045620915858_5.jpg,5045620915858_6.jpg,5045620915858_11.jpg",active,Black,8087617
5045620916152,5045620915858_1.jpg,"5045620915858_1.jpg,5045620915858_2.jpg,5045620915858_3.jpg,5045620915858_4.jpg,5045620915858_5.jpg,5045620915858_6.jpg,5045620915858_11.jpg",active,Black,8087617
5045620916183,5045620915858_1.jpg,"5045620915858_1.jpg,5045620915858_2.jpg,5045620915858_3.jpg,5045620915858_4.jpg,5045620915858_5.jpg,5045620915858_6.jpg,5045620915858_11.jpg",active,Black,8087617
5045620916213,5045620915858_1.jpg,"5045620915858_1.jpg,5045620915858_2.jpg,5045620915858_3.jpg,5045620915858_4.jpg,5045620915858_5.jpg,5045620915858_6.jpg,5045620915858_11.jpg",active,Black,8087617
5045620916244,5045620915858_1.jpg,"5045620915858_1.jpg,5045620915858_2.jpg,5045620915858_3.jpg,5045620915858_4.jpg,5045620915858_5.jpg,5045620915858_6.jpg,5045620915858_11.jpg",active,Black,8087617
5045620916275,5045620915858_1.jpg,"5045620915858_1.jpg,5045620915858_2.jpg,5045620915858_3.jpg,5045620915858_4.jpg,5045620915858_5.jpg,5045620915858_6.jpg,5045620915858_11.jpg",active,Black,8087617
5045623882232,5045620915858_1.jpg,"5045620915858_1.jpg,5045620915858_2.jpg,5045620915858_3.jpg,5045620915858_4.jpg,5045620915858_5.jpg,5045620915858_6.jpg,5045620915858_11.jpg",active,Black,8087617
5045623882263,5045620915858_1.jpg,"5045620915858_1.jpg,5045620915858_2.jpg,5045620915858_3.jpg,5045620915858_4.jpg,5045620915858_5.jpg,5045620915858_6.jpg,5045620915858_11.jpg",active,Black,8087617
5045623882294,5045620915858_1.jpg,"5045620915858_1.jpg,5045620915858_2.jpg,5045620915858_3.jpg,5045620915858_4.jpg,5045620915858_5.jpg,5045620915858_6.jpg,5045620915858_11.jpg",active,Black,8087617
5045623905825,5045620915858_1.jpg,"5045620915858_1.jpg,5045620915858_2.jpg,5045620915858_3.jpg,5045620915858_4.jpg,5045620915858_5.jpg,5045620915858_6.jpg,5045620915858_11.jpg",active,Black,8087617
5045624361156,5045620915858_1.jpg,"5045620915858_1.jpg,5045620915858_2.jpg,5045620915858_3.jpg,5045620915858_4.jpg,5045620915858_5.jpg,5045620915858_6.jpg,5045620915858_11.jpg",active,Black,8087617
5045625725032,5045625725032_1.jpg,"5045625725032_1.jpg,5045625725032_2.jpg,5045625725032_3.jpg,5045625725032_4.jpg,5045625725032_5.jpg,5045625725032_6.jpg,5045625725032_11.jpg",active,Black,8089220
5045625725063,5045625725032_1.jpg,"5045625725032_1.jpg,5045625725032_2.jpg,5045625725032_3.jpg,5045625725032_4.jpg,5045625725032_5.jpg,5045625725032_6.jpg,5045625725032_11.jpg",active,Black,8089220
5045625725094,5045625725032_1.jpg,"5045625725032_1.jpg,5045625725032_2.jpg,5045625725032_3.jpg,5045625725032_4.jpg,5045625725032_5.jpg,5045625725032_6.jpg,5045625725032_11.jpg",active,Black,8089220
5045625725124,5045625725032_1.jpg,"5045625725032_1.jpg,5045625725032_2.jpg,5045625725032_3.jpg,5045625725032_4.jpg,5045625725032_5.jpg,5045625725032_6.jpg,5045625725032_11.jpg",active,Black,8089220
5045625725155,5045625725032_1.jpg,"5045625725032_1.jpg,5045625725032_2.jpg,5045625725032_3.jpg,5045625725032_4.jpg,5045625725032_5.jpg,5045625725032_6.jpg,5045625725032_11.jpg",active,Black,8089220
5045625725186,5045625725032_1.jpg,"5045625725032_1.jpg,5045625725032_2.jpg,5045625725032_3.jpg,5045625725032_4.jpg,5045625725032_5.jpg,5045625725032_6.jpg,5045625725032_11.jpg",active,Black,8089220
5045625725216,5045625725032_1.jpg,"5045625725032_1.jpg,5045625725032_2.jpg,5045625725032_3.jpg,5045625725032_4.jpg,5045625725032_5.jpg,5045625725032_6.jpg,5045625725032_11.jpg",active,Black,8089220
5045625725247,5045625725032_1.jpg,"5045625725032_1.jpg,5045625725032_2.jpg,5045625725032_3.jpg,5045625725032_4.jpg,5045625725032_5.jpg,5045625725032_6.jpg,5045625725032_11.jpg",active,Black,8089220
5045625990706,5045625990706_1.jpg,"5045625990706_1.jpg,5045625990706_2.jpg,5045625990706_3.jpg,5045625990706_4.jpg,5045625990706_5.jpg,5045625990706_6.jpg,5045625990706_7.jpg,5045625990706_11.jpg",active,Black,8087257
5045625990737,5045625990706_1.jpg,"5045625990706_1.jpg,5045625990706_2.jpg,5045625990706_3.jpg,5045625990706_4.jpg,5045625990706_5.jpg,5045625990706_6.jpg,5045625990706_7.jpg,5045625990706_11.jpg",active,Black,8087257
5045625990768,5045625990706_1.jpg,"5045625990706_1.jpg,5045625990706_2.jpg,5045625990706_3.jpg,5045625990706_4.jpg,5045625990706_5.jpg,5045625990706_6.jpg,5045625990706_7.jpg,5045625990706_11.jpg",active,Black,8087257
5045625990799,5045625990706_1.jpg,"5045625990706_1.jpg,5045625990706_2.jpg,5045625990706_3.jpg,5045625990706_4.jpg,5045625990706_5.jpg,5045625990706_6.jpg,5045625990706_7.jpg,5045625990706_11.jpg",active,Black,8087257
5045625990829,5045625990706_1.jpg,"5045625990706_1.jpg,5045625990706_2.jpg,5045625990706_3.jpg,5045625990706_4.jpg,5045625990706_5.jpg,5045625990706_6.jpg,5045625990706_7.jpg,5045625990706_11.jpg",active,Black,8087257
5045625990850,5045625990706_1.jpg,"5045625990706_1.jpg,5045625990706_2.jpg,5045625990706_3.jpg,5045625990706_4.jpg,5045625990706_5.jpg,5045625990706_6.jpg,5045625990706_7.jpg,5045625990706_11.jpg",active,Black,8087257
5045625990881,5045625990706_1.jpg,"5045625990706_1.jpg,5045625990706_2.jpg,5045625990706_3.jpg,5045625990706_4.jpg,5045625990706_5.jpg,5045625990706_6.jpg,5045625990706_7.jpg,5045625990706_11.jpg",active,Black,8087257
5045625990911,5045625990706_1.jpg,"5045625990706_1.jpg,5045625990706_2.jpg,5045625990706_3.jpg,5045625990706_4.jpg,5045625990706_5.jpg,5045625990706_6.jpg,5045625990706_7.jpg,5045625990706_11.jpg",active,Black,8087257
5045625206388,5045625206388_1.jpg,"5045625206388_1.jpg,5045625206388_2.jpg,5045625206388_3.jpg,5045625206388_4.jpg,5045625206388_5.jpg,5045625206388_6.jpg,5045625206388_7.jpg,5045625206388_8.jpg,5045625206388_9.jpg,5045625206388_10.jpg,5045625206388_11.jpg",active,Brown,8089458
5045627415276,5045627415276_1.jpg,"5045627415276_1.jpg,5045627415276_2.jpg,5045627415276_3.jpg,5045627415276_4.jpg,5045627415276_5.jpg,5045627415276_6.jpg,5045627415276_11.jpg",active,Miscellaneous,8089430
5045627415306,5045627415276_1.jpg,"5045627415276_1.jpg,5045627415276_2.jpg,5045627415276_3.jpg,5045627415276_4.jpg,5045627415276_5.jpg,5045627415276_6.jpg,5045627415276_11.jpg",active,Miscellaneous,8089430
5045627415337,5045627415276_1.jpg,"5045627415276_1.jpg,5045627415276_2.jpg,5045627415276_3.jpg,5045627415276_4.jpg,5045627415276_5.jpg,5045627415276_6.jpg,5045627415276_11.jpg",active,Miscellaneous,8089430
5045626982250,5045626982250_1.jpg,"5045626982250_1.jpg,5045626982250_2.jpg,5045626982250_3.jpg,5045626982250_4.jpg,5045626982250_5.jpg,5045626982250_6.jpg,5045626982250_7.jpg,5045626982250_8.jpg,5045626982250_9.jpg,5045626982250_10.jpg,5045626982250_11.jpg",active,Pink,8087439
5045626982281,5045626982250_1.jpg,"5045626982250_1.jpg,5045626982250_2.jpg,5045626982250_3.jpg,5045626982250_4.jpg,5045626982250_5.jpg,5045626982250_6.jpg,5045626982250_7.jpg,5045626982250_8.jpg,5045626982250_9.jpg,5045626982250_10.jpg,5045626982250_11.jpg",active,Pink,8087439
5045626982311,5045626982250_1.jpg,"5045626982250_1.jpg,5045626982250_2.jpg,5045626982250_3.jpg,5045626982250_4.jpg,5045626982250_5.jpg,5045626982250_6.jpg,5045626982250_7.jpg,5045626982250_8.jpg,5045626982250_9.jpg,5045626982250_10.jpg,5045626982250_11.jpg",active,Pink,8087439
5045626982342,5045626982250_1.jpg,"5045626982250_1.jpg,5045626982250_2.jpg,5045626982250_3.jpg,5045626982250_4.jpg,5045626982250_5.jpg,5045626982250_6.jpg,5045626982250_7.jpg,5045626982250_8.jpg,5045626982250_9.jpg,5045626982250_10.jpg,5045626982250_11.jpg",active,Pink,8087439
5045626982373,5045626982250_1.jpg,"5045626982250_1.jpg,5045626982250_2.jpg,5045626982250_3.jpg,5045626982250_4.jpg,5045626982250_5.jpg,5045626982250_6.jpg,5045626982250_7.jpg,5045626982250_8.jpg,5045626982250_9.jpg,5045626982250_10.jpg,5045626982250_11.jpg",active,Pink,8087439
5045626982403,5045626982250_1.jpg,"5045626982250_1.jpg,5045626982250_2.jpg,5045626982250_3.jpg,5045626982250_4.jpg,5045626982250_5.jpg,5045626982250_6.jpg,5045626982250_7.jpg,5045626982250_8.jpg,5045626982250_9.jpg,5045626982250_10.jpg,5045626982250_11.jpg",active,Pink,8087439
5045627505724,5045627505724_1.jpg,"5045627505724_1.jpg,5045627505724_2.jpg,5045627505724_3.jpg,5045627505724_4.jpg,5045627505724_5.jpg,5045627505724_11.jpg",active,Beige,8089292
5045626068428,5045626068428_1.jpg,"5045626068428_1.jpg,5045626068428_2.jpg,5045626068428_3.jpg,5045626068428_4.jpg,5045626068428_5.jpg,5045626068428_6.jpg,5045626068428_11.jpg",active,Grey,8087287
5045626068459,5045626068428_1.jpg,"5045626068428_1.jpg,5045626068428_2.jpg,5045626068428_3.jpg,5045626068428_4.jpg,5045626068428_5.jpg,5045626068428_6.jpg,5045626068428_11.jpg",active,Grey,8087287
5045626068480,5045626068428_1.jpg,"5045626068428_1.jpg,5045626068428_2.jpg,5045626068428_3.jpg,5045626068428_4.jpg,5045626068428_5.jpg,5045626068428_6.jpg,5045626068428_11.jpg",active,Grey,8087287
5045626068510,5045626068428_1.jpg,"5045626068428_1.jpg,5045626068428_2.jpg,5045626068428_3.jpg,5045626068428_4.jpg,5045626068428_5.jpg,5045626068428_6.jpg,5045626068428_11.jpg",active,Grey,8087287
5045626068541,5045626068428_1.jpg,"5045626068428_1.jpg,5045626068428_2.jpg,5045626068428_3.jpg,5045626068428_4.jpg,5045626068428_5.jpg,5045626068428_6.jpg,5045626068428_11.jpg",active,Grey,8087287
5045626068572,5045626068428_1.jpg,"5045626068428_1.jpg,5045626068428_2.jpg,5045626068428_3.jpg,5045626068428_4.jpg,5045626068428_5.jpg,5045626068428_6.jpg,5045626068428_11.jpg",active,Grey,8087287
5045626068602,5045626068428_1.jpg,"5045626068428_1.jpg,5045626068428_2.jpg,5045626068428_3.jpg,5045626068428_4.jpg,5045626068428_5.jpg,5045626068428_6.jpg,5045626068428_11.jpg",active,Grey,8087287
5045626068633,5045626068428_1.jpg,"5045626068428_1.jpg,5045626068428_2.jpg,5045626068428_3.jpg,5045626068428_4.jpg,5045626068428_5.jpg,5045626068428_6.jpg,5045626068428_11.jpg",active,Grey,8087287
5045558994963,5045558994963_1.jpg,"5045558994963_1.jpg,5045558994963_2.jpg,5045558994963_3.jpg,5045558994963_4.jpg,5045558994963_5.jpg,5045558994963_11.jpg",active,Blue,8087297
5045558995021,5045558994963_1.jpg,"5045558994963_1.jpg,5045558994963_2.jpg,5045558994963_3.jpg,5045558994963_4.jpg,5045558994963_5.jpg,5045558994963_11.jpg",active,Blue,8087297
5045558995083,5045558994963_1.jpg,"5045558994963_1.jpg,5045558994963_2.jpg,5045558994963_3.jpg,5045558994963_4.jpg,5045558994963_5.jpg,5045558994963_11.jpg",active,Blue,8087297
5045558995144,5045558994963_1.jpg,"5045558994963_1.jpg,5045558994963_2.jpg,5045558994963_3.jpg,5045558994963_4.jpg,5045558994963_5.jpg,5045558994963_11.jpg",active,Blue,8087297
5045558995205,5045558994963_1.jpg,"5045558994963_1.jpg,5045558994963_2.jpg,5045558994963_3.jpg,5045558994963_4.jpg,5045558994963_5.jpg,5045558994963_11.jpg",active,Blue,8087297
5045558995267,5045558994963_1.jpg,"5045558994963_1.jpg,5045558994963_2.jpg,5045558994963_3.jpg,5045558994963_4.jpg,5045558994963_5.jpg,5045558994963_11.jpg",active,Blue,8087297
5045558995328,5045558994963_1.jpg,"5045558994963_1.jpg,5045558994963_2.jpg,5045558994963_3.jpg,5045558994963_4.jpg,5045558994963_5.jpg,5045558994963_11.jpg",active,Blue,8087297
5045626116273,5045626116273_1.jpg,"5045626116273_1.jpg,5045626116273_2.jpg,5045626116273_3.jpg,5045626116273_4.jpg,5045626116273_11.jpg",active,Blue,8087342
5045626116303,5045626116273_1.jpg,"5045626116273_1.jpg,5045626116273_2.jpg,5045626116273_3.jpg,5045626116273_4.jpg,5045626116273_11.jpg",active,Blue,8087342
5045626116334,5045626116273_1.jpg,"5045626116273_1.jpg,5045626116273_2.jpg,5045626116273_3.jpg,5045626116273_4.jpg,5045626116273_11.jpg",active,Blue,8087342
5045626116365,5045626116273_1.jpg,"5045626116273_1.jpg,5045626116273_2.jpg,5045626116273_3.jpg,5045626116273_4.jpg,5045626116273_11.jpg",active,Blue,8087342
5045626116396,5045626116273_1.jpg,"5045626116273_1.jpg,5045626116273_2.jpg,5045626116273_3.jpg,5045626116273_4.jpg,5045626116273_11.jpg",active,Blue,8087342
5045626116426,5045626116273_1.jpg,"5045626116273_1.jpg,5045626116273_2.jpg,5045626116273_3.jpg,5045626116273_4.jpg,5045626116273_11.jpg",active,Blue,8087342
5045626116457,5045626116273_1.jpg,"5045626116273_1.jpg,5045626116273_2.jpg,5045626116273_3.jpg,5045626116273_4.jpg,5045626116273_11.jpg",active,Blue,8087342
5045626759968,5045626759968_1.jpg,"5045626759968_1.jpg,5045626759968_2.jpg,5045626759968_3.jpg,5045626759968_4.jpg,5045626759968_5.jpg,5045626759968_6.jpg,5045626759968_11.jpg",active,Brown,8087296
5045626759999,5045626759968_1.jpg,"5045626759968_1.jpg,5045626759968_2.jpg,5045626759968_3.jpg,5045626759968_4.jpg,5045626759968_5.jpg,5045626759968_6.jpg,5045626759968_11.jpg",active,Brown,8087296
5045626760025,5045626759968_1.jpg,"5045626759968_1.jpg,5045626759968_2.jpg,5045626759968_3.jpg,5045626759968_4.jpg,5045626759968_5.jpg,5045626759968_6.jpg,5045626759968_11.jpg",active,Brown,8087296
5045626760056,5045626759968_1.jpg,"5045626759968_1.jpg,5045626759968_2.jpg,5045626759968_3.jpg,5045626759968_4.jpg,5045626759968_5.jpg,5045626759968_6.jpg,5045626759968_11.jpg",active,Brown,8087296
5045626760087,5045626759968_1.jpg,"5045626759968_1.jpg,5045626759968_2.jpg,5045626759968_3.jpg,5045626759968_4.jpg,5045626759968_5.jpg,5045626759968_6.jpg,5045626759968_11.jpg",active,Brown,8087296
5045626760117,5045626759968_1.jpg,"5045626759968_1.jpg,5045626759968_2.jpg,5045626759968_3.jpg,5045626759968_4.jpg,5045626759968_5.jpg,5045626759968_6.jpg,5045626759968_11.jpg",active,Brown,8087296
5045626760148,5045626759968_1.jpg,"5045626759968_1.jpg,5045626759968_2.jpg,5045626759968_3.jpg,5045626759968_4.jpg,5045626759968_5.jpg,5045626759968_6.jpg,5045626759968_11.jpg",active,Brown,8087296
5045625852035,5045625852035_1.jpg,"5045625852035_1.jpg,5045625852035_2.jpg,5045625852035_3.jpg,5045625852035_4.jpg,5045625852035_5.jpg,5045625852035_6.jpg,5045625852035_11.jpg",active,Brown,8087564
5045625852066,5045625852035_1.jpg,"5045625852035_1.jpg,5045625852035_2.jpg,5045625852035_3.jpg,5045625852035_4.jpg,5045625852035_5.jpg,5045625852035_6.jpg,5045625852035_11.jpg",active,Brown,8087564
5045625852097,5045625852035_1.jpg,"5045625852035_1.jpg,5045625852035_2.jpg,5045625852035_3.jpg,5045625852035_4.jpg,5045625852035_5.jpg,5045625852035_6.jpg,5045625852035_11.jpg",active,Brown,8087564
5045625852127,5045625852035_1.jpg,"5045625852035_1.jpg,5045625852035_2.jpg,5045625852035_3.jpg,5045625852035_4.jpg,5045625852035_5.jpg,5045625852035_6.jpg,5045625852035_11.jpg",active,Brown,8087564
5045625852158,5045625852035_1.jpg,"5045625852035_1.jpg,5045625852035_2.jpg,5045625852035_3.jpg,5045625852035_4.jpg,5045625852035_5.jpg,5045625852035_6.jpg,5045625852035_11.jpg",active,Brown,8087564
5045625852189,5045625852035_1.jpg,"5045625852035_1.jpg,5045625852035_2.jpg,5045625852035_3.jpg,5045625852035_4.jpg,5045625852035_5.jpg,5045625852035_6.jpg,5045625852035_11.jpg",active,Brown,8087564
5045625852219,5045625852035_1.jpg,"5045625852035_1.jpg,5045625852035_2.jpg,5045625852035_3.jpg,5045625852035_4.jpg,5045625852035_5.jpg,5045625852035_6.jpg,5045625852035_11.jpg",active,Brown,8087564
5045625852240,5045625852035_1.jpg,"5045625852035_1.jpg,5045625852035_2.jpg,5045625852035_3.jpg,5045625852035_4.jpg,5045625852035_5.jpg,5045625852035_6.jpg,5045625852035_11.jpg",active,Brown,8087564
5045625852271,5045625852035_1.jpg,"5045625852035_1.jpg,5045625852035_2.jpg,5045625852035_3.jpg,5045625852035_4.jpg,5045625852035_5.jpg,5045625852035_6.jpg,5045625852035_11.jpg",active,Brown,8087564
5045625852301,5045625852035_1.jpg,"5045625852035_1.jpg,5045625852035_2.jpg,5045625852035_3.jpg,5045625852035_4.jpg,5045625852035_5.jpg,5045625852035_6.jpg,5045625852035_11.jpg",active,Brown,8087564
5045625852332,5045625852035_1.jpg,"5045625852035_1.jpg,5045625852035_2.jpg,5045625852035_3.jpg,5045625852035_4.jpg,5045625852035_5.jpg,5045625852035_6.jpg,5045625852035_11.jpg",active,Brown,8087564
5045625852363,5045625852035_1.jpg,"5045625852035_1.jpg,5045625852035_2.jpg,5045625852035_3.jpg,5045625852035_4.jpg,5045625852035_5.jpg,5045625852035_6.jpg,5045625852035_11.jpg",active,Brown,8087564
5045625852394,5045625852035_1.jpg,"5045625852035_1.jpg,5045625852035_2.jpg,5045625852035_3.jpg,5045625852035_4.jpg,5045625852035_5.jpg,5045625852035_6.jpg,5045625852035_11.jpg",active,Brown,8087564
5045624414005,5045624414005_1.jpg,"5045624414005_1.jpg,5045624414005_2.jpg,5045624414005_3.jpg,5045624414005_4.jpg,5045624414005_5.jpg,5045624414005_6.jpg,5045624414005_11.jpg",active,Black,8087442
5045624414036,5045624414005_1.jpg,"5045624414005_1.jpg,5045624414005_2.jpg,5045624414005_3.jpg,5045624414005_4.jpg,5045624414005_5.jpg,5045624414005_6.jpg,5045624414005_11.jpg",active,Black,8087442
5045624414067,5045624414005_1.jpg,"5045624414005_1.jpg,5045624414005_2.jpg,5045624414005_3.jpg,5045624414005_4.jpg,5045624414005_5.jpg,5045624414005_6.jpg,5045624414005_11.jpg",active,Black,8087442
5045624414098,5045624414005_1.jpg,"5045624414005_1.jpg,5045624414005_2.jpg,5045624414005_3.jpg,5045624414005_4.jpg,5045624414005_5.jpg,5045624414005_6.jpg,5045624414005_11.jpg",active,Black,8087442
5045624414128,5045624414005_1.jpg,"5045624414005_1.jpg,5045624414005_2.jpg,5045624414005_3.jpg,5045624414005_4.jpg,5045624414005_5.jpg,5045624414005_6.jpg,5045624414005_11.jpg",active,Black,8087442
5045624414159,5045624414005_1.jpg,"5045624414005_1.jpg,5045624414005_2.jpg,5045624414005_3.jpg,5045624414005_4.jpg,5045624414005_5.jpg,5045624414005_6.jpg,5045624414005_11.jpg",active,Black,8087442
5045624414180,5045624414005_1.jpg,"5045624414005_1.jpg,5045624414005_2.jpg,5045624414005_3.jpg,5045624414005_4.jpg,5045624414005_5.jpg,5045624414005_6.jpg,5045624414005_11.jpg",active,Black,8087442
5045626110066,5045626110066_1.jpg,"5045626110066_1.jpg,5045626110066_2.jpg,5045626110066_3.jpg,5045626110066_4.jpg,5045626110066_5.jpg,5045626110066_11.jpg",active,Green,8089306
5045626110097,5045626110066_1.jpg,"5045626110066_1.jpg,5045626110066_2.jpg,5045626110066_3.jpg,5045626110066_4.jpg,5045626110066_5.jpg,5045626110066_11.jpg",active,Green,8089306
5045626110127,5045626110066_1.jpg,"5045626110066_1.jpg,5045626110066_2.jpg,5045626110066_3.jpg,5045626110066_4.jpg,5045626110066_5.jpg,5045626110066_11.jpg",active,Green,8089306
5045626110158,5045626110066_1.jpg,"5045626110066_1.jpg,5045626110066_2.jpg,5045626110066_3.jpg,5045626110066_4.jpg,5045626110066_5.jpg,5045626110066_11.jpg",active,Green,8089306
5045626072593,5045626072593_1.jpg,"5045626072593_1.jpg,5045626072593_2.jpg,5045626072593_3.jpg,5045626072593_4.jpg,5045626072593_11.jpg",active,Brown,8087308
5045626072623,5045626072593_1.jpg,"5045626072593_1.jpg,5045626072593_2.jpg,5045626072593_3.jpg,5045626072593_4.jpg,5045626072593_11.jpg",active,Brown,8087308
5045626072654,5045626072593_1.jpg,"5045626072593_1.jpg,5045626072593_2.jpg,5045626072593_3.jpg,5045626072593_4.jpg,5045626072593_11.jpg",active,Brown,8087308
5045626072685,5045626072593_1.jpg,"5045626072593_1.jpg,5045626072593_2.jpg,5045626072593_3.jpg,5045626072593_4.jpg,5045626072593_11.jpg",active,Brown,8087308
5045626072715,5045626072593_1.jpg,"5045626072593_1.jpg,5045626072593_2.jpg,5045626072593_3.jpg,5045626072593_4.jpg,5045626072593_11.jpg",active,Brown,8087308
5045626072746,5045626072593_1.jpg,"5045626072593_1.jpg,5045626072593_2.jpg,5045626072593_3.jpg,5045626072593_4.jpg,5045626072593_11.jpg",active,Brown,8087308
5045626072807,5045626072593_1.jpg,"5045626072593_1.jpg,5045626072593_2.jpg,5045626072593_3.jpg,5045626072593_4.jpg,5045626072593_11.jpg",active,Brown,8087308
5045626328560,5045626328560_1.jpg,"5045626328560_1.jpg,5045626328560_2.jpg,5045626328560_3.jpg,5045626328560_4.jpg,5045626328560_5.jpg,5045626328560_6.jpg,5045626328560_7.jpg,5045626328560_8.jpg,5045626328560_11.jpg",active,Blue,8087306
5045626328591,5045626328560_1.jpg,"5045626328560_1.jpg,5045626328560_2.jpg,5045626328560_3.jpg,5045626328560_4.jpg,5045626328560_5.jpg,5045626328560_6.jpg,5045626328560_7.jpg,5045626328560_8.jpg,5045626328560_11.jpg",active,Blue,8087306
5045626328621,5045626328560_1.jpg,"5045626328560_1.jpg,5045626328560_2.jpg,5045626328560_3.jpg,5045626328560_4.jpg,5045626328560_5.jpg,5045626328560_6.jpg,5045626328560_7.jpg,5045626328560_8.jpg,5045626328560_11.jpg",active,Blue,8087306
5045626328652,5045626328560_1.jpg,"5045626328560_1.jpg,5045626328560_2.jpg,5045626328560_3.jpg,5045626328560_4.jpg,5045626328560_5.jpg,5045626328560_6.jpg,5045626328560_7.jpg,5045626328560_8.jpg,5045626328560_11.jpg",active,Blue,8087306
5045626328683,5045626328560_1.jpg,"5045626328560_1.jpg,5045626328560_2.jpg,5045626328560_3.jpg,5045626328560_4.jpg,5045626328560_5.jpg,5045626328560_6.jpg,5045626328560_7.jpg,5045626328560_8.jpg,5045626328560_11.jpg",active,Blue,8087306
5045626328713,5045626328560_1.jpg,"5045626328560_1.jpg,5045626328560_2.jpg,5045626328560_3.jpg,5045626328560_4.jpg,5045626328560_5.jpg,5045626328560_6.jpg,5045626328560_7.jpg,5045626328560_8.jpg,5045626328560_11.jpg",active,Blue,8087306
5045626328744,5045626328560_1.jpg,"5045626328560_1.jpg,5045626328560_2.jpg,5045626328560_3.jpg,5045626328560_4.jpg,5045626328560_5.jpg,5045626328560_6.jpg,5045626328560_7.jpg,5045626328560_8.jpg,5045626328560_11.jpg",active,Blue,8087306
5045626328775,5045626328560_1.jpg,"5045626328560_1.jpg,5045626328560_2.jpg,5045626328560_3.jpg,5045626328560_4.jpg,5045626328560_5.jpg,5045626328560_6.jpg,5045626328560_7.jpg,5045626328560_8.jpg,5045626328560_11.jpg",active,Blue,8087306
5045625906400,5045625906400_1.jpg,"5045625906400_1.jpg,5045625906400_2.jpg,5045625906400_3.jpg,5045625906400_4.jpg,5045625906400_5.jpg,5045625906400_6.jpg,5045625906400_7.jpg,5045625906400_11.jpg",active,Blue,8087402
5045625906431,5045625906400_1.jpg,"5045625906400_1.jpg,5045625906400_2.jpg,5045625906400_3.jpg,5045625906400_4.jpg,5045625906400_5.jpg,5045625906400_6.jpg,5045625906400_7.jpg,5045625906400_11.jpg",active,Blue,8087402
5045625906462,5045625906400_1.jpg,"5045625906400_1.jpg,5045625906400_2.jpg,5045625906400_3.jpg,5045625906400_4.jpg,5045625906400_5.jpg,5045625906400_6.jpg,5045625906400_7.jpg,5045625906400_11.jpg",active,Blue,8087402
5045625906493,5045625906400_1.jpg,"5045625906400_1.jpg,5045625906400_2.jpg,5045625906400_3.jpg,5045625906400_4.jpg,5045625906400_5.jpg,5045625906400_6.jpg,5045625906400_7.jpg,5045625906400_11.jpg",active,Blue,8087402
5045625906523,5045625906400_1.jpg,"5045625906400_1.jpg,5045625906400_2.jpg,5045625906400_3.jpg,5045625906400_4.jpg,5045625906400_5.jpg,5045625906400_6.jpg,5045625906400_7.jpg,5045625906400_11.jpg",active,Blue,8087402
5045625906554,5045625906400_1.jpg,"5045625906400_1.jpg,5045625906400_2.jpg,5045625906400_3.jpg,5045625906400_4.jpg,5045625906400_5.jpg,5045625906400_6.jpg,5045625906400_7.jpg,5045625906400_11.jpg",active,Blue,8087402
5045625906585,5045625906400_1.jpg,"5045625906400_1.jpg,5045625906400_2.jpg,5045625906400_3.jpg,5045625906400_4.jpg,5045625906400_5.jpg,5045625906400_6.jpg,5045625906400_7.jpg,5045625906400_11.jpg",active,Blue,8087402
5045626101699,5045626101699_1.jpg,"5045626101699_1.jpg,5045626101699_2.jpg,5045626101699_3.jpg,5045626101699_4.jpg,5045626101699_5.jpg,5045626101699_11.jpg",active,Beige,8087304
5045626101729,5045626101699_1.jpg,"5045626101699_1.jpg,5045626101699_2.jpg,5045626101699_3.jpg,5045626101699_4.jpg,5045626101699_5.jpg,5045626101699_11.jpg",active,Beige,8087304
5045626101750,5045626101699_1.jpg,"5045626101699_1.jpg,5045626101699_2.jpg,5045626101699_3.jpg,5045626101699_4.jpg,5045626101699_5.jpg,5045626101699_11.jpg",active,Beige,8087304
5045626101781,5045626101699_1.jpg,"5045626101699_1.jpg,5045626101699_2.jpg,5045626101699_3.jpg,5045626101699_4.jpg,5045626101699_5.jpg,5045626101699_11.jpg",active,Beige,8087304
5045626101811,5045626101699_1.jpg,"5045626101699_1.jpg,5045626101699_2.jpg,5045626101699_3.jpg,5045626101699_4.jpg,5045626101699_5.jpg,5045626101699_11.jpg",active,Beige,8087304
5045626101842,5045626101699_1.jpg,"5045626101699_1.jpg,5045626101699_2.jpg,5045626101699_3.jpg,5045626101699_4.jpg,5045626101699_5.jpg,5045626101699_11.jpg",active,Beige,8087304
5045626101873,5045626101699_1.jpg,"5045626101699_1.jpg,5045626101699_2.jpg,5045626101699_3.jpg,5045626101699_4.jpg,5045626101699_5.jpg,5045626101699_11.jpg",active,Beige,8087304
5045625206203,5045625206203_1.jpg,"5045625206203_1.jpg,5045625206203_2.jpg,5045625206203_3.jpg,5045625206203_4.jpg,5045625206203_5.jpg,5045625206203_6.jpg,5045625206203_7.jpg,5045625206203_8.jpg,5045625206203_9.jpg,5045625206203_10.jpg,5045625206203_11.jpg",active,Black,8089463
5045627019344,5045627019344_1.jpg,"5045627019344_1.jpg,5045627019344_2.jpg,5045627019344_3.jpg,5045627019344_4.jpg,5045627019344_5.jpg,5045627019344_6.jpg,5045627019344_11.jpg",active,Brown,8087313
5045627019375,5045627019344_1.jpg,"5045627019344_1.jpg,5045627019344_2.jpg,5045627019344_3.jpg,5045627019344_4.jpg,5045627019344_5.jpg,5045627019344_6.jpg,5045627019344_11.jpg",active,Brown,8087313
5045627019405,5045627019344_1.jpg,"5045627019344_1.jpg,5045627019344_2.jpg,5045627019344_3.jpg,5045627019344_4.jpg,5045627019344_5.jpg,5045627019344_6.jpg,5045627019344_11.jpg",active,Brown,8087313
5045627019436,5045627019344_1.jpg,"5045627019344_1.jpg,5045627019344_2.jpg,5045627019344_3.jpg,5045627019344_4.jpg,5045627019344_5.jpg,5045627019344_6.jpg,5045627019344_11.jpg",active,Brown,8087313
5045627019467,5045627019344_1.jpg,"5045627019344_1.jpg,5045627019344_2.jpg,5045627019344_3.jpg,5045627019344_4.jpg,5045627019344_5.jpg,5045627019344_6.jpg,5045627019344_11.jpg",active,Brown,8087313
5045627019498,5045627019344_1.jpg,"5045627019344_1.jpg,5045627019344_2.jpg,5045627019344_3.jpg,5045627019344_4.jpg,5045627019344_5.jpg,5045627019344_6.jpg,5045627019344_11.jpg",active,Brown,8087313
5045627019528,5045627019344_1.jpg,"5045627019344_1.jpg,5045627019344_2.jpg,5045627019344_3.jpg,5045627019344_4.jpg,5045627019344_5.jpg,5045627019344_6.jpg,5045627019344_11.jpg",active,Brown,8087313
5045627019559,5045627019344_1.jpg,"5045627019344_1.jpg,5045627019344_2.jpg,5045627019344_3.jpg,5045627019344_4.jpg,5045627019344_5.jpg,5045627019344_6.jpg,5045627019344_11.jpg",active,Brown,8087313
5045627019580,5045627019344_1.jpg,"5045627019344_1.jpg,5045627019344_2.jpg,5045627019344_3.jpg,5045627019344_4.jpg,5045627019344_5.jpg,5045627019344_6.jpg,5045627019344_11.jpg",active,Brown,8087313
5045627019610,5045627019344_1.jpg,"5045627019344_1.jpg,5045627019344_2.jpg,5045627019344_3.jpg,5045627019344_4.jpg,5045627019344_5.jpg,5045627019344_6.jpg,5045627019344_11.jpg",active,Brown,8087313
5045625799392,5045625799392_1.jpg,"5045625799392_1.jpg,5045625799392_2.jpg,5045625799392_3.jpg,5045625799392_4.jpg,5045625799392_5.jpg,5045625799392_11.jpg",active,White,8087344
5045625799422,5045625799392_1.jpg,"5045625799392_1.jpg,5045625799392_2.jpg,5045625799392_3.jpg,5045625799392_4.jpg,5045625799392_5.jpg,5045625799392_11.jpg",active,White,8087344
5045625799453,5045625799392_1.jpg,"5045625799392_1.jpg,5045625799392_2.jpg,5045625799392_3.jpg,5045625799392_4.jpg,5045625799392_5.jpg,5045625799392_11.jpg",active,White,8087344
5045625799484,5045625799392_1.jpg,"5045625799392_1.jpg,5045625799392_2.jpg,5045625799392_3.jpg,5045625799392_4.jpg,5045625799392_5.jpg,5045625799392_11.jpg",active,White,8087344
5045625206111,5045625206111_1.jpg,"5045625206111_1.jpg,5045625206111_2.jpg,5045625206111_3.jpg,5045625206111_4.jpg,5045625206111_5.jpg,5045625206111_6.jpg,5045625206111_7.jpg,5045625206111_8.jpg,5045625206111_9.jpg,5045625206111_10.jpg,5045625206111_11.jpg",inactive,White,8089461
5045626781556,5045626781556_1.jpg,"5045626781556_1.jpg,5045626781556_2.jpg,5045626781556_3.jpg,5045626781556_4.jpg,5045626781556_5.jpg,5045626781556_6.jpg,5045626781556_7.jpg,5045626781556_8.jpg,5045626781556_11.jpg",active,Beige,8089435
5045626781587,5045626781556_1.jpg,"5045626781556_1.jpg,5045626781556_2.jpg,5045626781556_3.jpg,5045626781556_4.jpg,5045626781556_5.jpg,5045626781556_6.jpg,5045626781556_7.jpg,5045626781556_8.jpg,5045626781556_11.jpg",active,Beige,8089435
5045626781617,5045626781556_1.jpg,"5045626781556_1.jpg,5045626781556_2.jpg,5045626781556_3.jpg,5045626781556_4.jpg,5045626781556_5.jpg,5045626781556_6.jpg,5045626781556_7.jpg,5045626781556_8.jpg,5045626781556_11.jpg",active,Beige,8089435
5045626781648,5045626781556_1.jpg,"5045626781556_1.jpg,5045626781556_2.jpg,5045626781556_3.jpg,5045626781556_4.jpg,5045626781556_5.jpg,5045626781556_6.jpg,5045626781556_7.jpg,5045626781556_8.jpg,5045626781556_11.jpg",active,Beige,8089435
5045626781679,5045626781556_1.jpg,"5045626781556_1.jpg,5045626781556_2.jpg,5045626781556_3.jpg,5045626781556_4.jpg,5045626781556_5.jpg,5045626781556_6.jpg,5045626781556_7.jpg,5045626781556_8.jpg,5045626781556_11.jpg",active,Beige,8089435
5045626781761,5045626781556_1.jpg,"5045626781556_1.jpg,5045626781556_2.jpg,5045626781556_3.jpg,5045626781556_4.jpg,5045626781556_5.jpg,5045626781556_6.jpg,5045626781556_7.jpg,5045626781556_8.jpg,5045626781556_11.jpg",active,Beige,8089435
5045626781792,5045626781556_1.jpg,"5045626781556_1.jpg,5045626781556_2.jpg,5045626781556_3.jpg,5045626781556_4.jpg,5045626781556_5.jpg,5045626781556_6.jpg,5045626781556_7.jpg,5045626781556_8.jpg,5045626781556_11.jpg",active,Beige,8089435
5045626781822,5045626781556_1.jpg,"5045626781556_1.jpg,5045626781556_2.jpg,5045626781556_3.jpg,5045626781556_4.jpg,5045626781556_5.jpg,5045626781556_6.jpg,5045626781556_7.jpg,5045626781556_8.jpg,5045626781556_11.jpg",active,Beige,8089435
5045626781853,5045626781556_1.jpg,"5045626781556_1.jpg,5045626781556_2.jpg,5045626781556_3.jpg,5045626781556_4.jpg,5045626781556_5.jpg,5045626781556_6.jpg,5045626781556_7.jpg,5045626781556_8.jpg,5045626781556_11.jpg",active,Beige,8089435
5045626781884,5045626781556_1.jpg,"5045626781556_1.jpg,5045626781556_2.jpg,5045626781556_3.jpg,5045626781556_4.jpg,5045626781556_5.jpg,5045626781556_6.jpg,5045626781556_7.jpg,5045626781556_8.jpg,5045626781556_11.jpg",active,Beige,8089435
5045626207070,5045626207070_1.jpg,"5045626207070_1.jpg,5045626207070_2.jpg,5045626207070_3.jpg,5045626207070_4.jpg,5045626207070_5.jpg,5045626207070_6.jpg,5045626207070_7.jpg,5045626207070_8.jpg,5045626207070_11.jpg",active,Black,8087299
5045626207100,5045626207070_1.jpg,"5045626207070_1.jpg,5045626207070_2.jpg,5045626207070_3.jpg,5045626207070_4.jpg,5045626207070_5.jpg,5045626207070_6.jpg,5045626207070_7.jpg,5045626207070_8.jpg,5045626207070_11.jpg",active,Black,8087299
5045626207131,5045626207070_1.jpg,"5045626207070_1.jpg,5045626207070_2.jpg,5045626207070_3.jpg,5045626207070_4.jpg,5045626207070_5.jpg,5045626207070_6.jpg,5045626207070_7.jpg,5045626207070_8.jpg,5045626207070_11.jpg",active,Black,8087299
5045626207162,5045626207070_1.jpg,"5045626207070_1.jpg,5045626207070_2.jpg,5045626207070_3.jpg,5045626207070_4.jpg,5045626207070_5.jpg,5045626207070_6.jpg,5045626207070_7.jpg,5045626207070_8.jpg,5045626207070_11.jpg",active,Black,8087299
5045626207193,5045626207070_1.jpg,"5045626207070_1.jpg,5045626207070_2.jpg,5045626207070_3.jpg,5045626207070_4.jpg,5045626207070_5.jpg,5045626207070_6.jpg,5045626207070_7.jpg,5045626207070_8.jpg,5045626207070_11.jpg",active,Black,8087299
5045626207223,5045626207070_1.jpg,"5045626207070_1.jpg,5045626207070_2.jpg,5045626207070_3.jpg,5045626207070_4.jpg,5045626207070_5.jpg,5045626207070_6.jpg,5045626207070_7.jpg,5045626207070_8.jpg,5045626207070_11.jpg",active,Black,8087299
5045626207254,5045626207070_1.jpg,"5045626207070_1.jpg,5045626207070_2.jpg,5045626207070_3.jpg,5045626207070_4.jpg,5045626207070_5.jpg,5045626207070_6.jpg,5045626207070_7.jpg,5045626207070_8.jpg,5045626207070_11.jpg",active,Black,8087299
5045626207285,5045626207070_1.jpg,"5045626207070_1.jpg,5045626207070_2.jpg,5045626207070_3.jpg,5045626207070_4.jpg,5045626207070_5.jpg,5045626207070_6.jpg,5045626207070_7.jpg,5045626207070_8.jpg,5045626207070_11.jpg",active,Black,8087299
5045622346698,5045622346698_1.jpg,"5045622346698_1.jpg,5045622346698_2.jpg,5045622346698_3.jpg,5045622346698_4.jpg,5045622346698_5.jpg,5045622346698_6.jpg,5045622346698_7.jpg,5045622346698_8.jpg,5045622346698_9.jpg,5045622346698_10.jpg,5045622346698_11.jpg",active,Black,8087268
5045622346728,5045622346698_1.jpg,"5045622346698_1.jpg,5045622346698_2.jpg,5045622346698_3.jpg,5045622346698_4.jpg,5045622346698_5.jpg,5045622346698_6.jpg,5045622346698_7.jpg,5045622346698_8.jpg,5045622346698_9.jpg,5045622346698_10.jpg,5045622346698_11.jpg",active,Black,8087268
5045622346759,5045622346698_1.jpg,"5045622346698_1.jpg,5045622346698_2.jpg,5045622346698_3.jpg,5045622346698_4.jpg,5045622346698_5.jpg,5045622346698_6.jpg,5045622346698_7.jpg,5045622346698_8.jpg,5045622346698_9.jpg,5045622346698_10.jpg,5045622346698_11.jpg",active,Black,8087268
5045622346780,5045622346698_1.jpg,"5045622346698_1.jpg,5045622346698_2.jpg,5045622346698_3.jpg,5045622346698_4.jpg,5045622346698_5.jpg,5045622346698_6.jpg,5045622346698_7.jpg,5045622346698_8.jpg,5045622346698_9.jpg,5045622346698_10.jpg,5045622346698_11.jpg",active,Black,8087268
5045622346810,5045622346698_1.jpg,"5045622346698_1.jpg,5045622346698_2.jpg,5045622346698_3.jpg,5045622346698_4.jpg,5045622346698_5.jpg,5045622346698_6.jpg,5045622346698_7.jpg,5045622346698_8.jpg,5045622346698_9.jpg,5045622346698_10.jpg,5045622346698_11.jpg",active,Black,8087268
5045622346841,5045622346698_1.jpg,"5045622346698_1.jpg,5045622346698_2.jpg,5045622346698_3.jpg,5045622346698_4.jpg,5045622346698_5.jpg,5045622346698_6.jpg,5045622346698_7.jpg,5045622346698_8.jpg,5045622346698_9.jpg,5045622346698_10.jpg,5045622346698_11.jpg",active,Black,8087268
5045622346872,5045622346698_1.jpg,"5045622346698_1.jpg,5045622346698_2.jpg,5045622346698_3.jpg,5045622346698_4.jpg,5045622346698_5.jpg,5045622346698_6.jpg,5045622346698_7.jpg,5045622346698_8.jpg,5045622346698_9.jpg,5045622346698_10.jpg,5045622346698_11.jpg",active,Black,8087268
5045622346902,5045622346698_1.jpg,"5045622346698_1.jpg,5045622346698_2.jpg,5045622346698_3.jpg,5045622346698_4.jpg,5045622346698_5.jpg,5045622346698_6.jpg,5045622346698_7.jpg,5045622346698_8.jpg,5045622346698_9.jpg,5045622346698_10.jpg,5045622346698_11.jpg",active,Black,8087268
5045622346933,5045622346698_1.jpg,"5045622346698_1.jpg,5045622346698_2.jpg,5045622346698_3.jpg,5045622346698_4.jpg,5045622346698_5.jpg,5045622346698_6.jpg,5045622346698_7.jpg,5045622346698_8.jpg,5045622346698_9.jpg,5045622346698_10.jpg,5045622346698_11.jpg",active,Black,8087268
5045624719735,5045624719735_1.jpg,"5045624719735_1.jpg,5045624719735_2.jpg,5045624719735_3.jpg,5045624719735_11.jpg",active,Beige,7824129
5045625445190,5045625445190_1.jpg,"5045625445190_1.jpg,5045625445190_2.jpg,5045625445190_3.jpg,5045625445190_4.jpg,5045625445190_5.jpg,5045625445190_11.jpg",active,White,8087273
5045625445220,5045625445190_1.jpg,"5045625445190_1.jpg,5045625445190_2.jpg,5045625445190_3.jpg,5045625445190_4.jpg,5045625445190_5.jpg,5045625445190_11.jpg",active,White,8087273
5045625445251,5045625445190_1.jpg,"5045625445190_1.jpg,5045625445190_2.jpg,5045625445190_3.jpg,5045625445190_4.jpg,5045625445190_5.jpg,5045625445190_11.jpg",active,White,8087273
5045625445282,5045625445190_1.jpg,"5045625445190_1.jpg,5045625445190_2.jpg,5045625445190_3.jpg,5045625445190_4.jpg,5045625445190_5.jpg,5045625445190_11.jpg",active,White,8087273
5045625710540,5045625710540_1.jpg,"5045625710540_1.jpg,5045625710540_2.jpg,5045625710540_3.jpg,5045625710540_4.jpg,5045625710540_5.jpg,5045625710540_6.jpg,5045625710540_11.jpg",active,Blue,8087358
5045625710571,5045625710540_1.jpg,"5045625710540_1.jpg,5045625710540_2.jpg,5045625710540_3.jpg,5045625710540_4.jpg,5045625710540_5.jpg,5045625710540_6.jpg,5045625710540_11.jpg",active,Blue,8087358
5045625710601,5045625710540_1.jpg,"5045625710540_1.jpg,5045625710540_2.jpg,5045625710540_3.jpg,5045625710540_4.jpg,5045625710540_5.jpg,5045625710540_6.jpg,5045625710540_11.jpg",active,Blue,8087358
5045625710632,5045625710540_1.jpg,"5045625710540_1.jpg,5045625710540_2.jpg,5045625710540_3.jpg,5045625710540_4.jpg,5045625710540_5.jpg,5045625710540_6.jpg,5045625710540_11.jpg",active,Blue,8087358
5045625710663,5045625710540_1.jpg,"5045625710540_1.jpg,5045625710540_2.jpg,5045625710540_3.jpg,5045625710540_4.jpg,5045625710540_5.jpg,5045625710540_6.jpg,5045625710540_11.jpg",active,Blue,8087358
5045625710694,5045625710540_1.jpg,"5045625710540_1.jpg,5045625710540_2.jpg,5045625710540_3.jpg,5045625710540_4.jpg,5045625710540_5.jpg,5045625710540_6.jpg,5045625710540_11.jpg",active,Blue,8087358
5045625710724,5045625710540_1.jpg,"5045625710540_1.jpg,5045625710540_2.jpg,5045625710540_3.jpg,5045625710540_4.jpg,5045625710540_5.jpg,5045625710540_6.jpg,5045625710540_11.jpg",active,Blue,8087358
5045625710755,5045625710540_1.jpg,"5045625710540_1.jpg,5045625710540_2.jpg,5045625710540_3.jpg,5045625710540_4.jpg,5045625710540_5.jpg,5045625710540_6.jpg,5045625710540_11.jpg",active,Blue,8087358
5045626209715,5045626209715_1.jpg,"5045626209715_1.jpg,5045626209715_2.jpg,5045626209715_3.jpg,5045626209715_4.jpg,5045626209715_5.jpg,5045626209715_6.jpg,5045626209715_7.jpg,5045626209715_8.jpg,5045626209715_11.jpg",active,Yellow,8087352
5045626209746,5045626209715_1.jpg,"5045626209715_1.jpg,5045626209715_2.jpg,5045626209715_3.jpg,5045626209715_4.jpg,5045626209715_5.jpg,5045626209715_6.jpg,5045626209715_7.jpg,5045626209715_8.jpg,5045626209715_11.jpg",active,Yellow,8087352
5045626209777,5045626209715_1.jpg,"5045626209715_1.jpg,5045626209715_2.jpg,5045626209715_3.jpg,5045626209715_4.jpg,5045626209715_5.jpg,5045626209715_6.jpg,5045626209715_7.jpg,5045626209715_8.jpg,5045626209715_11.jpg",active,Yellow,8087352
5045626209807,5045626209715_1.jpg,"5045626209715_1.jpg,5045626209715_2.jpg,5045626209715_3.jpg,5045626209715_4.jpg,5045626209715_5.jpg,5045626209715_6.jpg,5045626209715_7.jpg,5045626209715_8.jpg,5045626209715_11.jpg",active,Yellow,8087352
5045626209838,5045626209715_1.jpg,"5045626209715_1.jpg,5045626209715_2.jpg,5045626209715_3.jpg,5045626209715_4.jpg,5045626209715_5.jpg,5045626209715_6.jpg,5045626209715_7.jpg,5045626209715_8.jpg,5045626209715_11.jpg",active,Yellow,8087352
5045626209869,5045626209715_1.jpg,"5045626209715_1.jpg,5045626209715_2.jpg,5045626209715_3.jpg,5045626209715_4.jpg,5045626209715_5.jpg,5045626209715_6.jpg,5045626209715_7.jpg,5045626209715_8.jpg,5045626209715_11.jpg",active,Yellow,8087352
5045626209890,5045626209715_1.jpg,"5045626209715_1.jpg,5045626209715_2.jpg,5045626209715_3.jpg,5045626209715_4.jpg,5045626209715_5.jpg,5045626209715_6.jpg,5045626209715_7.jpg,5045626209715_8.jpg,5045626209715_11.jpg",active,Yellow,8087352
5045626209920,5045626209715_1.jpg,"5045626209715_1.jpg,5045626209715_2.jpg,5045626209715_3.jpg,5045626209715_4.jpg,5045626209715_5.jpg,5045626209715_6.jpg,5045626209715_7.jpg,5045626209715_8.jpg,5045626209715_11.jpg",active,Yellow,8087352
5045626055190,5045626055190_1.jpg,"5045626055190_1.jpg,5045626055190_2.jpg,5045626055190_3.jpg,5045626055190_4.jpg,5045626055190_5.jpg,5045626055190_6.jpg,5045626055190_11.jpg",active,Blue,8087389
5045626055220,5045626055190_1.jpg,"5045626055190_1.jpg,5045626055190_2.jpg,5045626055190_3.jpg,5045626055190_4.jpg,5045626055190_5.jpg,5045626055190_6.jpg,5045626055190_11.jpg",active,Blue,8087389
5045626055251,5045626055190_1.jpg,"5045626055190_1.jpg,5045626055190_2.jpg,5045626055190_3.jpg,5045626055190_4.jpg,5045626055190_5.jpg,5045626055190_6.jpg,5045626055190_11.jpg",active,Blue,8087389
5045626055282,5045626055190_1.jpg,"5045626055190_1.jpg,5045626055190_2.jpg,5045626055190_3.jpg,5045626055190_4.jpg,5045626055190_5.jpg,5045626055190_6.jpg,5045626055190_11.jpg",active,Blue,8087389
5045626055312,5045626055190_1.jpg,"5045626055190_1.jpg,5045626055190_2.jpg,5045626055190_3.jpg,5045626055190_4.jpg,5045626055190_5.jpg,5045626055190_6.jpg,5045626055190_11.jpg",active,Blue,8087389
5045626055343,5045626055190_1.jpg,"5045626055190_1.jpg,5045626055190_2.jpg,5045626055190_3.jpg,5045626055190_4.jpg,5045626055190_5.jpg,5045626055190_6.jpg,5045626055190_11.jpg",active,Blue,8087389
5045626055374,5045626055190_1.jpg,"5045626055190_1.jpg,5045626055190_2.jpg,5045626055190_3.jpg,5045626055190_4.jpg,5045626055190_5.jpg,5045626055190_6.jpg,5045626055190_11.jpg",active,Blue,8087389
5045627406137,5045627406137_1.jpg,"5045627406137_1.jpg,5045627406137_2.jpg,5045627406137_3.jpg,5045627406137_4.jpg,5045627406137_5.jpg,5045627406137_11.jpg",active,Brown,8089316
5045626372457,5045626372457_1.jpg,"5045626372457_1.jpg,5045626372457_2.jpg,5045626372457_3.jpg,5045626372457_4.jpg,5045626372457_5.jpg,5045626372457_6.jpg,5045626372457_7.jpg,5045626372457_8.jpg,5045626372457_9.jpg,5045626372457_11.jpg",active,Black,8089410
5045626169378,5045626169378_1.jpg,"5045626169378_1.jpg,5045626169378_2.jpg,5045626169378_3.jpg,5045626169378_4.jpg,5045626169378_5.jpg,5045626169378_11.jpg",active,Grey,8087311
5045626169408,5045626169378_1.jpg,"5045626169378_1.jpg,5045626169378_2.jpg,5045626169378_3.jpg,5045626169378_4.jpg,5045626169378_5.jpg,5045626169378_11.jpg",active,Grey,8087311
5045626169439,5045626169378_1.jpg,"5045626169378_1.jpg,5045626169378_2.jpg,5045626169378_3.jpg,5045626169378_4.jpg,5045626169378_5.jpg,5045626169378_11.jpg",active,Grey,8087311
5045626169460,5045626169378_1.jpg,"5045626169378_1.jpg,5045626169378_2.jpg,5045626169378_3.jpg,5045626169378_4.jpg,5045626169378_5.jpg,5045626169378_11.jpg",active,Grey,8087311
5045626169491,5045626169378_1.jpg,"5045626169378_1.jpg,5045626169378_2.jpg,5045626169378_3.jpg,5045626169378_4.jpg,5045626169378_5.jpg,5045626169378_11.jpg",active,Grey,8087311
5045626169521,5045626169378_1.jpg,"5045626169378_1.jpg,5045626169378_2.jpg,5045626169378_3.jpg,5045626169378_4.jpg,5045626169378_5.jpg,5045626169378_11.jpg",active,Grey,8087311
5045626169552,5045626169378_1.jpg,"5045626169378_1.jpg,5045626169378_2.jpg,5045626169378_3.jpg,5045626169378_4.jpg,5045626169378_5.jpg,5045626169378_11.jpg",active,Grey,8087311
5045626169583,5045626169378_1.jpg,"5045626169378_1.jpg,5045626169378_2.jpg,5045626169378_3.jpg,5045626169378_4.jpg,5045626169378_5.jpg,5045626169378_11.jpg",active,Grey,8087311
5045626169613,5045626169378_1.jpg,"5045626169378_1.jpg,5045626169378_2.jpg,5045626169378_3.jpg,5045626169378_4.jpg,5045626169378_5.jpg,5045626169378_11.jpg",active,Grey,8087311
5045627415634,5045627415634_1.jpg,"5045627415634_1.jpg,5045627415634_2.jpg,5045627415634_3.jpg,5045627415634_4.jpg,5045627415634_5.jpg,5045627415634_6.jpg,5045627415634_11.jpg",active,Black,8089341
5045558996646,5045558996646_1.jpg,"5045558996646_1.jpg,5045558996646_2.jpg,5045558996646_3.jpg,5045558996646_4.jpg,5045558996646_5.jpg,5045558996646_11.jpg",active,Blue,8087399
5045558996707,5045558996646_1.jpg,"5045558996646_1.jpg,5045558996646_2.jpg,5045558996646_3.jpg,5045558996646_4.jpg,5045558996646_5.jpg,5045558996646_11.jpg",active,Blue,8087399
5045558996769,5045558996646_1.jpg,"5045558996646_1.jpg,5045558996646_2.jpg,5045558996646_3.jpg,5045558996646_4.jpg,5045558996646_5.jpg,5045558996646_11.jpg",active,Blue,8087399
5045558996820,5045558996646_1.jpg,"5045558996646_1.jpg,5045558996646_2.jpg,5045558996646_3.jpg,5045558996646_4.jpg,5045558996646_5.jpg,5045558996646_11.jpg",active,Blue,8087399
5045558996882,5045558996646_1.jpg,"5045558996646_1.jpg,5045558996646_2.jpg,5045558996646_3.jpg,5045558996646_4.jpg,5045558996646_5.jpg,5045558996646_11.jpg",active,Blue,8087399
5045558996943,5045558996646_1.jpg,"5045558996646_1.jpg,5045558996646_2.jpg,5045558996646_3.jpg,5045558996646_4.jpg,5045558996646_5.jpg,5045558996646_11.jpg",active,Blue,8087399
5045558997001,5045558996646_1.jpg,"5045558996646_1.jpg,5045558996646_2.jpg,5045558996646_3.jpg,5045558996646_4.jpg,5045558996646_5.jpg,5045558996646_11.jpg",active,Blue,8087399
5045626301402,5045626301402_1.jpg,"5045626301402_1.jpg,5045626301402_2.jpg,5045626301402_3.jpg,5045626301402_4.jpg,5045626301402_5.jpg,5045626301402_6.jpg,5045626301402_7.jpg,5045626301402_8.jpg,5045626301402_11.jpg",active,Miscellaneous,8089301
5045626363882,5045626363882_1.jpg,"5045626363882_1.jpg,5045626363882_2.jpg,5045626363882_3.jpg,5045626363882_4.jpg,5045626363882_5.jpg,5045626363882_6.jpg,5045626363882_11.jpg",active,Miscellaneous,8087310
5045626363912,5045626363882_1.jpg,"5045626363882_1.jpg,5045626363882_2.jpg,5045626363882_3.jpg,5045626363882_4.jpg,5045626363882_5.jpg,5045626363882_6.jpg,5045626363882_11.jpg",active,Miscellaneous,8087310
5045626363943,5045626363882_1.jpg,"5045626363882_1.jpg,5045626363882_2.jpg,5045626363882_3.jpg,5045626363882_4.jpg,5045626363882_5.jpg,5045626363882_6.jpg,5045626363882_11.jpg",active,Miscellaneous,8087310
5045626363974,5045626363882_1.jpg,"5045626363882_1.jpg,5045626363882_2.jpg,5045626363882_3.jpg,5045626363882_4.jpg,5045626363882_5.jpg,5045626363882_6.jpg,5045626363882_11.jpg",active,Miscellaneous,8087310
5045626364001,5045626363882_1.jpg,"5045626363882_1.jpg,5045626363882_2.jpg,5045626363882_3.jpg,5045626363882_4.jpg,5045626363882_5.jpg,5045626363882_6.jpg,5045626363882_11.jpg",active,Miscellaneous,8087310
5045626364032,5045626363882_1.jpg,"5045626363882_1.jpg,5045626363882_2.jpg,5045626363882_3.jpg,5045626363882_4.jpg,5045626363882_5.jpg,5045626363882_6.jpg,5045626363882_11.jpg",active,Miscellaneous,8087310
5045626364063,5045626363882_1.jpg,"5045626363882_1.jpg,5045626363882_2.jpg,5045626363882_3.jpg,5045626363882_4.jpg,5045626363882_5.jpg,5045626363882_6.jpg,5045626363882_11.jpg",active,Miscellaneous,8087310
5045625500523,5045625500523_1.jpg,"5045625500523_1.jpg,5045625500523_2.jpg,5045625500523_3.jpg,5045625500523_4.jpg,5045625500523_5.jpg,5045625500523_6.jpg,5045625500523_11.jpg",active,Black,8087307
5045625500554,5045625500523_1.jpg,"5045625500523_1.jpg,5045625500523_2.jpg,5045625500523_3.jpg,5045625500523_4.jpg,5045625500523_5.jpg,5045625500523_6.jpg,5045625500523_11.jpg",active,Black,8087307
5045625500585,5045625500523_1.jpg,"5045625500523_1.jpg,5045625500523_2.jpg,5045625500523_3.jpg,5045625500523_4.jpg,5045625500523_5.jpg,5045625500523_6.jpg,5045625500523_11.jpg",active,Black,8087307
5045625500615,5045625500523_1.jpg,"5045625500523_1.jpg,5045625500523_2.jpg,5045625500523_3.jpg,5045625500523_4.jpg,5045625500523_5.jpg,5045625500523_6.jpg,5045625500523_11.jpg",active,Black,8087307
5045625500646,5045625500523_1.jpg,"5045625500523_1.jpg,5045625500523_2.jpg,5045625500523_3.jpg,5045625500523_4.jpg,5045625500523_5.jpg,5045625500523_6.jpg,5045625500523_11.jpg",active,Black,8087307
5045625500677,5045625500523_1.jpg,"5045625500523_1.jpg,5045625500523_2.jpg,5045625500523_3.jpg,5045625500523_4.jpg,5045625500523_5.jpg,5045625500523_6.jpg,5045625500523_11.jpg",active,Black,8087307
5045625500707,5045625500523_1.jpg,"5045625500523_1.jpg,5045625500523_2.jpg,5045625500523_3.jpg,5045625500523_4.jpg,5045625500523_5.jpg,5045625500523_6.jpg,5045625500523_11.jpg",active,Black,8087307
5045625500738,5045625500523_1.jpg,"5045625500523_1.jpg,5045625500523_2.jpg,5045625500523_3.jpg,5045625500523_4.jpg,5045625500523_5.jpg,5045625500523_6.jpg,5045625500523_11.jpg",active,Black,8087307
5045626220376,5045626220376_1.jpg,"5045626220376_1.jpg,5045626220376_2.jpg,5045626220376_3.jpg,5045626220376_4.jpg,5045626220376_5.jpg,5045626220376_11.jpg",active,Black,8087385
5045626220406,5045626220376_1.jpg,"5045626220376_1.jpg,5045626220376_2.jpg,5045626220376_3.jpg,5045626220376_4.jpg,5045626220376_5.jpg,5045626220376_11.jpg",active,Black,8087385
5045626220437,5045626220376_1.jpg,"5045626220376_1.jpg,5045626220376_2.jpg,5045626220376_3.jpg,5045626220376_4.jpg,5045626220376_5.jpg,5045626220376_11.jpg",active,Black,8087385
5045626220468,5045626220376_1.jpg,"5045626220376_1.jpg,5045626220376_2.jpg,5045626220376_3.jpg,5045626220376_4.jpg,5045626220376_5.jpg,5045626220376_11.jpg",active,Black,8087385
5045626220499,5045626220376_1.jpg,"5045626220376_1.jpg,5045626220376_2.jpg,5045626220376_3.jpg,5045626220376_4.jpg,5045626220376_5.jpg,5045626220376_11.jpg",active,Black,8087385
5045626220529,5045626220376_1.jpg,"5045626220376_1.jpg,5045626220376_2.jpg,5045626220376_3.jpg,5045626220376_4.jpg,5045626220376_5.jpg,5045626220376_11.jpg",active,Black,8087385
5045626220550,5045626220376_1.jpg,"5045626220376_1.jpg,5045626220376_2.jpg,5045626220376_3.jpg,5045626220376_4.jpg,5045626220376_5.jpg,5045626220376_11.jpg",active,Black,8087385
5045627341582,5045627341582_1.jpg,"5045627341582_1.jpg,5045627341582_2.jpg,5045627341582_3.jpg,5045627341582_4.jpg,5045627341582_11.jpg",active,Beige,8087559
5045627341612,5045627341582_1.jpg,"5045627341582_1.jpg,5045627341582_2.jpg,5045627341582_3.jpg,5045627341582_4.jpg,5045627341582_11.jpg",active,Beige,8087559
5045627341643,5045627341582_1.jpg,"5045627341582_1.jpg,5045627341582_2.jpg,5045627341582_3.jpg,5045627341582_4.jpg,5045627341582_11.jpg",active,Beige,8087559
5045627341674,5045627341582_1.jpg,"5045627341582_1.jpg,5045627341582_2.jpg,5045627341582_3.jpg,5045627341582_4.jpg,5045627341582_11.jpg",active,Beige,8087559
5045627341704,5045627341582_1.jpg,"5045627341582_1.jpg,5045627341582_2.jpg,5045627341582_3.jpg,5045627341582_4.jpg,5045627341582_11.jpg",active,Beige,8087559
5045627341735,5045627341582_1.jpg,"5045627341582_1.jpg,5045627341582_2.jpg,5045627341582_3.jpg,5045627341582_4.jpg,5045627341582_11.jpg",active,Beige,8087559
5045627341766,5045627341582_1.jpg,"5045627341582_1.jpg,5045627341582_2.jpg,5045627341582_3.jpg,5045627341582_4.jpg,5045627341582_11.jpg",active,Beige,8087559
5045627341797,5045627341582_1.jpg,"5045627341582_1.jpg,5045627341582_2.jpg,5045627341582_3.jpg,5045627341582_4.jpg,5045627341582_11.jpg",active,Beige,8087559
5045627341827,5045627341582_1.jpg,"5045627341582_1.jpg,5045627341582_2.jpg,5045627341582_3.jpg,5045627341582_4.jpg,5045627341582_11.jpg",active,Beige,8087559
5045626755199,5045626755199_1.jpg,"5045626755199_1.jpg,5045626755199_2.jpg,5045626755199_3.jpg,5045626755199_4.jpg,5045626755199_5.jpg,5045626755199_6.jpg,5045626755199_11.jpg",active,Black,8087418
5045626755229,5045626755199_1.jpg,"5045626755199_1.jpg,5045626755199_2.jpg,5045626755199_3.jpg,5045626755199_4.jpg,5045626755199_5.jpg,5045626755199_6.jpg,5045626755199_11.jpg",active,Black,8087418
5045626755250,5045626755199_1.jpg,"5045626755199_1.jpg,5045626755199_2.jpg,5045626755199_3.jpg,5045626755199_4.jpg,5045626755199_5.jpg,5045626755199_6.jpg,5045626755199_11.jpg",active,Black,8087418
5045626755281,5045626755199_1.jpg,"5045626755199_1.jpg,5045626755199_2.jpg,5045626755199_3.jpg,5045626755199_4.jpg,5045626755199_5.jpg,5045626755199_6.jpg,5045626755199_11.jpg",active,Black,8087418
5045626755311,5045626755199_1.jpg,"5045626755199_1.jpg,5045626755199_2.jpg,5045626755199_3.jpg,5045626755199_4.jpg,5045626755199_5.jpg,5045626755199_6.jpg,5045626755199_11.jpg",active,Black,8087418
5045626755342,5045626755199_1.jpg,"5045626755199_1.jpg,5045626755199_2.jpg,5045626755199_3.jpg,5045626755199_4.jpg,5045626755199_5.jpg,5045626755199_6.jpg,5045626755199_11.jpg",active,Black,8087418
5045626755373,5045626755199_1.jpg,"5045626755199_1.jpg,5045626755199_2.jpg,5045626755199_3.jpg,5045626755199_4.jpg,5045626755199_5.jpg,5045626755199_6.jpg,5045626755199_11.jpg",active,Black,8087418
5045627483091,5045627483091_1.jpg,"5045627483091_1.jpg,5045627483091_2.jpg,5045627483091_3.jpg,5045627483091_4.jpg,5045627483091_5.jpg,5045627483091_6.jpg,5045627483091_11.jpg",active,Black,8087327
5045627483121,5045627483091_1.jpg,"5045627483091_1.jpg,5045627483091_2.jpg,5045627483091_3.jpg,5045627483091_4.jpg,5045627483091_5.jpg,5045627483091_6.jpg,5045627483091_11.jpg",active,Black,8087327
5045627483152,5045627483091_1.jpg,"5045627483091_1.jpg,5045627483091_2.jpg,5045627483091_3.jpg,5045627483091_4.jpg,5045627483091_5.jpg,5045627483091_6.jpg,5045627483091_11.jpg",active,Black,8087327
5045627483183,5045627483091_1.jpg,"5045627483091_1.jpg,5045627483091_2.jpg,5045627483091_3.jpg,5045627483091_4.jpg,5045627483091_5.jpg,5045627483091_6.jpg,5045627483091_11.jpg",active,Black,8087327
5045627483213,5045627483091_1.jpg,"5045627483091_1.jpg,5045627483091_2.jpg,5045627483091_3.jpg,5045627483091_4.jpg,5045627483091_5.jpg,5045627483091_6.jpg,5045627483091_11.jpg",active,Black,8087327
5045627483244,5045627483091_1.jpg,"5045627483091_1.jpg,5045627483091_2.jpg,5045627483091_3.jpg,5045627483091_4.jpg,5045627483091_5.jpg,5045627483091_6.jpg,5045627483091_11.jpg",active,Black,8087327
5045627483275,5045627483091_1.jpg,"5045627483091_1.jpg,5045627483091_2.jpg,5045627483091_3.jpg,5045627483091_4.jpg,5045627483091_5.jpg,5045627483091_6.jpg,5045627483091_11.jpg",active,Black,8087327
5045627483305,5045627483091_1.jpg,"5045627483091_1.jpg,5045627483091_2.jpg,5045627483091_3.jpg,5045627483091_4.jpg,5045627483091_5.jpg,5045627483091_6.jpg,5045627483091_11.jpg",active,Black,8087327
5045624716017,5045624716017_1.jpg,"5045624716017_1.jpg,5045624716017_2.jpg,5045624716017_3.jpg,5045624716017_4.jpg,5045624716017_5.jpg,5045624716017_6.jpg,5045624716017_11.jpg",active,Black,8087323
5045624716048,5045624716017_1.jpg,"5045624716017_1.jpg,5045624716017_2.jpg,5045624716017_3.jpg,5045624716017_4.jpg,5045624716017_5.jpg,5045624716017_6.jpg,5045624716017_11.jpg",active,Black,8087323
5045624716079,5045624716017_1.jpg,"5045624716017_1.jpg,5045624716017_2.jpg,5045624716017_3.jpg,5045624716017_4.jpg,5045624716017_5.jpg,5045624716017_6.jpg,5045624716017_11.jpg",active,Black,8087323
5045624716109,5045624716017_1.jpg,"5045624716017_1.jpg,5045624716017_2.jpg,5045624716017_3.jpg,5045624716017_4.jpg,5045624716017_5.jpg,5045624716017_6.jpg,5045624716017_11.jpg",active,Black,8087323
5045624716130,5045624716017_1.jpg,"5045624716017_1.jpg,5045624716017_2.jpg,5045624716017_3.jpg,5045624716017_4.jpg,5045624716017_5.jpg,5045624716017_6.jpg,5045624716017_11.jpg",active,Black,8087323
5045624716161,5045624716017_1.jpg,"5045624716017_1.jpg,5045624716017_2.jpg,5045624716017_3.jpg,5045624716017_4.jpg,5045624716017_5.jpg,5045624716017_6.jpg,5045624716017_11.jpg",active,Black,8087323
5045624716192,5045624716017_1.jpg,"5045624716017_1.jpg,5045624716017_2.jpg,5045624716017_3.jpg,5045624716017_4.jpg,5045624716017_5.jpg,5045624716017_6.jpg,5045624716017_11.jpg",active,Black,8087323
5045625654530,5045625654530_1.jpg,"5045625654530_1.jpg,5045625654530_2.jpg,5045625654530_3.jpg,5045625654530_4.jpg,5045625654530_5.jpg,5045625654530_6.jpg,5045625654530_7.jpg,5045625654530_11.jpg",active,Blue,8089441
5045625114003,5045625114003_1.jpg,"5045625114003_1.jpg,5045625114003_2.jpg,5045625114003_3.jpg,5045625114003_4.jpg,5045625114003_5.jpg,5045625114003_6.jpg,5045625114003_11.jpg",active,Black,8087563
5045625114034,5045625114003_1.jpg,"5045625114003_1.jpg,5045625114003_2.jpg,5045625114003_3.jpg,5045625114003_4.jpg,5045625114003_5.jpg,5045625114003_6.jpg,5045625114003_11.jpg",active,Black,8087563
5045625114065,5045625114003_1.jpg,"5045625114003_1.jpg,5045625114003_2.jpg,5045625114003_3.jpg,5045625114003_4.jpg,5045625114003_5.jpg,5045625114003_6.jpg,5045625114003_11.jpg",active,Black,8087563
5045625114096,5045625114003_1.jpg,"5045625114003_1.jpg,5045625114003_2.jpg,5045625114003_3.jpg,5045625114003_4.jpg,5045625114003_5.jpg,5045625114003_6.jpg,5045625114003_11.jpg",active,Black,8087563
5045625114126,5045625114003_1.jpg,"5045625114003_1.jpg,5045625114003_2.jpg,5045625114003_3.jpg,5045625114003_4.jpg,5045625114003_5.jpg,5045625114003_6.jpg,5045625114003_11.jpg",active,Black,8087563
5045625114157,5045625114003_1.jpg,"5045625114003_1.jpg,5045625114003_2.jpg,5045625114003_3.jpg,5045625114003_4.jpg,5045625114003_5.jpg,5045625114003_6.jpg,5045625114003_11.jpg",active,Black,8087563
5045625114188,5045625114003_1.jpg,"5045625114003_1.jpg,5045625114003_2.jpg,5045625114003_3.jpg,5045625114003_4.jpg,5045625114003_5.jpg,5045625114003_6.jpg,5045625114003_11.jpg",active,Black,8087563
5045625114218,5045625114003_1.jpg,"5045625114003_1.jpg,5045625114003_2.jpg,5045625114003_3.jpg,5045625114003_4.jpg,5045625114003_5.jpg,5045625114003_6.jpg,5045625114003_11.jpg",active,Black,8087563
5045626198415,5045626198415_1.jpg,"5045626198415_1.jpg,5045626198415_2.jpg,5045626198415_3.jpg,5045626198415_4.jpg,5045626198415_5.jpg,5045626198415_6.jpg,5045626198415_7.jpg,5045626198415_8.jpg,5045626198415_11.jpg",active,Grey,8087415
5045626198446,5045626198415_1.jpg,"5045626198415_1.jpg,5045626198415_2.jpg,5045626198415_3.jpg,5045626198415_4.jpg,5045626198415_5.jpg,5045626198415_6.jpg,5045626198415_7.jpg,5045626198415_8.jpg,5045626198415_11.jpg",active,Grey,8087415
5045625671308,5045625671308_1.jpg,"5045625671308_1.jpg,5045625671308_2.jpg,5045625671308_3.jpg,5045625671308_4.jpg,5045625671308_5.jpg,5045625671308_6.jpg,5045625671308_11.jpg",active,Black,8087528
5045625671339,5045625671308_1.jpg,"5045625671308_1.jpg,5045625671308_2.jpg,5045625671308_3.jpg,5045625671308_4.jpg,5045625671308_5.jpg,5045625671308_6.jpg,5045625671308_11.jpg",active,Black,8087528
5045625671360,5045625671308_1.jpg,"5045625671308_1.jpg,5045625671308_2.jpg,5045625671308_3.jpg,5045625671308_4.jpg,5045625671308_5.jpg,5045625671308_6.jpg,5045625671308_11.jpg",active,Black,8087528
5045625671391,5045625671308_1.jpg,"5045625671308_1.jpg,5045625671308_2.jpg,5045625671308_3.jpg,5045625671308_4.jpg,5045625671308_5.jpg,5045625671308_6.jpg,5045625671308_11.jpg",active,Black,8087528
5045625671421,5045625671308_1.jpg,"5045625671308_1.jpg,5045625671308_2.jpg,5045625671308_3.jpg,5045625671308_4.jpg,5045625671308_5.jpg,5045625671308_6.jpg,5045625671308_11.jpg",active,Black,8087528
5045625671452,5045625671308_1.jpg,"5045625671308_1.jpg,5045625671308_2.jpg,5045625671308_3.jpg,5045625671308_4.jpg,5045625671308_5.jpg,5045625671308_6.jpg,5045625671308_11.jpg",active,Black,8087528
5045625671483,5045625671308_1.jpg,"5045625671308_1.jpg,5045625671308_2.jpg,5045625671308_3.jpg,5045625671308_4.jpg,5045625671308_5.jpg,5045625671308_6.jpg,5045625671308_11.jpg",active,Black,8087528
5045625671513,5045625671308_1.jpg,"5045625671308_1.jpg,5045625671308_2.jpg,5045625671308_3.jpg,5045625671308_4.jpg,5045625671308_5.jpg,5045625671308_6.jpg,5045625671308_11.jpg",active,Black,8087528
5045625671544,5045625671308_1.jpg,"5045625671308_1.jpg,5045625671308_2.jpg,5045625671308_3.jpg,5045625671308_4.jpg,5045625671308_5.jpg,5045625671308_6.jpg,5045625671308_11.jpg",active,Black,8087528
5045626817057,5045626817057_1.jpg,"5045626817057_1.jpg,5045626817057_2.jpg,5045626817057_3.jpg,5045626817057_4.jpg,5045626817057_5.jpg,5045626817057_6.jpg,5045626817057_7.jpg,5045626817057_11.jpg",active,Black,8089251
5045626817088,5045626817057_1.jpg,"5045626817057_1.jpg,5045626817057_2.jpg,5045626817057_3.jpg,5045626817057_4.jpg,5045626817057_5.jpg,5045626817057_6.jpg,5045626817057_7.jpg,5045626817057_11.jpg",active,Black,8089251
5045626817118,5045626817057_1.jpg,"5045626817057_1.jpg,5045626817057_2.jpg,5045626817057_3.jpg,5045626817057_4.jpg,5045626817057_5.jpg,5045626817057_6.jpg,5045626817057_7.jpg,5045626817057_11.jpg",active,Black,8089251
5045626817149,5045626817057_1.jpg,"5045626817057_1.jpg,5045626817057_2.jpg,5045626817057_3.jpg,5045626817057_4.jpg,5045626817057_5.jpg,5045626817057_6.jpg,5045626817057_7.jpg,5045626817057_11.jpg",active,Black,8089251
5045626817170,5045626817057_1.jpg,"5045626817057_1.jpg,5045626817057_2.jpg,5045626817057_3.jpg,5045626817057_4.jpg,5045626817057_5.jpg,5045626817057_6.jpg,5045626817057_7.jpg,5045626817057_11.jpg",active,Black,8089251
5045626817200,5045626817057_1.jpg,"5045626817057_1.jpg,5045626817057_2.jpg,5045626817057_3.jpg,5045626817057_4.jpg,5045626817057_5.jpg,5045626817057_6.jpg,5045626817057_7.jpg,5045626817057_11.jpg",active,Black,8089251
5045626817231,5045626817057_1.jpg,"5045626817057_1.jpg,5045626817057_2.jpg,5045626817057_3.jpg,5045626817057_4.jpg,5045626817057_5.jpg,5045626817057_6.jpg,5045626817057_7.jpg,5045626817057_11.jpg",active,Black,8089251
5045626817262,5045626817057_1.jpg,"5045626817057_1.jpg,5045626817057_2.jpg,5045626817057_3.jpg,5045626817057_4.jpg,5045626817057_5.jpg,5045626817057_6.jpg,5045626817057_7.jpg,5045626817057_11.jpg",active,Black,8089251
5045626053608,5045626053608_1.jpg,"5045626053608_1.jpg,5045626053608_2.jpg,5045626053608_3.jpg,5045626053608_4.jpg,5045626053608_5.jpg,5045626053608_6.jpg,5045626053608_11.jpg",active,Grey,8089246
5045626053639,5045626053608_1.jpg,"5045626053608_1.jpg,5045626053608_2.jpg,5045626053608_3.jpg,5045626053608_4.jpg,5045626053608_5.jpg,5045626053608_6.jpg,5045626053608_11.jpg",active,Grey,8089246
5045626053660,5045626053608_1.jpg,"5045626053608_1.jpg,5045626053608_2.jpg,5045626053608_3.jpg,5045626053608_4.jpg,5045626053608_5.jpg,5045626053608_6.jpg,5045626053608_11.jpg",active,Grey,8089246
5045626053691,5045626053608_1.jpg,"5045626053608_1.jpg,5045626053608_2.jpg,5045626053608_3.jpg,5045626053608_4.jpg,5045626053608_5.jpg,5045626053608_6.jpg,5045626053608_11.jpg",active,Grey,8089246
5045626053721,5045626053608_1.jpg,"5045626053608_1.jpg,5045626053608_2.jpg,5045626053608_3.jpg,5045626053608_4.jpg,5045626053608_5.jpg,5045626053608_6.jpg,5045626053608_11.jpg",active,Grey,8089246
5045626053752,5045626053608_1.jpg,"5045626053608_1.jpg,5045626053608_2.jpg,5045626053608_3.jpg,5045626053608_4.jpg,5045626053608_5.jpg,5045626053608_6.jpg,5045626053608_11.jpg",active,Grey,8089246
5045626053783,5045626053608_1.jpg,"5045626053608_1.jpg,5045626053608_2.jpg,5045626053608_3.jpg,5045626053608_4.jpg,5045626053608_5.jpg,5045626053608_6.jpg,5045626053608_11.jpg",active,Grey,8089246
5045626053813,5045626053608_1.jpg,"5045626053608_1.jpg,5045626053608_2.jpg,5045626053608_3.jpg,5045626053608_4.jpg,5045626053608_5.jpg,5045626053608_6.jpg,5045626053608_11.jpg",active,Grey,8089246
5045626053844,5045626053608_1.jpg,"5045626053608_1.jpg,5045626053608_2.jpg,5045626053608_3.jpg,5045626053608_4.jpg,5045626053608_5.jpg,5045626053608_6.jpg,5045626053608_11.jpg",active,Grey,8089246
5045627574553,5045627574553_1.jpg,"5045627574553_1.jpg,5045627574553_2.jpg,5045627574553_3.jpg,5045627574553_4.jpg,5045627574553_5.jpg,5045627574553_6.jpg,5045627574553_11.jpg",active,Brown,8089311
5045627414859,5045627414859_1.jpg,"5045627414859_1.jpg,5045627414859_2.jpg,5045627414859_3.jpg,5045627414859_4.jpg,5045627414859_5.jpg,5045627414859_6.jpg,5045627414859_7.jpg,5045627414859_8.jpg,5045627414859_9.jpg,5045627414859_11.jpg",active,Black,8089257
5045626255941,5045626255941_1.jpg,"5045626255941_1.jpg,5045626255941_2.jpg,5045626255941_3.jpg,5045626255941_4.jpg,5045626255941_5.jpg,5045626255941_6.jpg,5045626255941_7.jpg,5045626255941_8.jpg,5045626255941_9.jpg,5045626255941_11.jpg",active,Grey,8089443
5045627400234,5045627400234_1.jpg,"5045627400234_1.jpg,5045627400234_2.jpg,5045627400234_3.jpg,5045627400234_4.jpg,5045627400234_5.jpg,5045627400234_11.jpg",active,Black,8089323
5045625899238,5045625899238_1.jpg,"5045625899238_1.jpg,5045625899238_2.jpg,5045625899238_3.jpg,5045625899238_4.jpg,5045625899238_5.jpg,5045625899238_11.jpg",active,Beige,8087530
5045625899269,5045625899238_1.jpg,"5045625899238_1.jpg,5045625899238_2.jpg,5045625899238_3.jpg,5045625899238_4.jpg,5045625899238_5.jpg,5045625899238_11.jpg",active,Beige,8087530
5045625899290,5045625899238_1.jpg,"5045625899238_1.jpg,5045625899238_2.jpg,5045625899238_3.jpg,5045625899238_4.jpg,5045625899238_5.jpg,5045625899238_11.jpg",active,Beige,8087530
5045625899320,5045625899238_1.jpg,"5045625899238_1.jpg,5045625899238_2.jpg,5045625899238_3.jpg,5045625899238_4.jpg,5045625899238_5.jpg,5045625899238_11.jpg",active,Beige,8087530
5045626288031,5045626288031_1.jpg,"5045626288031_1.jpg,5045626288031_2.jpg,5045626288031_3.jpg,5045626288031_11.jpg",active,Grey,8089437
5045626161488,5045626161488_1.jpg,"5045626161488_1.jpg,5045626161488_2.jpg,5045626161488_3.jpg,5045626161488_4.jpg,5045626161488_5.jpg,5045626161488_6.jpg,5045626161488_11.jpg",active,Blue,8087343
5045626161518,5045626161488_1.jpg,"5045626161488_1.jpg,5045626161488_2.jpg,5045626161488_3.jpg,5045626161488_4.jpg,5045626161488_5.jpg,5045626161488_6.jpg,5045626161488_11.jpg",active,Blue,8087343
5045626161549,5045626161488_1.jpg,"5045626161488_1.jpg,5045626161488_2.jpg,5045626161488_3.jpg,5045626161488_4.jpg,5045626161488_5.jpg,5045626161488_6.jpg,5045626161488_11.jpg",active,Blue,8087343
5045626161570,5045626161488_1.jpg,"5045626161488_1.jpg,5045626161488_2.jpg,5045626161488_3.jpg,5045626161488_4.jpg,5045626161488_5.jpg,5045626161488_6.jpg,5045626161488_11.jpg",active,Blue,8087343
5045626161600,5045626161488_1.jpg,"5045626161488_1.jpg,5045626161488_2.jpg,5045626161488_3.jpg,5045626161488_4.jpg,5045626161488_5.jpg,5045626161488_6.jpg,5045626161488_11.jpg",active,Blue,8087343
5045626161631,5045626161488_1.jpg,"5045626161488_1.jpg,5045626161488_2.jpg,5045626161488_3.jpg,5045626161488_4.jpg,5045626161488_5.jpg,5045626161488_6.jpg,5045626161488_11.jpg",active,Blue,8087343
5045626161662,5045626161488_1.jpg,"5045626161488_1.jpg,5045626161488_2.jpg,5045626161488_3.jpg,5045626161488_4.jpg,5045626161488_5.jpg,5045626161488_6.jpg,5045626161488_11.jpg",active,Blue,8087343
5045626161693,5045626161488_1.jpg,"5045626161488_1.jpg,5045626161488_2.jpg,5045626161488_3.jpg,5045626161488_4.jpg,5045626161488_5.jpg,5045626161488_6.jpg,5045626161488_11.jpg",active,Blue,8087343
5045627457023,5045627457023_1.jpg,"5045627457023_1.jpg,5045627457023_2.jpg,5045627457023_3.jpg,5045627457023_4.jpg,5045627457023_5.jpg,5045627457023_6.jpg,5045627457023_7.jpg,5045627457023_8.jpg,5045627457023_11.jpg",active,Beige,8089355
5045626062877,5045626062877_1.jpg,"5045626062877_1.jpg,5045626062877_2.jpg,5045626062877_3.jpg,5045626062877_4.jpg,5045626062877_5.jpg,5045626062877_6.jpg,5045626062877_7.jpg,5045626062877_8.jpg,5045626062877_9.jpg,5045626062877_11.jpg",active,Black,8087396
5045626062907,5045626062877_1.jpg,"5045626062877_1.jpg,5045626062877_2.jpg,5045626062877_3.jpg,5045626062877_4.jpg,5045626062877_5.jpg,5045626062877_6.jpg,5045626062877_7.jpg,5045626062877_8.jpg,5045626062877_9.jpg,5045626062877_11.jpg",active,Black,8087396
5045626062938,5045626062877_1.jpg,"5045626062877_1.jpg,5045626062877_2.jpg,5045626062877_3.jpg,5045626062877_4.jpg,5045626062877_5.jpg,5045626062877_6.jpg,5045626062877_7.jpg,5045626062877_8.jpg,5045626062877_9.jpg,5045626062877_11.jpg",active,Black,8087396
5045626062969,5045626062877_1.jpg,"5045626062877_1.jpg,5045626062877_2.jpg,5045626062877_3.jpg,5045626062877_4.jpg,5045626062877_5.jpg,5045626062877_6.jpg,5045626062877_7.jpg,5045626062877_8.jpg,5045626062877_9.jpg,5045626062877_11.jpg",active,Black,8087396
5045626062990,5045626062877_1.jpg,"5045626062877_1.jpg,5045626062877_2.jpg,5045626062877_3.jpg,5045626062877_4.jpg,5045626062877_5.jpg,5045626062877_6.jpg,5045626062877_7.jpg,5045626062877_8.jpg,5045626062877_9.jpg,5045626062877_11.jpg",active,Black,8087396
5045626063027,5045626062877_1.jpg,"5045626062877_1.jpg,5045626062877_2.jpg,5045626062877_3.jpg,5045626062877_4.jpg,5045626062877_5.jpg,5045626062877_6.jpg,5045626062877_7.jpg,5045626062877_8.jpg,5045626062877_9.jpg,5045626062877_11.jpg",active,Black,8087396
5045626063089,5045626062877_1.jpg,"5045626062877_1.jpg,5045626062877_2.jpg,5045626062877_3.jpg,5045626062877_4.jpg,5045626062877_5.jpg,5045626062877_6.jpg,5045626062877_7.jpg,5045626062877_8.jpg,5045626062877_9.jpg,5045626062877_11.jpg",active,Black,8087396
5045559029701,5045559029701_1.jpg,"5045559029701_1.jpg,5045559029701_2.jpg,5045559029701_3.jpg,5045559029701_4.jpg,5045559029701_5.jpg,5045559029701_11.jpg",active,Yellow,8089224
5045559029732,5045559029701_1.jpg,"5045559029701_1.jpg,5045559029701_2.jpg,5045559029701_3.jpg,5045559029701_4.jpg,5045559029701_5.jpg,5045559029701_11.jpg",active,Yellow,8089224
5045559029763,5045559029701_1.jpg,"5045559029701_1.jpg,5045559029701_2.jpg,5045559029701_3.jpg,5045559029701_4.jpg,5045559029701_5.jpg,5045559029701_11.jpg",active,Yellow,8089224
5045559029794,5045559029701_1.jpg,"5045559029701_1.jpg,5045559029701_2.jpg,5045559029701_3.jpg,5045559029701_4.jpg,5045559029701_5.jpg,5045559029701_11.jpg",active,Yellow,8089224
5045559029824,5045559029701_1.jpg,"5045559029701_1.jpg,5045559029701_2.jpg,5045559029701_3.jpg,5045559029701_4.jpg,5045559029701_5.jpg,5045559029701_11.jpg",active,Yellow,8089224
5045559029855,5045559029701_1.jpg,"5045559029701_1.jpg,5045559029701_2.jpg,5045559029701_3.jpg,5045559029701_4.jpg,5045559029701_5.jpg,5045559029701_11.jpg",active,Yellow,8089224
5045559029886,5045559029701_1.jpg,"5045559029701_1.jpg,5045559029701_2.jpg,5045559029701_3.jpg,5045559029701_4.jpg,5045559029701_5.jpg,5045559029701_11.jpg",active,Yellow,8089224
5045559029916,5045559029701_1.jpg,"5045559029701_1.jpg,5045559029701_2.jpg,5045559029701_3.jpg,5045559029701_4.jpg,5045559029701_5.jpg,5045559029701_11.jpg",active,Yellow,8089224
5045559029947,5045559029701_1.jpg,"5045559029701_1.jpg,5045559029701_2.jpg,5045559029701_3.jpg,5045559029701_4.jpg,5045559029701_5.jpg,5045559029701_11.jpg",active,Yellow,8089224
5045627337820,5045627337820_1.jpg,"5045627337820_1.jpg,5045627337820_2.jpg,5045627337820_3.jpg,5045627337820_4.jpg,5045627337820_5.jpg,5045627337820_6.jpg,5045627337820_11.jpg",active,Blue,8087477
5045627337851,5045627337820_1.jpg,"5045627337820_1.jpg,5045627337820_2.jpg,5045627337820_3.jpg,5045627337820_4.jpg,5045627337820_5.jpg,5045627337820_6.jpg,5045627337820_11.jpg",active,Blue,8087477
5045627337882,5045627337820_1.jpg,"5045627337820_1.jpg,5045627337820_2.jpg,5045627337820_3.jpg,5045627337820_4.jpg,5045627337820_5.jpg,5045627337820_6.jpg,5045627337820_11.jpg",active,Blue,8087477
5045627337912,5045627337820_1.jpg,"5045627337820_1.jpg,5045627337820_2.jpg,5045627337820_3.jpg,5045627337820_4.jpg,5045627337820_5.jpg,5045627337820_6.jpg,5045627337820_11.jpg",active,Blue,8087477
5045627337943,5045627337820_1.jpg,"5045627337820_1.jpg,5045627337820_2.jpg,5045627337820_3.jpg,5045627337820_4.jpg,5045627337820_5.jpg,5045627337820_6.jpg,5045627337820_11.jpg",active,Blue,8087477
5045627337974,5045627337820_1.jpg,"5045627337820_1.jpg,5045627337820_2.jpg,5045627337820_3.jpg,5045627337820_4.jpg,5045627337820_5.jpg,5045627337820_6.jpg,5045627337820_11.jpg",active,Blue,8087477
5045627338001,5045627337820_1.jpg,"5045627337820_1.jpg,5045627337820_2.jpg,5045627337820_3.jpg,5045627337820_4.jpg,5045627337820_5.jpg,5045627337820_6.jpg,5045627337820_11.jpg",active,Blue,8087477
5045627338032,5045627337820_1.jpg,"5045627337820_1.jpg,5045627337820_2.jpg,5045627337820_3.jpg,5045627337820_4.jpg,5045627337820_5.jpg,5045627337820_6.jpg,5045627337820_11.jpg",active,Blue,8087477
5045553795510,5045553795510_1.jpg,"5045553795510_1.jpg,5045553795510_2.jpg,5045553795510_3.jpg,5045553795510_4.jpg,5045553795510_5.jpg,5045553795510_6.jpg,5045553795510_7.jpg,5045553795510_8.jpg,5045553795510_9.jpg,5045553795510_11.jpg",active,Yellow,8087480
5045553795541,5045553795510_1.jpg,"5045553795510_1.jpg,5045553795510_2.jpg,5045553795510_3.jpg,5045553795510_4.jpg,5045553795510_5.jpg,5045553795510_6.jpg,5045553795510_7.jpg,5045553795510_8.jpg,5045553795510_9.jpg,5045553795510_11.jpg",active,Yellow,8087480
5045553795572,5045553795510_1.jpg,"5045553795510_1.jpg,5045553795510_2.jpg,5045553795510_3.jpg,5045553795510_4.jpg,5045553795510_5.jpg,5045553795510_6.jpg,5045553795510_7.jpg,5045553795510_8.jpg,5045553795510_9.jpg,5045553795510_11.jpg",active,Yellow,8087480
5045553795602,5045553795510_1.jpg,"5045553795510_1.jpg,5045553795510_2.jpg,5045553795510_3.jpg,5045553795510_4.jpg,5045553795510_5.jpg,5045553795510_6.jpg,5045553795510_7.jpg,5045553795510_8.jpg,5045553795510_9.jpg,5045553795510_11.jpg",active,Yellow,8087480
5045553795633,5045553795510_1.jpg,"5045553795510_1.jpg,5045553795510_2.jpg,5045553795510_3.jpg,5045553795510_4.jpg,5045553795510_5.jpg,5045553795510_6.jpg,5045553795510_7.jpg,5045553795510_8.jpg,5045553795510_9.jpg,5045553795510_11.jpg",active,Yellow,8087480
5045553795664,5045553795510_1.jpg,"5045553795510_1.jpg,5045553795510_2.jpg,5045553795510_3.jpg,5045553795510_4.jpg,5045553795510_5.jpg,5045553795510_6.jpg,5045553795510_7.jpg,5045553795510_8.jpg,5045553795510_9.jpg,5045553795510_11.jpg",active,Yellow,8087480
5045553795695,5045553795510_1.jpg,"5045553795510_1.jpg,5045553795510_2.jpg,5045553795510_3.jpg,5045553795510_4.jpg,5045553795510_5.jpg,5045553795510_6.jpg,5045553795510_7.jpg,5045553795510_8.jpg,5045553795510_9.jpg,5045553795510_11.jpg",active,Yellow,8087480
5045553795725,5045553795510_1.jpg,"5045553795510_1.jpg,5045553795510_2.jpg,5045553795510_3.jpg,5045553795510_4.jpg,5045553795510_5.jpg,5045553795510_6.jpg,5045553795510_7.jpg,5045553795510_8.jpg,5045553795510_9.jpg,5045553795510_11.jpg",active,Yellow,8087480
5045553795756,5045553795510_1.jpg,"5045553795510_1.jpg,5045553795510_2.jpg,5045553795510_3.jpg,5045553795510_4.jpg,5045553795510_5.jpg,5045553795510_6.jpg,5045553795510_7.jpg,5045553795510_8.jpg,5045553795510_9.jpg,5045553795510_11.jpg",active,Yellow,8087480
5045620498047,5045553795510_1.jpg,"5045553795510_1.jpg,5045553795510_2.jpg,5045553795510_3.jpg,5045553795510_4.jpg,5045553795510_5.jpg,5045553795510_6.jpg,5045553795510_7.jpg,5045553795510_8.jpg,5045553795510_9.jpg,5045553795510_11.jpg",active,Yellow,8087480
5045627415665,5045627415665_1.jpg,"5045627415665_1.jpg,5045627415665_2.jpg,5045627415665_3.jpg,5045627415665_11.jpg",active,Yellow,8089476
5045626363059,5045626363059_1.jpg,"5045626363059_1.jpg,5045626363059_2.jpg,5045626363059_3.jpg,5045626363059_4.jpg,5045626363059_5.jpg,5045626363059_6.jpg,5045626363059_11.jpg",active,Black,8087523
5045626363080,5045626363059_1.jpg,"5045626363059_1.jpg,5045626363059_2.jpg,5045626363059_3.jpg,5045626363059_4.jpg,5045626363059_5.jpg,5045626363059_6.jpg,5045626363059_11.jpg",active,Black,8087523
5045626363110,5045626363059_1.jpg,"5045626363059_1.jpg,5045626363059_2.jpg,5045626363059_3.jpg,5045626363059_4.jpg,5045626363059_5.jpg,5045626363059_6.jpg,5045626363059_11.jpg",active,Black,8087523
5045626363141,5045626363059_1.jpg,"5045626363059_1.jpg,5045626363059_2.jpg,5045626363059_3.jpg,5045626363059_4.jpg,5045626363059_5.jpg,5045626363059_6.jpg,5045626363059_11.jpg",active,Black,8087523
5045626363172,5045626363059_1.jpg,"5045626363059_1.jpg,5045626363059_2.jpg,5045626363059_3.jpg,5045626363059_4.jpg,5045626363059_5.jpg,5045626363059_6.jpg,5045626363059_11.jpg",active,Black,8087523
5045626363202,5045626363059_1.jpg,"5045626363059_1.jpg,5045626363059_2.jpg,5045626363059_3.jpg,5045626363059_4.jpg,5045626363059_5.jpg,5045626363059_6.jpg,5045626363059_11.jpg",active,Black,8087523
5045626363264,5045626363059_1.jpg,"5045626363059_1.jpg,5045626363059_2.jpg,5045626363059_3.jpg,5045626363059_4.jpg,5045626363059_5.jpg,5045626363059_6.jpg,5045626363059_11.jpg",active,Black,8087523
5045626063836,5045626063836_1.jpg,"5045626063836_1.jpg,5045626063836_2.jpg,5045626063836_3.jpg,5045626063836_4.jpg,5045626063836_5.jpg,5045626063836_11.jpg",active,Beige,8087462
5045626063867,5045626063836_1.jpg,"5045626063836_1.jpg,5045626063836_2.jpg,5045626063836_3.jpg,5045626063836_4.jpg,5045626063836_5.jpg,5045626063836_11.jpg",active,Beige,8087462
5045626063898,5045626063836_1.jpg,"5045626063836_1.jpg,5045626063836_2.jpg,5045626063836_3.jpg,5045626063836_4.jpg,5045626063836_5.jpg,5045626063836_11.jpg",active,Beige,8087462
5045626063928,5045626063836_1.jpg,"5045626063836_1.jpg,5045626063836_2.jpg,5045626063836_3.jpg,5045626063836_4.jpg,5045626063836_5.jpg,5045626063836_11.jpg",active,Beige,8087462
5045626063959,5045626063836_1.jpg,"5045626063836_1.jpg,5045626063836_2.jpg,5045626063836_3.jpg,5045626063836_4.jpg,5045626063836_5.jpg,5045626063836_11.jpg",active,Beige,8087462
5045626063980,5045626063836_1.jpg,"5045626063836_1.jpg,5045626063836_2.jpg,5045626063836_3.jpg,5045626063836_4.jpg,5045626063836_5.jpg,5045626063836_11.jpg",active,Beige,8087462
5045626064048,5045626063836_1.jpg,"5045626063836_1.jpg,5045626063836_2.jpg,5045626063836_3.jpg,5045626063836_4.jpg,5045626063836_5.jpg,5045626063836_11.jpg",active,Beige,8087462
5045627780954,5045627780954_1.jpg,"5045627780954_1.jpg,5045627780954_2.jpg,5045627780954_3.jpg,5045627780954_4.jpg,5045627780954_5.jpg,5045627780954_6.jpg,5045627780954_11.jpg",active,Black,8087499
5045627780985,5045627780954_1.jpg,"5045627780954_1.jpg,5045627780954_2.jpg,5045627780954_3.jpg,5045627780954_4.jpg,5045627780954_5.jpg,5045627780954_6.jpg,5045627780954_11.jpg",active,Black,8087499
5045627781012,5045627780954_1.jpg,"5045627780954_1.jpg,5045627780954_2.jpg,5045627780954_3.jpg,5045627780954_4.jpg,5045627780954_5.jpg,5045627780954_6.jpg,5045627780954_11.jpg",active,Black,8087499
5045627781043,5045627780954_1.jpg,"5045627780954_1.jpg,5045627780954_2.jpg,5045627780954_3.jpg,5045627780954_4.jpg,5045627780954_5.jpg,5045627780954_6.jpg,5045627780954_11.jpg",active,Black,8087499
5045627781074,5045627780954_1.jpg,"5045627780954_1.jpg,5045627780954_2.jpg,5045627780954_3.jpg,5045627780954_4.jpg,5045627780954_5.jpg,5045627780954_6.jpg,5045627780954_11.jpg",active,Black,8087499
5045627781104,5045627780954_1.jpg,"5045627780954_1.jpg,5045627780954_2.jpg,5045627780954_3.jpg,5045627780954_4.jpg,5045627780954_5.jpg,5045627780954_6.jpg,5045627780954_11.jpg",active,Black,8087499
5045627781135,5045627780954_1.jpg,"5045627780954_1.jpg,5045627780954_2.jpg,5045627780954_3.jpg,5045627780954_4.jpg,5045627780954_5.jpg,5045627780954_6.jpg,5045627780954_11.jpg",active,Black,8087499
5045627781166,5045627780954_1.jpg,"5045627780954_1.jpg,5045627780954_2.jpg,5045627780954_3.jpg,5045627780954_4.jpg,5045627780954_5.jpg,5045627780954_6.jpg,5045627780954_11.jpg",active,Black,8087499
5045627781197,5045627780954_1.jpg,"5045627780954_1.jpg,5045627780954_2.jpg,5045627780954_3.jpg,5045627780954_4.jpg,5045627780954_5.jpg,5045627780954_6.jpg,5045627780954_11.jpg",active,Black,8087499
5045627781227,5045627780954_1.jpg,"5045627780954_1.jpg,5045627780954_2.jpg,5045627780954_3.jpg,5045627780954_4.jpg,5045627780954_5.jpg,5045627780954_6.jpg,5045627780954_11.jpg",active,Black,8087499
5045627547533,5045627547533_1.jpg,"5045627547533_1.jpg,5045627547533_2.jpg,5045627547533_3.jpg,5045627547533_4.jpg,5045627547533_5.jpg,5045627547533_6.jpg,5045627547533_7.jpg,5045627547533_8.jpg,5045627547533_11.jpg",active,Beige,8089357
5045627338063,5045627338063_1.jpg,"5045627338063_1.jpg,5045627338063_2.jpg,5045627338063_3.jpg,5045627338063_4.jpg,5045627338063_5.jpg,5045627338063_11.jpg",active,Brown,8087631
5045627338094,5045627338063_1.jpg,"5045627338063_1.jpg,5045627338063_2.jpg,5045627338063_3.jpg,5045627338063_4.jpg,5045627338063_5.jpg,5045627338063_11.jpg",active,Brown,8087631
5045627338124,5045627338063_1.jpg,"5045627338063_1.jpg,5045627338063_2.jpg,5045627338063_3.jpg,5045627338063_4.jpg,5045627338063_5.jpg,5045627338063_11.jpg",active,Brown,8087631
5045627338155,5045627338063_1.jpg,"5045627338063_1.jpg,5045627338063_2.jpg,5045627338063_3.jpg,5045627338063_4.jpg,5045627338063_5.jpg,5045627338063_11.jpg",active,Brown,8087631
5045627338186,5045627338063_1.jpg,"5045627338063_1.jpg,5045627338063_2.jpg,5045627338063_3.jpg,5045627338063_4.jpg,5045627338063_5.jpg,5045627338063_11.jpg",active,Brown,8087631
5045627338216,5045627338063_1.jpg,"5045627338063_1.jpg,5045627338063_2.jpg,5045627338063_3.jpg,5045627338063_4.jpg,5045627338063_5.jpg,5045627338063_11.jpg",active,Brown,8087631
5045627338247,5045627338063_1.jpg,"5045627338063_1.jpg,5045627338063_2.jpg,5045627338063_3.jpg,5045627338063_4.jpg,5045627338063_5.jpg,5045627338063_11.jpg",active,Brown,8087631
5045627338278,5045627338063_1.jpg,"5045627338063_1.jpg,5045627338063_2.jpg,5045627338063_3.jpg,5045627338063_4.jpg,5045627338063_5.jpg,5045627338063_11.jpg",active,Brown,8087631
5045625464061,5045625464061_1.jpg,"5045625464061_1.jpg,5045625464061_2.jpg,5045625464061_3.jpg,5045625464061_4.jpg,5045625464061_5.jpg,5045625464061_11.jpg",active,Beige,8087464
5045625464092,5045625464061_1.jpg,"5045625464061_1.jpg,5045625464061_2.jpg,5045625464061_3.jpg,5045625464061_4.jpg,5045625464061_5.jpg,5045625464061_11.jpg",active,Beige,8087464
5045625464122,5045625464061_1.jpg,"5045625464061_1.jpg,5045625464061_2.jpg,5045625464061_3.jpg,5045625464061_4.jpg,5045625464061_5.jpg,5045625464061_11.jpg",active,Beige,8087464
5045625464153,5045625464061_1.jpg,"5045625464061_1.jpg,5045625464061_2.jpg,5045625464061_3.jpg,5045625464061_4.jpg,5045625464061_5.jpg,5045625464061_11.jpg",active,Beige,8087464
5045625464184,5045625464061_1.jpg,"5045625464061_1.jpg,5045625464061_2.jpg,5045625464061_3.jpg,5045625464061_4.jpg,5045625464061_5.jpg,5045625464061_11.jpg",active,Beige,8087464
5045625464214,5045625464061_1.jpg,"5045625464061_1.jpg,5045625464061_2.jpg,5045625464061_3.jpg,5045625464061_4.jpg,5045625464061_5.jpg,5045625464061_11.jpg",active,Beige,8087464
5045625464245,5045625464061_1.jpg,"5045625464061_1.jpg,5045625464061_2.jpg,5045625464061_3.jpg,5045625464061_4.jpg,5045625464061_5.jpg,5045625464061_11.jpg",active,Beige,8087464
5045624663731,5045624663731_1.jpg,"5045624663731_1.jpg,5045624663731_2.jpg,5045624663731_3.jpg,5045624663731_4.jpg,5045624663731_5.jpg,5045624663731_6.jpg,5045624663731_7.jpg,5045624663731_8.jpg,5045624663731_11.jpg",active,Blue,8087472
5045624663762,5045624663731_1.jpg,"5045624663731_1.jpg,5045624663731_2.jpg,5045624663731_3.jpg,5045624663731_4.jpg,5045624663731_5.jpg,5045624663731_6.jpg,5045624663731_7.jpg,5045624663731_8.jpg,5045624663731_11.jpg",active,Blue,8087472
5045624663793,5045624663731_1.jpg,"5045624663731_1.jpg,5045624663731_2.jpg,5045624663731_3.jpg,5045624663731_4.jpg,5045624663731_5.jpg,5045624663731_6.jpg,5045624663731_7.jpg,5045624663731_8.jpg,5045624663731_11.jpg",active,Blue,8087472
5045624663823,5045624663731_1.jpg,"5045624663731_1.jpg,5045624663731_2.jpg,5045624663731_3.jpg,5045624663731_4.jpg,5045624663731_5.jpg,5045624663731_6.jpg,5045624663731_7.jpg,5045624663731_8.jpg,5045624663731_11.jpg",active,Blue,8087472
5045624663854,5045624663731_1.jpg,"5045624663731_1.jpg,5045624663731_2.jpg,5045624663731_3.jpg,5045624663731_4.jpg,5045624663731_5.jpg,5045624663731_6.jpg,5045624663731_7.jpg,5045624663731_8.jpg,5045624663731_11.jpg",active,Blue,8087472
5045624663885,5045624663731_1.jpg,"5045624663731_1.jpg,5045624663731_2.jpg,5045624663731_3.jpg,5045624663731_4.jpg,5045624663731_5.jpg,5045624663731_6.jpg,5045624663731_7.jpg,5045624663731_8.jpg,5045624663731_11.jpg",active,Blue,8087472
5045624663915,5045624663731_1.jpg,"5045624663731_1.jpg,5045624663731_2.jpg,5045624663731_3.jpg,5045624663731_4.jpg,5045624663731_5.jpg,5045624663731_6.jpg,5045624663731_7.jpg,5045624663731_8.jpg,5045624663731_11.jpg",active,Blue,8087472
5045625902297,5045625902297_1.jpg,"5045625902297_1.jpg,5045625902297_2.jpg,5045625902297_3.jpg,5045625902297_4.jpg,5045625902297_5.jpg,5045625902297_11.jpg",active,Beige,8089208
5045625902327,5045625902297_1.jpg,"5045625902297_1.jpg,5045625902297_2.jpg,5045625902297_3.jpg,5045625902297_4.jpg,5045625902297_5.jpg,5045625902297_11.jpg",active,Beige,8089208
5045625902358,5045625902297_1.jpg,"5045625902297_1.jpg,5045625902297_2.jpg,5045625902297_3.jpg,5045625902297_4.jpg,5045625902297_5.jpg,5045625902297_11.jpg",active,Beige,8089208
5045625902389,5045625902297_1.jpg,"5045625902297_1.jpg,5045625902297_2.jpg,5045625902297_3.jpg,5045625902297_4.jpg,5045625902297_5.jpg,5045625902297_11.jpg",active,Beige,8089208
5045622754424,5045622754424_1.jpg,"5045622754424_1.jpg,5045622754424_2.jpg,5045622754424_3.jpg,5045622754424_4.jpg,5045622754424_5.jpg,5045622754424_6.jpg,5045622754424_11.jpg",inactive,Beige,8087620
5045622754455,5045622754424_1.jpg,"5045622754424_1.jpg,5045622754424_2.jpg,5045622754424_3.jpg,5045622754424_4.jpg,5045622754424_5.jpg,5045622754424_6.jpg,5045622754424_11.jpg",inactive,Beige,8087620
5045622754486,5045622754424_1.jpg,"5045622754424_1.jpg,5045622754424_2.jpg,5045622754424_3.jpg,5045622754424_4.jpg,5045622754424_5.jpg,5045622754424_6.jpg,5045622754424_11.jpg",inactive,Beige,8087620
5045622754516,5045622754424_1.jpg,"5045622754424_1.jpg,5045622754424_2.jpg,5045622754424_3.jpg,5045622754424_4.jpg,5045622754424_5.jpg,5045622754424_6.jpg,5045622754424_11.jpg",inactive,Beige,8087620
5045622754547,5045622754424_1.jpg,"5045622754424_1.jpg,5045622754424_2.jpg,5045622754424_3.jpg,5045622754424_4.jpg,5045622754424_5.jpg,5045622754424_6.jpg,5045622754424_11.jpg",inactive,Beige,8087620
5045622754578,5045622754424_1.jpg,"5045622754424_1.jpg,5045622754424_2.jpg,5045622754424_3.jpg,5045622754424_4.jpg,5045622754424_5.jpg,5045622754424_6.jpg,5045622754424_11.jpg",inactive,Beige,8087620
5045622754608,5045622754424_1.jpg,"5045622754424_1.jpg,5045622754424_2.jpg,5045622754424_3.jpg,5045622754424_4.jpg,5045622754424_5.jpg,5045622754424_6.jpg,5045622754424_11.jpg",inactive,Beige,8087620
5045622754639,5045622754424_1.jpg,"5045622754424_1.jpg,5045622754424_2.jpg,5045622754424_3.jpg,5045622754424_4.jpg,5045622754424_5.jpg,5045622754424_6.jpg,5045622754424_11.jpg",inactive,Beige,8087620
5045622754660,5045622754424_1.jpg,"5045622754424_1.jpg,5045622754424_2.jpg,5045622754424_3.jpg,5045622754424_4.jpg,5045622754424_5.jpg,5045622754424_6.jpg,5045622754424_11.jpg",inactive,Beige,8087620
5045622754691,5045622754424_1.jpg,"5045622754424_1.jpg,5045622754424_2.jpg,5045622754424_3.jpg,5045622754424_4.jpg,5045622754424_5.jpg,5045622754424_6.jpg,5045622754424_11.jpg",inactive,Beige,8087620
5045622754721,5045622754424_1.jpg,"5045622754424_1.jpg,5045622754424_2.jpg,5045622754424_3.jpg,5045622754424_4.jpg,5045622754424_5.jpg,5045622754424_6.jpg,5045622754424_11.jpg",inactive,Beige,8087620
5045622754752,5045622754424_1.jpg,"5045622754424_1.jpg,5045622754424_2.jpg,5045622754424_3.jpg,5045622754424_4.jpg,5045622754424_5.jpg,5045622754424_6.jpg,5045622754424_11.jpg",inactive,Beige,8087620
5045622754783,5045622754424_1.jpg,"5045622754424_1.jpg,5045622754424_2.jpg,5045622754424_3.jpg,5045622754424_4.jpg,5045622754424_5.jpg,5045622754424_6.jpg,5045622754424_11.jpg",inactive,Beige,8087620
5045626200163,5045626200163_1.jpg,"5045626200163_1.jpg,5045626200163_2.jpg,5045626200163_3.jpg,5045626200163_4.jpg,5045626200163_5.jpg,5045626200163_6.jpg,5045626200163_7.jpg,5045626200163_8.jpg,5045626200163_9.jpg,5045626200163_10.jpg,5045626200163_11.jpg",active,Black,8089274
5045624410649,5045624410649_1.jpg,"5045624410649_1.jpg,5045624410649_2.jpg,5045624410649_3.jpg,5045624410649_4.jpg,5045624410649_5.jpg,5045624410649_6.jpg,5045624410649_11.jpg",active,Pink,8087510
5045624410670,5045624410649_1.jpg,"5045624410649_1.jpg,5045624410649_2.jpg,5045624410649_3.jpg,5045624410649_4.jpg,5045624410649_5.jpg,5045624410649_6.jpg,5045624410649_11.jpg",active,Pink,8087510
5045624410700,5045624410649_1.jpg,"5045624410649_1.jpg,5045624410649_2.jpg,5045624410649_3.jpg,5045624410649_4.jpg,5045624410649_5.jpg,5045624410649_6.jpg,5045624410649_11.jpg",active,Pink,8087510
5045624410731,5045624410649_1.jpg,"5045624410649_1.jpg,5045624410649_2.jpg,5045624410649_3.jpg,5045624410649_4.jpg,5045624410649_5.jpg,5045624410649_6.jpg,5045624410649_11.jpg",active,Pink,8087510
5045627021835,5045627021835_1.jpg,"5045627021835_1.jpg,5045627021835_2.jpg,5045627021835_3.jpg,5045627021835_4.jpg,5045627021835_5.jpg,5045627021835_11.jpg",active,White,8087511
5045627021866,5045627021835_1.jpg,"5045627021835_1.jpg,5045627021835_2.jpg,5045627021835_3.jpg,5045627021835_4.jpg,5045627021835_5.jpg,5045627021835_11.jpg",active,White,8087511
5045627021897,5045627021835_1.jpg,"5045627021835_1.jpg,5045627021835_2.jpg,5045627021835_3.jpg,5045627021835_4.jpg,5045627021835_5.jpg,5045627021835_11.jpg",active,White,8087511
5045627021927,5045627021835_1.jpg,"5045627021835_1.jpg,5045627021835_2.jpg,5045627021835_3.jpg,5045627021835_4.jpg,5045627021835_5.jpg,5045627021835_11.jpg",active,White,8087511
5045627021958,5045627021835_1.jpg,"5045627021835_1.jpg,5045627021835_2.jpg,5045627021835_3.jpg,5045627021835_4.jpg,5045627021835_5.jpg,5045627021835_11.jpg",active,White,8087511
5045627021989,5045627021835_1.jpg,"5045627021835_1.jpg,5045627021835_2.jpg,5045627021835_3.jpg,5045627021835_4.jpg,5045627021835_5.jpg,5045627021835_11.jpg",active,White,8087511
5045627022016,5045627021835_1.jpg,"5045627021835_1.jpg,5045627021835_2.jpg,5045627021835_3.jpg,5045627021835_4.jpg,5045627021835_5.jpg,5045627021835_11.jpg",active,White,8087511
5045627022047,5045627021835_1.jpg,"5045627021835_1.jpg,5045627021835_2.jpg,5045627021835_3.jpg,5045627021835_4.jpg,5045627021835_5.jpg,5045627021835_11.jpg",active,White,8087511
5045626221380,5045626221380_1.jpg,"5045626221380_1.jpg,5045626221380_2.jpg,5045626221380_3.jpg,5045626221380_4.jpg,5045626221380_5.jpg,5045626221380_6.jpg,5045626221380_11.jpg",active,Grey,8089359
5045626221410,5045626221380_1.jpg,"5045626221380_1.jpg,5045626221380_2.jpg,5045626221380_3.jpg,5045626221380_4.jpg,5045626221380_5.jpg,5045626221380_6.jpg,5045626221380_11.jpg",active,Grey,8089359
5045626221441,5045626221380_1.jpg,"5045626221380_1.jpg,5045626221380_2.jpg,5045626221380_3.jpg,5045626221380_4.jpg,5045626221380_5.jpg,5045626221380_6.jpg,5045626221380_11.jpg",active,Grey,8089359
5045626221625,5045626221380_1.jpg,"5045626221380_1.jpg,5045626221380_2.jpg,5045626221380_3.jpg,5045626221380_4.jpg,5045626221380_5.jpg,5045626221380_6.jpg,5045626221380_11.jpg",active,Grey,8089359
5045626221656,5045626221380_1.jpg,"5045626221380_1.jpg,5045626221380_2.jpg,5045626221380_3.jpg,5045626221380_4.jpg,5045626221380_5.jpg,5045626221380_6.jpg,5045626221380_11.jpg",active,Grey,8089359
5045626221687,5045626221380_1.jpg,"5045626221380_1.jpg,5045626221380_2.jpg,5045626221380_3.jpg,5045626221380_4.jpg,5045626221380_5.jpg,5045626221380_6.jpg,5045626221380_11.jpg",active,Grey,8089359
5045626221717,5045626221380_1.jpg,"5045626221380_1.jpg,5045626221380_2.jpg,5045626221380_3.jpg,5045626221380_4.jpg,5045626221380_5.jpg,5045626221380_6.jpg,5045626221380_11.jpg",active,Grey,8089359
5045626104065,5045626104065_1.jpg,"5045626104065_1.jpg,5045626104065_2.jpg,5045626104065_3.jpg,5045626104065_11.jpg",active,Blue,8089241
5045626104096,5045626104065_1.jpg,"5045626104065_1.jpg,5045626104065_2.jpg,5045626104065_3.jpg,5045626104065_11.jpg",active,Blue,8089241
5045626104126,5045626104065_1.jpg,"5045626104065_1.jpg,5045626104065_2.jpg,5045626104065_3.jpg,5045626104065_11.jpg",active,Blue,8089241
5045626104157,5045626104065_1.jpg,"5045626104065_1.jpg,5045626104065_2.jpg,5045626104065_3.jpg,5045626104065_11.jpg",active,Blue,8089241
5045626104188,5045626104065_1.jpg,"5045626104065_1.jpg,5045626104065_2.jpg,5045626104065_3.jpg,5045626104065_11.jpg",active,Blue,8089241
5045626104218,5045626104065_1.jpg,"5045626104065_1.jpg,5045626104065_2.jpg,5045626104065_3.jpg,5045626104065_11.jpg",active,Blue,8089241
5045626104249,5045626104065_1.jpg,"5045626104065_1.jpg,5045626104065_2.jpg,5045626104065_3.jpg,5045626104065_11.jpg",active,Blue,8089241
5045621669934,5045621669934_1.jpg,"5045621669934_1.jpg,5045621669934_2.jpg,5045621669934_3.jpg,5045621669934_4.jpg,5045621669934_5.jpg,5045621669934_6.jpg,5045621669934_7.jpg,5045621669934_8.jpg,5045621669934_9.jpg,5045621669934_11.jpg",active,Yellow,8087500
5045621670022,5045621669934_1.jpg,"5045621669934_1.jpg,5045621669934_2.jpg,5045621669934_3.jpg,5045621669934_4.jpg,5045621669934_5.jpg,5045621669934_6.jpg,5045621669934_7.jpg,5045621669934_8.jpg,5045621669934_9.jpg,5045621669934_11.jpg",active,Yellow,8087500
5045621670114,5045621669934_1.jpg,"5045621669934_1.jpg,5045621669934_2.jpg,5045621669934_3.jpg,5045621669934_4.jpg,5045621669934_5.jpg,5045621669934_6.jpg,5045621669934_7.jpg,5045621669934_8.jpg,5045621669934_9.jpg,5045621669934_11.jpg",active,Yellow,8087500
5045621670206,5045621669934_1.jpg,"5045621669934_1.jpg,5045621669934_2.jpg,5045621669934_3.jpg,5045621669934_4.jpg,5045621669934_5.jpg,5045621669934_6.jpg,5045621669934_7.jpg,5045621669934_8.jpg,5045621669934_9.jpg,5045621669934_11.jpg",active,Yellow,8087500
5045621670299,5045621669934_1.jpg,"5045621669934_1.jpg,5045621669934_2.jpg,5045621669934_3.jpg,5045621669934_4.jpg,5045621669934_5.jpg,5045621669934_6.jpg,5045621669934_7.jpg,5045621669934_8.jpg,5045621669934_9.jpg,5045621669934_11.jpg",active,Yellow,8087500
5045621670381,5045621669934_1.jpg,"5045621669934_1.jpg,5045621669934_2.jpg,5045621669934_3.jpg,5045621669934_4.jpg,5045621669934_5.jpg,5045621669934_6.jpg,5045621669934_7.jpg,5045621669934_8.jpg,5045621669934_9.jpg,5045621669934_11.jpg",active,Yellow,8087500
5045621670473,5045621669934_1.jpg,"5045621669934_1.jpg,5045621669934_2.jpg,5045621669934_3.jpg,5045621669934_4.jpg,5045621669934_5.jpg,5045621669934_6.jpg,5045621669934_7.jpg,5045621669934_8.jpg,5045621669934_9.jpg,5045621669934_11.jpg",active,Yellow,8087500
5045621670565,5045621669934_1.jpg,"5045621669934_1.jpg,5045621669934_2.jpg,5045621669934_3.jpg,5045621669934_4.jpg,5045621669934_5.jpg,5045621669934_6.jpg,5045621669934_7.jpg,5045621669934_8.jpg,5045621669934_9.jpg,5045621669934_11.jpg",active,Yellow,8087500
5045621670657,5045621669934_1.jpg,"5045621669934_1.jpg,5045621669934_2.jpg,5045621669934_3.jpg,5045621669934_4.jpg,5045621669934_5.jpg,5045621669934_6.jpg,5045621669934_7.jpg,5045621669934_8.jpg,5045621669934_9.jpg,5045621669934_11.jpg",active,Yellow,8087500
5045624456593,5045624456593_1.jpg,"5045624456593_1.jpg,5045624456593_2.jpg,5045624456593_3.jpg,5045624456593_4.jpg,5045624456593_5.jpg,5045624456593_11.jpg",inactive,Brown,8087375
5045627344705,5045627344705_1.jpg,"5045627344705_1.jpg,5045627344705_2.jpg,5045627344705_3.jpg,5045627344705_4.jpg,5045627344705_11.jpg",active,Beige,8087611
5045627344736,5045627344705_1.jpg,"5045627344705_1.jpg,5045627344705_2.jpg,5045627344705_3.jpg,5045627344705_4.jpg,5045627344705_11.jpg",active,Beige,8087611
5045627344767,5045627344705_1.jpg,"5045627344705_1.jpg,5045627344705_2.jpg,5045627344705_3.jpg,5045627344705_4.jpg,5045627344705_11.jpg",active,Beige,8087611
5045627344798,5045627344705_1.jpg,"5045627344705_1.jpg,5045627344705_2.jpg,5045627344705_3.jpg,5045627344705_4.jpg,5045627344705_11.jpg",active,Beige,8087611
5045626055619,5045626055619_1.jpg,"5045626055619_1.jpg,5045626055619_2.jpg,5045626055619_3.jpg,5045626055619_4.jpg,5045626055619_5.jpg,5045626055619_6.jpg,5045626055619_11.jpg",active,Brown,8087432
5045626055671,5045626055619_1.jpg,"5045626055619_1.jpg,5045626055619_2.jpg,5045626055619_3.jpg,5045626055619_4.jpg,5045626055619_5.jpg,5045626055619_6.jpg,5045626055619_11.jpg",active,Brown,8087432
5045626055732,5045626055619_1.jpg,"5045626055619_1.jpg,5045626055619_2.jpg,5045626055619_3.jpg,5045626055619_4.jpg,5045626055619_5.jpg,5045626055619_6.jpg,5045626055619_11.jpg",active,Brown,8087432
5045626055794,5045626055619_1.jpg,"5045626055619_1.jpg,5045626055619_2.jpg,5045626055619_3.jpg,5045626055619_4.jpg,5045626055619_5.jpg,5045626055619_6.jpg,5045626055619_11.jpg",active,Brown,8087432
5045626055855,5045626055619_1.jpg,"5045626055619_1.jpg,5045626055619_2.jpg,5045626055619_3.jpg,5045626055619_4.jpg,5045626055619_5.jpg,5045626055619_6.jpg,5045626055619_11.jpg",active,Brown,8087432
5045626055916,5045626055619_1.jpg,"5045626055619_1.jpg,5045626055619_2.jpg,5045626055619_3.jpg,5045626055619_4.jpg,5045626055619_5.jpg,5045626055619_6.jpg,5045626055619_11.jpg",active,Brown,8087432
5045626055978,5045626055619_1.jpg,"5045626055619_1.jpg,5045626055619_2.jpg,5045626055619_3.jpg,5045626055619_4.jpg,5045626055619_5.jpg,5045626055619_6.jpg,5045626055619_11.jpg",active,Brown,8087432
5045627291221,5045627291221_1.jpg,"5045627291221_1.jpg,5045627291221_2.jpg,5045627291221_3.jpg,5045627291221_4.jpg,5045627291221_5.jpg,5045627291221_6.jpg,5045627291221_11.jpg",active,Blue,8087336
5045627291252,5045627291221_1.jpg,"5045627291221_1.jpg,5045627291221_2.jpg,5045627291221_3.jpg,5045627291221_4.jpg,5045627291221_5.jpg,5045627291221_6.jpg,5045627291221_11.jpg",active,Blue,8087336
5045627291283,5045627291221_1.jpg,"5045627291221_1.jpg,5045627291221_2.jpg,5045627291221_3.jpg,5045627291221_4.jpg,5045627291221_5.jpg,5045627291221_6.jpg,5045627291221_11.jpg",active,Blue,8087336
5045627291313,5045627291221_1.jpg,"5045627291221_1.jpg,5045627291221_2.jpg,5045627291221_3.jpg,5045627291221_4.jpg,5045627291221_5.jpg,5045627291221_6.jpg,5045627291221_11.jpg",active,Blue,8087336
5045627291344,5045627291221_1.jpg,"5045627291221_1.jpg,5045627291221_2.jpg,5045627291221_3.jpg,5045627291221_4.jpg,5045627291221_5.jpg,5045627291221_6.jpg,5045627291221_11.jpg",active,Blue,8087336
5045627291375,5045627291221_1.jpg,"5045627291221_1.jpg,5045627291221_2.jpg,5045627291221_3.jpg,5045627291221_4.jpg,5045627291221_5.jpg,5045627291221_6.jpg,5045627291221_11.jpg",active,Blue,8087336
5045627291436,5045627291221_1.jpg,"5045627291221_1.jpg,5045627291221_2.jpg,5045627291221_3.jpg,5045627291221_4.jpg,5045627291221_5.jpg,5045627291221_6.jpg,5045627291221_11.jpg",active,Blue,8087336
5045625945003,5045625945003_1.jpg,"5045625945003_1.jpg,5045625945003_2.jpg,5045625945003_3.jpg,5045625945003_4.jpg,5045625945003_5.jpg,5045625945003_6.jpg,5045625945003_7.jpg,5045625945003_8.jpg,5045625945003_11.jpg",inactive,Miscellaneous,8089363
5045626134635,5045626134635_1.jpg,"5045626134635_1.jpg,5045626134635_2.jpg,5045626134635_3.jpg,5045626134635_4.jpg,5045626134635_5.jpg,5045626134635_11.jpg",active,Blue,8089248
5045626134666,5045626134635_1.jpg,"5045626134635_1.jpg,5045626134635_2.jpg,5045626134635_3.jpg,5045626134635_4.jpg,5045626134635_5.jpg,5045626134635_11.jpg",active,Blue,8089248
5045626134697,5045626134635_1.jpg,"5045626134635_1.jpg,5045626134635_2.jpg,5045626134635_3.jpg,5045626134635_4.jpg,5045626134635_5.jpg,5045626134635_11.jpg",active,Blue,8089248
5045626134727,5045626134635_1.jpg,"5045626134635_1.jpg,5045626134635_2.jpg,5045626134635_3.jpg,5045626134635_4.jpg,5045626134635_5.jpg,5045626134635_11.jpg",active,Blue,8089248
5045626134758,5045626134635_1.jpg,"5045626134635_1.jpg,5045626134635_2.jpg,5045626134635_3.jpg,5045626134635_4.jpg,5045626134635_5.jpg,5045626134635_11.jpg",active,Blue,8089248
5045626134789,5045626134635_1.jpg,"5045626134635_1.jpg,5045626134635_2.jpg,5045626134635_3.jpg,5045626134635_4.jpg,5045626134635_5.jpg,5045626134635_11.jpg",active,Blue,8089248
5045626134819,5045626134635_1.jpg,"5045626134635_1.jpg,5045626134635_2.jpg,5045626134635_3.jpg,5045626134635_4.jpg,5045626134635_5.jpg,5045626134635_11.jpg",active,Blue,8089248
5045624453059,5045624453059_1.jpg,"5045624453059_1.jpg,5045624453059_2.jpg,5045624453059_3.jpg,5045624453059_4.jpg,5045624453059_5.jpg,5045624453059_11.jpg",active,Black,8087538
5045624453080,5045624453059_1.jpg,"5045624453059_1.jpg,5045624453059_2.jpg,5045624453059_3.jpg,5045624453059_4.jpg,5045624453059_5.jpg,5045624453059_11.jpg",active,Black,8087538
5045624453110,5045624453059_1.jpg,"5045624453059_1.jpg,5045624453059_2.jpg,5045624453059_3.jpg,5045624453059_4.jpg,5045624453059_5.jpg,5045624453059_11.jpg",active,Black,8087538
5045624453141,5045624453059_1.jpg,"5045624453059_1.jpg,5045624453059_2.jpg,5045624453059_3.jpg,5045624453059_4.jpg,5045624453059_5.jpg,5045624453059_11.jpg",active,Black,8087538
5045624453172,5045624453059_1.jpg,"5045624453059_1.jpg,5045624453059_2.jpg,5045624453059_3.jpg,5045624453059_4.jpg,5045624453059_5.jpg,5045624453059_11.jpg",active,Black,8087538
5045624453202,5045624453059_1.jpg,"5045624453059_1.jpg,5045624453059_2.jpg,5045624453059_3.jpg,5045624453059_4.jpg,5045624453059_5.jpg,5045624453059_11.jpg",active,Black,8087538
5045624453233,5045624453059_1.jpg,"5045624453059_1.jpg,5045624453059_2.jpg,5045624453059_3.jpg,5045624453059_4.jpg,5045624453059_5.jpg,5045624453059_11.jpg",active,Black,8087538
5045621305856,5045621305856_1.jpg,"5045621305856_1.jpg,5045621305856_2.jpg,5045621305856_3.jpg,5045621305856_4.jpg,5045621305856_5.jpg,5045621305856_6.jpg,5045621305856_11.jpg",inactive,Beige,8087583
5045621305887,5045621305856_1.jpg,"5045621305856_1.jpg,5045621305856_2.jpg,5045621305856_3.jpg,5045621305856_4.jpg,5045621305856_5.jpg,5045621305856_6.jpg,5045621305856_11.jpg",inactive,Beige,8087583
5045621305917,5045621305856_1.jpg,"5045621305856_1.jpg,5045621305856_2.jpg,5045621305856_3.jpg,5045621305856_4.jpg,5045621305856_5.jpg,5045621305856_6.jpg,5045621305856_11.jpg",inactive,Beige,8087583
5045621305948,5045621305856_1.jpg,"5045621305856_1.jpg,5045621305856_2.jpg,5045621305856_3.jpg,5045621305856_4.jpg,5045621305856_5.jpg,5045621305856_6.jpg,5045621305856_11.jpg",inactive,Beige,8087583
5045621305979,5045621305856_1.jpg,"5045621305856_1.jpg,5045621305856_2.jpg,5045621305856_3.jpg,5045621305856_4.jpg,5045621305856_5.jpg,5045621305856_6.jpg,5045621305856_11.jpg",inactive,Beige,8087583
5045621306006,5045621305856_1.jpg,"5045621305856_1.jpg,5045621305856_2.jpg,5045621305856_3.jpg,5045621305856_4.jpg,5045621305856_5.jpg,5045621305856_6.jpg,5045621305856_11.jpg",inactive,Beige,8087583
5045621306037,5045621305856_1.jpg,"5045621305856_1.jpg,5045621305856_2.jpg,5045621305856_3.jpg,5045621305856_4.jpg,5045621305856_5.jpg,5045621305856_6.jpg,5045621305856_11.jpg",inactive,Beige,8087583
5045621306068,5045621305856_1.jpg,"5045621305856_1.jpg,5045621305856_2.jpg,5045621305856_3.jpg,5045621305856_4.jpg,5045621305856_5.jpg,5045621305856_6.jpg,5045621305856_11.jpg",inactive,Beige,8087583
5045621306099,5045621305856_1.jpg,"5045621305856_1.jpg,5045621305856_2.jpg,5045621305856_3.jpg,5045621305856_4.jpg,5045621305856_5.jpg,5045621305856_6.jpg,5045621305856_11.jpg",inactive,Beige,8087583
5045621306129,5045621305856_1.jpg,"5045621305856_1.jpg,5045621305856_2.jpg,5045621305856_3.jpg,5045621305856_4.jpg,5045621305856_5.jpg,5045621305856_6.jpg,5045621305856_11.jpg",inactive,Beige,8087583
5045621306150,5045621305856_1.jpg,"5045621305856_1.jpg,5045621305856_2.jpg,5045621305856_3.jpg,5045621305856_4.jpg,5045621305856_5.jpg,5045621305856_6.jpg,5045621305856_11.jpg",inactive,Beige,8087583
5045621306181,5045621305856_1.jpg,"5045621305856_1.jpg,5045621305856_2.jpg,5045621305856_3.jpg,5045621305856_4.jpg,5045621305856_5.jpg,5045621305856_6.jpg,5045621305856_11.jpg",inactive,Beige,8087583
5045621306211,5045621305856_1.jpg,"5045621305856_1.jpg,5045621305856_2.jpg,5045621305856_3.jpg,5045621305856_4.jpg,5045621305856_5.jpg,5045621305856_6.jpg,5045621305856_11.jpg",inactive,Beige,8087583
5045621306242,5045621305856_1.jpg,"5045621305856_1.jpg,5045621305856_2.jpg,5045621305856_3.jpg,5045621305856_4.jpg,5045621305856_5.jpg,5045621305856_6.jpg,5045621305856_11.jpg",inactive,Beige,8087583
5045621306273,5045621305856_1.jpg,"5045621305856_1.jpg,5045621305856_2.jpg,5045621305856_3.jpg,5045621305856_4.jpg,5045621305856_5.jpg,5045621305856_6.jpg,5045621305856_11.jpg",inactive,Beige,8087583
5045626331621,5045626331621_1.jpg,"5045626331621_1.jpg,5045626331621_2.jpg,5045626331621_3.jpg,5045626331621_4.jpg,5045626331621_5.jpg,5045626331621_6.jpg,5045626331621_7.jpg,5045626331621_11.jpg",active,Red,8087471
5045626331652,5045626331621_1.jpg,"5045626331621_1.jpg,5045626331621_2.jpg,5045626331621_3.jpg,5045626331621_4.jpg,5045626331621_5.jpg,5045626331621_6.jpg,5045626331621_7.jpg,5045626331621_11.jpg",active,Red,8087471
5045626331683,5045626331621_1.jpg,"5045626331621_1.jpg,5045626331621_2.jpg,5045626331621_3.jpg,5045626331621_4.jpg,5045626331621_5.jpg,5045626331621_6.jpg,5045626331621_7.jpg,5045626331621_11.jpg",active,Red,8087471
5045626331713,5045626331621_1.jpg,"5045626331621_1.jpg,5045626331621_2.jpg,5045626331621_3.jpg,5045626331621_4.jpg,5045626331621_5.jpg,5045626331621_6.jpg,5045626331621_7.jpg,5045626331621_11.jpg",active,Red,8087471
5045626331744,5045626331621_1.jpg,"5045626331621_1.jpg,5045626331621_2.jpg,5045626331621_3.jpg,5045626331621_4.jpg,5045626331621_5.jpg,5045626331621_6.jpg,5045626331621_7.jpg,5045626331621_11.jpg",active,Red,8087471
5045626331775,5045626331621_1.jpg,"5045626331621_1.jpg,5045626331621_2.jpg,5045626331621_3.jpg,5045626331621_4.jpg,5045626331621_5.jpg,5045626331621_6.jpg,5045626331621_7.jpg,5045626331621_11.jpg",active,Red,8087471
5045626331805,5045626331621_1.jpg,"5045626331621_1.jpg,5045626331621_2.jpg,5045626331621_3.jpg,5045626331621_4.jpg,5045626331621_5.jpg,5045626331621_6.jpg,5045626331621_7.jpg,5045626331621_11.jpg",active,Red,8087471
5045621349423,5045621349423_1.jpg,"5045621349423_1.jpg,5045621349423_2.jpg,5045621349423_3.jpg,5045621349423_11.jpg",active,Black,8089347
5045621349454,5045621349423_1.jpg,"5045621349423_1.jpg,5045621349423_2.jpg,5045621349423_3.jpg,5045621349423_11.jpg",active,Black,8089347
5045626728964,5045626728964_1.jpg,"5045626728964_1.jpg,5045626728964_2.jpg,5045626728964_3.jpg,5045626728964_4.jpg,5045626728964_5.jpg,5045626728964_11.jpg",active,White,8087435
5045626728995,5045626728964_1.jpg,"5045626728964_1.jpg,5045626728964_2.jpg,5045626728964_3.jpg,5045626728964_4.jpg,5045626728964_5.jpg,5045626728964_11.jpg",active,White,8087435
5045626729022,5045626728964_1.jpg,"5045626728964_1.jpg,5045626728964_2.jpg,5045626728964_3.jpg,5045626728964_4.jpg,5045626728964_5.jpg,5045626728964_11.jpg",active,White,8087435
5045626729053,5045626728964_1.jpg,"5045626728964_1.jpg,5045626728964_2.jpg,5045626728964_3.jpg,5045626728964_4.jpg,5045626728964_5.jpg,5045626728964_11.jpg",active,White,8087435
5045627574584,5045627574584_1.jpg,"5045627574584_1.jpg,5045627574584_2.jpg,5045627574584_3.jpg,5045627574584_4.jpg,5045627574584_5.jpg,5045627574584_11.jpg",active,Black,8089272
5045626196367,5045626196367_1.jpg,"5045626196367_1.jpg,5045626196367_2.jpg,5045626196367_3.jpg,5045626196367_4.jpg,5045626196367_5.jpg,5045626196367_6.jpg,5045626196367_11.jpg",active,Beige,8089264
5045625796605,5045625796605_1.jpg,"5045625796605_1.jpg,5045625796605_2.jpg,5045625796605_3.jpg,5045625796605_4.jpg,5045625796605_5.jpg,5045625796605_6.jpg,5045625796605_7.jpg,5045625796605_11.jpg",inactive,Red,8089337
5045621669064,5045621669064_1.jpg,"5045621669064_1.jpg,5045621669064_2.jpg,5045621669064_3.jpg,5045621669064_4.jpg,5045621669064_5.jpg,5045621669064_6.jpg,5045621669064_7.jpg,5045621669064_8.jpg,5045621669064_9.jpg,5045621669064_10.jpg,5045621669064_11.jpg",active,Green,8087328
5045621669156,5045621669064_1.jpg,"5045621669064_1.jpg,5045621669064_2.jpg,5045621669064_3.jpg,5045621669064_4.jpg,5045621669064_5.jpg,5045621669064_6.jpg,5045621669064_7.jpg,5045621669064_8.jpg,5045621669064_9.jpg,5045621669064_10.jpg,5045621669064_11.jpg",active,Green,8087328
5045621669248,5045621669064_1.jpg,"5045621669064_1.jpg,5045621669064_2.jpg,5045621669064_3.jpg,5045621669064_4.jpg,5045621669064_5.jpg,5045621669064_6.jpg,5045621669064_7.jpg,5045621669064_8.jpg,5045621669064_9.jpg,5045621669064_10.jpg,5045621669064_11.jpg",active,Green,8087328
5045621669330,5045621669064_1.jpg,"5045621669064_1.jpg,5045621669064_2.jpg,5045621669064_3.jpg,5045621669064_4.jpg,5045621669064_5.jpg,5045621669064_6.jpg,5045621669064_7.jpg,5045621669064_8.jpg,5045621669064_9.jpg,5045621669064_10.jpg,5045621669064_11.jpg",active,Green,8087328
5045621669422,5045621669064_1.jpg,"5045621669064_1.jpg,5045621669064_2.jpg,5045621669064_3.jpg,5045621669064_4.jpg,5045621669064_5.jpg,5045621669064_6.jpg,5045621669064_7.jpg,5045621669064_8.jpg,5045621669064_9.jpg,5045621669064_10.jpg,5045621669064_11.jpg",active,Green,8087328
5045621669514,5045621669064_1.jpg,"5045621669064_1.jpg,5045621669064_2.jpg,5045621669064_3.jpg,5045621669064_4.jpg,5045621669064_5.jpg,5045621669064_6.jpg,5045621669064_7.jpg,5045621669064_8.jpg,5045621669064_9.jpg,5045621669064_10.jpg,5045621669064_11.jpg",active,Green,8087328
5045621669606,5045621669064_1.jpg,"5045621669064_1.jpg,5045621669064_2.jpg,5045621669064_3.jpg,5045621669064_4.jpg,5045621669064_5.jpg,5045621669064_6.jpg,5045621669064_7.jpg,5045621669064_8.jpg,5045621669064_9.jpg,5045621669064_10.jpg,5045621669064_11.jpg",active,Green,8087328
5045621669699,5045621669064_1.jpg,"5045621669064_1.jpg,5045621669064_2.jpg,5045621669064_3.jpg,5045621669064_4.jpg,5045621669064_5.jpg,5045621669064_6.jpg,5045621669064_7.jpg,5045621669064_8.jpg,5045621669064_9.jpg,5045621669064_10.jpg,5045621669064_11.jpg",active,Green,8087328
5045621669781,5045621669064_1.jpg,"5045621669064_1.jpg,5045621669064_2.jpg,5045621669064_3.jpg,5045621669064_4.jpg,5045621669064_5.jpg,5045621669064_6.jpg,5045621669064_7.jpg,5045621669064_8.jpg,5045621669064_9.jpg,5045621669064_10.jpg,5045621669064_11.jpg",active,Green,8087328
5045625899771,5045625899771_1.jpg,"5045625899771_1.jpg,5045625899771_2.jpg,5045625899771_3.jpg,5045625899771_4.jpg,5045625899771_5.jpg,5045625899771_6.jpg,5045625899771_11.jpg",active,Beige,8087322
5045625899801,5045625899771_1.jpg,"5045625899771_1.jpg,5045625899771_2.jpg,5045625899771_3.jpg,5045625899771_4.jpg,5045625899771_5.jpg,5045625899771_6.jpg,5045625899771_11.jpg",active,Beige,8087322
5045625899832,5045625899771_1.jpg,"5045625899771_1.jpg,5045625899771_2.jpg,5045625899771_3.jpg,5045625899771_4.jpg,5045625899771_5.jpg,5045625899771_6.jpg,5045625899771_11.jpg",active,Beige,8087322
5045625899863,5045625899771_1.jpg,"5045625899771_1.jpg,5045625899771_2.jpg,5045625899771_3.jpg,5045625899771_4.jpg,5045625899771_5.jpg,5045625899771_6.jpg,5045625899771_11.jpg",active,Beige,8087322
5045625899894,5045625899771_1.jpg,"5045625899771_1.jpg,5045625899771_2.jpg,5045625899771_3.jpg,5045625899771_4.jpg,5045625899771_5.jpg,5045625899771_6.jpg,5045625899771_11.jpg",active,Beige,8087322
5045625899924,5045625899771_1.jpg,"5045625899771_1.jpg,5045625899771_2.jpg,5045625899771_3.jpg,5045625899771_4.jpg,5045625899771_5.jpg,5045625899771_6.jpg,5045625899771_11.jpg",active,Beige,8087322
5045625899955,5045625899771_1.jpg,"5045625899771_1.jpg,5045625899771_2.jpg,5045625899771_3.jpg,5045625899771_4.jpg,5045625899771_5.jpg,5045625899771_6.jpg,5045625899771_11.jpg",active,Beige,8087322
5045627414828,5045627414828_1.jpg,"5045627414828_1.jpg,5045627414828_2.jpg,5045627414828_3.jpg,5045627414828_4.jpg,5045627414828_5.jpg,5045627414828_11.jpg",active,Brown,8089327
5045625829440,5045625829440_1.jpg,"5045625829440_1.jpg,5045625829440_2.jpg,5045625829440_3.jpg,5045625829440_4.jpg,5045625829440_5.jpg,5045625829440_6.jpg,5045625829440_11.jpg",inactive,Blue,8089369
5045625829471,5045625829440_1.jpg,"5045625829440_1.jpg,5045625829440_2.jpg,5045625829440_3.jpg,5045625829440_4.jpg,5045625829440_5.jpg,5045625829440_6.jpg,5045625829440_11.jpg",inactive,Blue,8089369
5045625829501,5045625829440_1.jpg,"5045625829440_1.jpg,5045625829440_2.jpg,5045625829440_3.jpg,5045625829440_4.jpg,5045625829440_5.jpg,5045625829440_6.jpg,5045625829440_11.jpg",inactive,Blue,8089369
5045625829532,5045625829440_1.jpg,"5045625829440_1.jpg,5045625829440_2.jpg,5045625829440_3.jpg,5045625829440_4.jpg,5045625829440_5.jpg,5045625829440_6.jpg,5045625829440_11.jpg",inactive,Blue,8089369
5045625829563,5045625829440_1.jpg,"5045625829440_1.jpg,5045625829440_2.jpg,5045625829440_3.jpg,5045625829440_4.jpg,5045625829440_5.jpg,5045625829440_6.jpg,5045625829440_11.jpg",inactive,Blue,8089369
5045625829655,5045625829440_1.jpg,"5045625829440_1.jpg,5045625829440_2.jpg,5045625829440_3.jpg,5045625829440_4.jpg,5045625829440_5.jpg,5045625829440_6.jpg,5045625829440_11.jpg",inactive,Blue,8089369
5045625829686,5045625829440_1.jpg,"5045625829440_1.jpg,5045625829440_2.jpg,5045625829440_3.jpg,5045625829440_4.jpg,5045625829440_5.jpg,5045625829440_6.jpg,5045625829440_11.jpg",inactive,Blue,8089369
5045625829716,5045625829440_1.jpg,"5045625829440_1.jpg,5045625829440_2.jpg,5045625829440_3.jpg,5045625829440_4.jpg,5045625829440_5.jpg,5045625829440_6.jpg,5045625829440_11.jpg",inactive,Blue,8089369
5045625829747,5045625829440_1.jpg,"5045625829440_1.jpg,5045625829440_2.jpg,5045625829440_3.jpg,5045625829440_4.jpg,5045625829440_5.jpg,5045625829440_6.jpg,5045625829440_11.jpg",inactive,Blue,8089369
5045625829778,5045625829440_1.jpg,"5045625829440_1.jpg,5045625829440_2.jpg,5045625829440_3.jpg,5045625829440_4.jpg,5045625829440_5.jpg,5045625829440_6.jpg,5045625829440_11.jpg",inactive,Blue,8089369
5045626169101,5045626169101_1.jpg,"5045626169101_1.jpg,5045626169101_2.jpg,5045626169101_3.jpg,5045626169101_4.jpg,5045626169101_5.jpg,5045626169101_6.jpg,5045626169101_11.jpg",active,Black,8087479
5045626169132,5045626169101_1.jpg,"5045626169101_1.jpg,5045626169101_2.jpg,5045626169101_3.jpg,5045626169101_4.jpg,5045626169101_5.jpg,5045626169101_6.jpg,5045626169101_11.jpg",active,Black,8087479
5045626169163,5045626169101_1.jpg,"5045626169101_1.jpg,5045626169101_2.jpg,5045626169101_3.jpg,5045626169101_4.jpg,5045626169101_5.jpg,5045626169101_6.jpg,5045626169101_11.jpg",active,Black,8087479
5045626169194,5045626169101_1.jpg,"5045626169101_1.jpg,5045626169101_2.jpg,5045626169101_3.jpg,5045626169101_4.jpg,5045626169101_5.jpg,5045626169101_6.jpg,5045626169101_11.jpg",active,Black,8087479
5045626169224,5045626169101_1.jpg,"5045626169101_1.jpg,5045626169101_2.jpg,5045626169101_3.jpg,5045626169101_4.jpg,5045626169101_5.jpg,5045626169101_6.jpg,5045626169101_11.jpg",active,Black,8087479
5045626169255,5045626169101_1.jpg,"5045626169101_1.jpg,5045626169101_2.jpg,5045626169101_3.jpg,5045626169101_4.jpg,5045626169101_5.jpg,5045626169101_6.jpg,5045626169101_11.jpg",active,Black,8087479
5045626169286,5045626169101_1.jpg,"5045626169101_1.jpg,5045626169101_2.jpg,5045626169101_3.jpg,5045626169101_4.jpg,5045626169101_5.jpg,5045626169101_6.jpg,5045626169101_11.jpg",active,Black,8087479
5045626169316,5045626169101_1.jpg,"5045626169101_1.jpg,5045626169101_2.jpg,5045626169101_3.jpg,5045626169101_4.jpg,5045626169101_5.jpg,5045626169101_6.jpg,5045626169101_11.jpg",active,Black,8087479
5045626169347,5045626169101_1.jpg,"5045626169101_1.jpg,5045626169101_2.jpg,5045626169101_3.jpg,5045626169101_4.jpg,5045626169101_5.jpg,5045626169101_6.jpg,5045626169101_11.jpg",active,Black,8087479
5045625457834,5045625457834_1.jpg,"5045625457834_1.jpg,5045625457834_2.jpg,5045625457834_3.jpg,5045625457834_4.jpg,5045625457834_5.jpg,5045625457834_6.jpg,5045625457834_11.jpg",active,Beige,8089211
5045625457865,5045625457834_1.jpg,"5045625457834_1.jpg,5045625457834_2.jpg,5045625457834_3.jpg,5045625457834_4.jpg,5045625457834_5.jpg,5045625457834_6.jpg,5045625457834_11.jpg",active,Beige,8089211
5045625457896,5045625457834_1.jpg,"5045625457834_1.jpg,5045625457834_2.jpg,5045625457834_3.jpg,5045625457834_4.jpg,5045625457834_5.jpg,5045625457834_6.jpg,5045625457834_11.jpg",active,Beige,8089211
5045625457926,5045625457834_1.jpg,"5045625457834_1.jpg,5045625457834_2.jpg,5045625457834_3.jpg,5045625457834_4.jpg,5045625457834_5.jpg,5045625457834_6.jpg,5045625457834_11.jpg",active,Beige,8089211
5045625457957,5045625457834_1.jpg,"5045625457834_1.jpg,5045625457834_2.jpg,5045625457834_3.jpg,5045625457834_4.jpg,5045625457834_5.jpg,5045625457834_6.jpg,5045625457834_11.jpg",active,Beige,8089211
5045625457988,5045625457834_1.jpg,"5045625457834_1.jpg,5045625457834_2.jpg,5045625457834_3.jpg,5045625457834_4.jpg,5045625457834_5.jpg,5045625457834_6.jpg,5045625457834_11.jpg",active,Beige,8089211
5045625458015,5045625457834_1.jpg,"5045625457834_1.jpg,5045625457834_2.jpg,5045625457834_3.jpg,5045625457834_4.jpg,5045625457834_5.jpg,5045625457834_6.jpg,5045625457834_11.jpg",active,Beige,8089211
5045626160160,5045626160160_1.jpg,"5045626160160_1.jpg,5045626160160_2.jpg,5045626160160_3.jpg,5045626160160_4.jpg,5045626160160_5.jpg,5045626160160_11.jpg",active,White,8087540
5045626160191,5045626160160_1.jpg,"5045626160160_1.jpg,5045626160160_2.jpg,5045626160160_3.jpg,5045626160160_4.jpg,5045626160160_5.jpg,5045626160160_11.jpg",active,White,8087540
5045626160825,5045626160160_1.jpg,"5045626160160_1.jpg,5045626160160_2.jpg,5045626160160_3.jpg,5045626160160_4.jpg,5045626160160_5.jpg,5045626160160_11.jpg",active,White,8087540
5045626160856,5045626160160_1.jpg,"5045626160160_1.jpg,5045626160160_2.jpg,5045626160160_3.jpg,5045626160160_4.jpg,5045626160160_5.jpg,5045626160160_11.jpg",active,White,8087540
5045626160887,5045626160160_1.jpg,"5045626160160_1.jpg,5045626160160_2.jpg,5045626160160_3.jpg,5045626160160_4.jpg,5045626160160_5.jpg,5045626160160_11.jpg",active,White,8087540
5045626160917,5045626160160_1.jpg,"5045626160160_1.jpg,5045626160160_2.jpg,5045626160160_3.jpg,5045626160160_4.jpg,5045626160160_5.jpg,5045626160160_11.jpg",active,White,8087540
5045626160948,5045626160160_1.jpg,"5045626160160_1.jpg,5045626160160_2.jpg,5045626160160_3.jpg,5045626160160_4.jpg,5045626160160_5.jpg,5045626160160_11.jpg",active,White,8087540
5045626160979,5045626160160_1.jpg,"5045626160160_1.jpg,5045626160160_2.jpg,5045626160160_3.jpg,5045626160160_4.jpg,5045626160160_5.jpg,5045626160160_11.jpg",active,White,8087540
5045627586747,5045627586747_1.jpg,"5045627586747_1.jpg,5045627586747_2.jpg,5045627586747_3.jpg,5045627586747_4.jpg,5045627586747_5.jpg,5045627586747_6.jpg,5045627586747_11.jpg",active,Pink,8089378
5045625963458,5045625963458_1.jpg,"5045625963458_1.jpg,5045625963458_2.jpg,5045625963458_3.jpg,5045625963458_4.jpg,5045625963458_5.jpg,5045625963458_6.jpg,5045625963458_7.jpg,5045625963458_11.jpg",active,Brown,8089350
5045623270749,5045623270749_1.jpg,"5045623270749_1.jpg,5045623270749_2.jpg,5045623270749_3.jpg,5045623270749_4.jpg,5045623270749_5.jpg,5045623270749_6.jpg,5045623270749_7.jpg,5045623270749_8.jpg,5045623270749_11.jpg",active,Brown,8087351
5045623270770,5045623270749_1.jpg,"5045623270749_1.jpg,5045623270749_2.jpg,5045623270749_3.jpg,5045623270749_4.jpg,5045623270749_5.jpg,5045623270749_6.jpg,5045623270749_7.jpg,5045623270749_8.jpg,5045623270749_11.jpg",active,Brown,8087351
5045623294202,5045623270749_1.jpg,"5045623270749_1.jpg,5045623270749_2.jpg,5045623270749_3.jpg,5045623270749_4.jpg,5045623270749_5.jpg,5045623270749_6.jpg,5045623270749_7.jpg,5045623270749_8.jpg,5045623270749_11.jpg",active,Brown,8087351
5045623294233,5045623270749_1.jpg,"5045623270749_1.jpg,5045623270749_2.jpg,5045623270749_3.jpg,5045623270749_4.jpg,5045623270749_5.jpg,5045623270749_6.jpg,5045623270749_7.jpg,5045623270749_8.jpg,5045623270749_11.jpg",active,Brown,8087351
5045623294264,5045623270749_1.jpg,"5045623270749_1.jpg,5045623270749_2.jpg,5045623270749_3.jpg,5045623270749_4.jpg,5045623270749_5.jpg,5045623270749_6.jpg,5045623270749_7.jpg,5045623270749_8.jpg,5045623270749_11.jpg",active,Brown,8087351
5045623294295,5045623270749_1.jpg,"5045623270749_1.jpg,5045623270749_2.jpg,5045623270749_3.jpg,5045623270749_4.jpg,5045623270749_5.jpg,5045623270749_6.jpg,5045623270749_7.jpg,5045623270749_8.jpg,5045623270749_11.jpg",active,Brown,8087351
5045623294325,5045623270749_1.jpg,"5045623270749_1.jpg,5045623270749_2.jpg,5045623270749_3.jpg,5045623270749_4.jpg,5045623270749_5.jpg,5045623270749_6.jpg,5045623270749_7.jpg,5045623270749_8.jpg,5045623270749_11.jpg",active,Brown,8087351
5045623294356,5045623270749_1.jpg,"5045623270749_1.jpg,5045623270749_2.jpg,5045623270749_3.jpg,5045623270749_4.jpg,5045623270749_5.jpg,5045623270749_6.jpg,5045623270749_7.jpg,5045623270749_8.jpg,5045623270749_11.jpg",active,Brown,8087351
5045623294387,5045623270749_1.jpg,"5045623270749_1.jpg,5045623270749_2.jpg,5045623270749_3.jpg,5045623270749_4.jpg,5045623270749_5.jpg,5045623270749_6.jpg,5045623270749_7.jpg,5045623270749_8.jpg,5045623270749_11.jpg",active,Brown,8087351
5045623294417,5045623270749_1.jpg,"5045623270749_1.jpg,5045623270749_2.jpg,5045623270749_3.jpg,5045623270749_4.jpg,5045623270749_5.jpg,5045623270749_6.jpg,5045623270749_7.jpg,5045623270749_8.jpg,5045623270749_11.jpg",active,Brown,8087351
5045626092096,5045626092096_1.jpg,"5045626092096_1.jpg,5045626092096_2.jpg,5045626092096_3.jpg,5045626092096_4.jpg,5045626092096_5.jpg,5045626092096_6.jpg,5045626092096_7.jpg,5045626092096_11.jpg",active,Beige,8087354
5045626092126,5045626092096_1.jpg,"5045626092096_1.jpg,5045626092096_2.jpg,5045626092096_3.jpg,5045626092096_4.jpg,5045626092096_5.jpg,5045626092096_6.jpg,5045626092096_7.jpg,5045626092096_11.jpg",active,Beige,8087354
5045626092157,5045626092096_1.jpg,"5045626092096_1.jpg,5045626092096_2.jpg,5045626092096_3.jpg,5045626092096_4.jpg,5045626092096_5.jpg,5045626092096_6.jpg,5045626092096_7.jpg,5045626092096_11.jpg",active,Beige,8087354
5045626092188,5045626092096_1.jpg,"5045626092096_1.jpg,5045626092096_2.jpg,5045626092096_3.jpg,5045626092096_4.jpg,5045626092096_5.jpg,5045626092096_6.jpg,5045626092096_7.jpg,5045626092096_11.jpg",active,Beige,8087354
5045626092218,5045626092096_1.jpg,"5045626092096_1.jpg,5045626092096_2.jpg,5045626092096_3.jpg,5045626092096_4.jpg,5045626092096_5.jpg,5045626092096_6.jpg,5045626092096_7.jpg,5045626092096_11.jpg",active,Beige,8087354
5045626092249,5045626092096_1.jpg,"5045626092096_1.jpg,5045626092096_2.jpg,5045626092096_3.jpg,5045626092096_4.jpg,5045626092096_5.jpg,5045626092096_6.jpg,5045626092096_7.jpg,5045626092096_11.jpg",active,Beige,8087354
5045626092270,5045626092096_1.jpg,"5045626092096_1.jpg,5045626092096_2.jpg,5045626092096_3.jpg,5045626092096_4.jpg,5045626092096_5.jpg,5045626092096_6.jpg,5045626092096_7.jpg,5045626092096_11.jpg",active,Beige,8087354
5045626092300,5045626092096_1.jpg,"5045626092096_1.jpg,5045626092096_2.jpg,5045626092096_3.jpg,5045626092096_4.jpg,5045626092096_5.jpg,5045626092096_6.jpg,5045626092096_7.jpg,5045626092096_11.jpg",active,Beige,8087354
5045626092331,5045626092096_1.jpg,"5045626092096_1.jpg,5045626092096_2.jpg,5045626092096_3.jpg,5045626092096_4.jpg,5045626092096_5.jpg,5045626092096_6.jpg,5045626092096_7.jpg,5045626092096_11.jpg",active,Beige,8087354
5045626092362,5045626092096_1.jpg,"5045626092096_1.jpg,5045626092096_2.jpg,5045626092096_3.jpg,5045626092096_4.jpg,5045626092096_5.jpg,5045626092096_6.jpg,5045626092096_7.jpg,5045626092096_11.jpg",active,Beige,8087354
5045559112496,5045559112496_1.jpg,"5045559112496_1.jpg,5045559112496_2.jpg,5045559112496_3.jpg,5045559112496_4.jpg,5045559112496_5.jpg,5045559112496_6.jpg,5045559112496_7.jpg,5045559112496_11.jpg",active,Black,8089365
5045559112526,5045559112496_1.jpg,"5045559112496_1.jpg,5045559112496_2.jpg,5045559112496_3.jpg,5045559112496_4.jpg,5045559112496_5.jpg,5045559112496_6.jpg,5045559112496_7.jpg,5045559112496_11.jpg",active,Black,8089365
5045559112557,5045559112496_1.jpg,"5045559112496_1.jpg,5045559112496_2.jpg,5045559112496_3.jpg,5045559112496_4.jpg,5045559112496_5.jpg,5045559112496_6.jpg,5045559112496_7.jpg,5045559112496_11.jpg",active,Black,8089365
5045559112588,5045559112496_1.jpg,"5045559112496_1.jpg,5045559112496_2.jpg,5045559112496_3.jpg,5045559112496_4.jpg,5045559112496_5.jpg,5045559112496_6.jpg,5045559112496_7.jpg,5045559112496_11.jpg",active,Black,8089365
5045559112618,5045559112496_1.jpg,"5045559112496_1.jpg,5045559112496_2.jpg,5045559112496_3.jpg,5045559112496_4.jpg,5045559112496_5.jpg,5045559112496_6.jpg,5045559112496_7.jpg,5045559112496_11.jpg",active,Black,8089365
5045559112649,5045559112496_1.jpg,"5045559112496_1.jpg,5045559112496_2.jpg,5045559112496_3.jpg,5045559112496_4.jpg,5045559112496_5.jpg,5045559112496_6.jpg,5045559112496_7.jpg,5045559112496_11.jpg",active,Black,8089365
5045559112670,5045559112496_1.jpg,"5045559112496_1.jpg,5045559112496_2.jpg,5045559112496_3.jpg,5045559112496_4.jpg,5045559112496_5.jpg,5045559112496_6.jpg,5045559112496_7.jpg,5045559112496_11.jpg",active,Black,8089365
5045623153233,5045559112496_1.jpg,"5045559112496_1.jpg,5045559112496_2.jpg,5045559112496_3.jpg,5045559112496_4.jpg,5045559112496_5.jpg,5045559112496_6.jpg,5045559112496_7.jpg,5045559112496_11.jpg",active,Black,8089365
5045627651599,5045627651599_1.jpg,5045627651599_1.jpg,active,Blue,8087292
5045627651629,5045627651599_1.jpg,5045627651599_1.jpg,active,Blue,8087292
5045627651650,5045627651599_1.jpg,5045627651599_1.jpg,active,Blue,8087292
5045627651681,5045627651599_1.jpg,5045627651599_1.jpg,active,Blue,8087292
5045627651711,5045627651599_1.jpg,5045627651599_1.jpg,active,Blue,8087292
5045627651742,5045627651599_1.jpg,5045627651599_1.jpg,active,Blue,8087292
5045627651773,5045627651599_1.jpg,5045627651599_1.jpg,active,Blue,8087292
5045627651803,5045627651599_1.jpg,5045627651599_1.jpg,active,Blue,8087292
5045622966650,5045622966650_1.jpg,"5045622966650_1.jpg,5045622966650_2.jpg,5045622966650_3.jpg,5045622966650_4.jpg,5045622966650_5.jpg,5045622966650_6.jpg,5045622966650_7.jpg,5045622966650_8.jpg,5045622966650_11.jpg",active,White,8087341
5045622966681,5045622966650_1.jpg,"5045622966650_1.jpg,5045622966650_2.jpg,5045622966650_3.jpg,5045622966650_4.jpg,5045622966650_5.jpg,5045622966650_6.jpg,5045622966650_7.jpg,5045622966650_8.jpg,5045622966650_11.jpg",active,White,8087341
5045622966711,5045622966650_1.jpg,"5045622966650_1.jpg,5045622966650_2.jpg,5045622966650_3.jpg,5045622966650_4.jpg,5045622966650_5.jpg,5045622966650_6.jpg,5045622966650_7.jpg,5045622966650_8.jpg,5045622966650_11.jpg",active,White,8087341
5045622966742,5045622966650_1.jpg,"5045622966650_1.jpg,5045622966650_2.jpg,5045622966650_3.jpg,5045622966650_4.jpg,5045622966650_5.jpg,5045622966650_6.jpg,5045622966650_7.jpg,5045622966650_8.jpg,5045622966650_11.jpg",active,White,8087341
5045622966773,5045622966650_1.jpg,"5045622966650_1.jpg,5045622966650_2.jpg,5045622966650_3.jpg,5045622966650_4.jpg,5045622966650_5.jpg,5045622966650_6.jpg,5045622966650_7.jpg,5045622966650_8.jpg,5045622966650_11.jpg",active,White,8087341
5045622966803,5045622966650_1.jpg,"5045622966650_1.jpg,5045622966650_2.jpg,5045622966650_3.jpg,5045622966650_4.jpg,5045622966650_5.jpg,5045622966650_6.jpg,5045622966650_7.jpg,5045622966650_8.jpg,5045622966650_11.jpg",active,White,8087341
5045622966834,5045622966650_1.jpg,"5045622966650_1.jpg,5045622966650_2.jpg,5045622966650_3.jpg,5045622966650_4.jpg,5045622966650_5.jpg,5045622966650_6.jpg,5045622966650_7.jpg,5045622966650_8.jpg,5045622966650_11.jpg",active,White,8087341
5045622966865,5045622966650_1.jpg,"5045622966650_1.jpg,5045622966650_2.jpg,5045622966650_3.jpg,5045622966650_4.jpg,5045622966650_5.jpg,5045622966650_6.jpg,5045622966650_7.jpg,5045622966650_8.jpg,5045622966650_11.jpg",active,White,8087341
5045622966896,5045622966650_1.jpg,"5045622966650_1.jpg,5045622966650_2.jpg,5045622966650_3.jpg,5045622966650_4.jpg,5045622966650_5.jpg,5045622966650_6.jpg,5045622966650_7.jpg,5045622966650_8.jpg,5045622966650_11.jpg",active,White,8087341
5045626206349,5045626206349_1.jpg,"5045626206349_1.jpg,5045626206349_2.jpg,5045626206349_3.jpg,5045626206349_4.jpg,5045626206349_5.jpg,5045626206349_6.jpg,5045626206349_7.jpg,5045626206349_8.jpg,5045626206349_11.jpg",active,Grey,8089372
5045626003801,5045626003801_1.jpg,"5045626003801_1.jpg,5045626003801_2.jpg,5045626003801_3.jpg,5045626003801_4.jpg,5045626003801_5.jpg,5045626003801_11.jpg",active,Brown,8087349
5045626003832,5045626003801_1.jpg,"5045626003801_1.jpg,5045626003801_2.jpg,5045626003801_3.jpg,5045626003801_4.jpg,5045626003801_5.jpg,5045626003801_11.jpg",active,Brown,8087349
5045626003863,5045626003801_1.jpg,"5045626003801_1.jpg,5045626003801_2.jpg,5045626003801_3.jpg,5045626003801_4.jpg,5045626003801_5.jpg,5045626003801_11.jpg",active,Brown,8087349
5045626003894,5045626003801_1.jpg,"5045626003801_1.jpg,5045626003801_2.jpg,5045626003801_3.jpg,5045626003801_4.jpg,5045626003801_5.jpg,5045626003801_11.jpg",active,Brown,8087349
5045626003924,5045626003801_1.jpg,"5045626003801_1.jpg,5045626003801_2.jpg,5045626003801_3.jpg,5045626003801_4.jpg,5045626003801_5.jpg,5045626003801_11.jpg",active,Brown,8087349
5045626003955,5045626003801_1.jpg,"5045626003801_1.jpg,5045626003801_2.jpg,5045626003801_3.jpg,5045626003801_4.jpg,5045626003801_5.jpg,5045626003801_11.jpg",active,Brown,8087349
5045626003986,5045626003801_1.jpg,"5045626003801_1.jpg,5045626003801_2.jpg,5045626003801_3.jpg,5045626003801_4.jpg,5045626003801_5.jpg,5045626003801_11.jpg",active,Brown,8087349
5045626289847,5045626289847_1.jpg,"5045626289847_1.jpg,5045626289847_2.jpg,5045626289847_3.jpg,5045626289847_4.jpg,5045626289847_5.jpg,5045626289847_6.jpg",active,Beige,8089379
5045626289878,5045626289847_1.jpg,"5045626289847_1.jpg,5045626289847_2.jpg,5045626289847_3.jpg,5045626289847_4.jpg,5045626289847_5.jpg,5045626289847_6.jpg",active,Beige,8089379
5045626289908,5045626289847_1.jpg,"5045626289847_1.jpg,5045626289847_2.jpg,5045626289847_3.jpg,5045626289847_4.jpg,5045626289847_5.jpg,5045626289847_6.jpg",active,Beige,8089379
5045626289939,5045626289847_1.jpg,"5045626289847_1.jpg,5045626289847_2.jpg,5045626289847_3.jpg,5045626289847_4.jpg,5045626289847_5.jpg,5045626289847_6.jpg",active,Beige,8089379
5045626289960,5045626289847_1.jpg,"5045626289847_1.jpg,5045626289847_2.jpg,5045626289847_3.jpg,5045626289847_4.jpg,5045626289847_5.jpg,5045626289847_6.jpg",active,Beige,8089379
5045626290058,5045626289847_1.jpg,"5045626289847_1.jpg,5045626289847_2.jpg,5045626289847_3.jpg,5045626289847_4.jpg,5045626289847_5.jpg,5045626289847_6.jpg",active,Beige,8089379
5045626290089,5045626289847_1.jpg,"5045626289847_1.jpg,5045626289847_2.jpg,5045626289847_3.jpg,5045626289847_4.jpg,5045626289847_5.jpg,5045626289847_6.jpg",active,Beige,8089379
5045626290119,5045626289847_1.jpg,"5045626289847_1.jpg,5045626289847_2.jpg,5045626289847_3.jpg,5045626289847_4.jpg,5045626289847_5.jpg,5045626289847_6.jpg",active,Beige,8089379
5045626290140,5045626289847_1.jpg,"5045626289847_1.jpg,5045626289847_2.jpg,5045626289847_3.jpg,5045626289847_4.jpg,5045626289847_5.jpg,5045626289847_6.jpg",active,Beige,8089379
5045626290171,5045626289847_1.jpg,"5045626289847_1.jpg,5045626289847_2.jpg,5045626289847_3.jpg,5045626289847_4.jpg,5045626289847_5.jpg,5045626289847_6.jpg",active,Beige,8089379
5045627105559,5045627105559_1.jpg,"5045627105559_1.jpg,5045627105559_2.jpg,5045627105559_3.jpg,5045627105559_4.jpg,5045627105559_5.jpg,5045627105559_11.jpg",active,Red,8087345
5045627105580,5045627105559_1.jpg,"5045627105559_1.jpg,5045627105559_2.jpg,5045627105559_3.jpg,5045627105559_4.jpg,5045627105559_5.jpg,5045627105559_11.jpg",active,Red,8087345
5045627105610,5045627105559_1.jpg,"5045627105559_1.jpg,5045627105559_2.jpg,5045627105559_3.jpg,5045627105559_4.jpg,5045627105559_5.jpg,5045627105559_11.jpg",active,Red,8087345
5045627105641,5045627105559_1.jpg,"5045627105559_1.jpg,5045627105559_2.jpg,5045627105559_3.jpg,5045627105559_4.jpg,5045627105559_5.jpg,5045627105559_11.jpg",active,Red,8087345
5045627105672,5045627105559_1.jpg,"5045627105559_1.jpg,5045627105559_2.jpg,5045627105559_3.jpg,5045627105559_4.jpg,5045627105559_5.jpg,5045627105559_11.jpg",active,Red,8087345
5045627105702,5045627105559_1.jpg,"5045627105559_1.jpg,5045627105559_2.jpg,5045627105559_3.jpg,5045627105559_4.jpg,5045627105559_5.jpg,5045627105559_11.jpg",active,Red,8087345
5045627105733,5045627105559_1.jpg,"5045627105559_1.jpg,5045627105559_2.jpg,5045627105559_3.jpg,5045627105559_4.jpg,5045627105559_5.jpg,5045627105559_11.jpg",active,Red,8087345
5045627105764,5045627105559_1.jpg,"5045627105559_1.jpg,5045627105559_2.jpg,5045627105559_3.jpg,5045627105559_4.jpg,5045627105559_5.jpg,5045627105559_11.jpg",active,Red,8087345
5045625762983,5045625762983_1.jpg,"5045625762983_1.jpg,5045625762983_2.jpg,5045625762983_3.jpg,5045625762983_4.jpg,5045625762983_5.jpg,5045625762983_6.jpg,5045625762983_7.jpg,5045625762983_8.jpg,5045625762983_9.jpg,5045625762983_10.jpg,5045625762983_11.jpg",inactive,Green,8089300
5045623206045,5045623206045_1.jpg,"5045623206045_1.jpg,5045623206045_2.jpg,5045623206045_3.jpg,5045623206045_4.jpg,5045623206045_5.jpg,5045623206045_6.jpg,5045623206045_7.jpg,5045623206045_11.jpg",active,Black,8087619
5045623206076,5045623206045_1.jpg,"5045623206045_1.jpg,5045623206045_2.jpg,5045623206045_3.jpg,5045623206045_4.jpg,5045623206045_5.jpg,5045623206045_6.jpg,5045623206045_7.jpg,5045623206045_11.jpg",active,Black,8087619
5045623206106,5045623206045_1.jpg,"5045623206045_1.jpg,5045623206045_2.jpg,5045623206045_3.jpg,5045623206045_4.jpg,5045623206045_5.jpg,5045623206045_6.jpg,5045623206045_7.jpg,5045623206045_11.jpg",active,Black,8087619
5045623206137,5045623206045_1.jpg,"5045623206045_1.jpg,5045623206045_2.jpg,5045623206045_3.jpg,5045623206045_4.jpg,5045623206045_5.jpg,5045623206045_6.jpg,5045623206045_7.jpg,5045623206045_11.jpg",active,Black,8087619
5045623206168,5045623206045_1.jpg,"5045623206045_1.jpg,5045623206045_2.jpg,5045623206045_3.jpg,5045623206045_4.jpg,5045623206045_5.jpg,5045623206045_6.jpg,5045623206045_7.jpg,5045623206045_11.jpg",active,Black,8087619
5045623206199,5045623206045_1.jpg,"5045623206045_1.jpg,5045623206045_2.jpg,5045623206045_3.jpg,5045623206045_4.jpg,5045623206045_5.jpg,5045623206045_6.jpg,5045623206045_7.jpg,5045623206045_11.jpg",active,Black,8087619
5045623206229,5045623206045_1.jpg,"5045623206045_1.jpg,5045623206045_2.jpg,5045623206045_3.jpg,5045623206045_4.jpg,5045623206045_5.jpg,5045623206045_6.jpg,5045623206045_7.jpg,5045623206045_11.jpg",active,Black,8087619
5045623206250,5045623206045_1.jpg,"5045623206045_1.jpg,5045623206045_2.jpg,5045623206045_3.jpg,5045623206045_4.jpg,5045623206045_5.jpg,5045623206045_6.jpg,5045623206045_7.jpg,5045623206045_11.jpg",active,Black,8087619
5045623206281,5045623206045_1.jpg,"5045623206045_1.jpg,5045623206045_2.jpg,5045623206045_3.jpg,5045623206045_4.jpg,5045623206045_5.jpg,5045623206045_6.jpg,5045623206045_7.jpg,5045623206045_11.jpg",active,Black,8087619
5045623206311,5045623206045_1.jpg,"5045623206045_1.jpg,5045623206045_2.jpg,5045623206045_3.jpg,5045623206045_4.jpg,5045623206045_5.jpg,5045623206045_6.jpg,5045623206045_7.jpg,5045623206045_11.jpg",active,Black,8087619
5045623206342,5045623206045_1.jpg,"5045623206045_1.jpg,5045623206045_2.jpg,5045623206045_3.jpg,5045623206045_4.jpg,5045623206045_5.jpg,5045623206045_6.jpg,5045623206045_7.jpg,5045623206045_11.jpg",active,Black,8087619
5045623206373,5045623206045_1.jpg,"5045623206045_1.jpg,5045623206045_2.jpg,5045623206045_3.jpg,5045623206045_4.jpg,5045623206045_5.jpg,5045623206045_6.jpg,5045623206045_7.jpg,5045623206045_11.jpg",active,Black,8087619
5045623206403,5045623206045_1.jpg,"5045623206045_1.jpg,5045623206045_2.jpg,5045623206045_3.jpg,5045623206045_4.jpg,5045623206045_5.jpg,5045623206045_6.jpg,5045623206045_7.jpg,5045623206045_11.jpg",active,Black,8087619
5045623206434,5045623206045_1.jpg,"5045623206045_1.jpg,5045623206045_2.jpg,5045623206045_3.jpg,5045623206045_4.jpg,5045623206045_5.jpg,5045623206045_6.jpg,5045623206045_7.jpg,5045623206045_11.jpg",active,Black,8087619
5045623206465,5045623206045_1.jpg,"5045623206045_1.jpg,5045623206045_2.jpg,5045623206045_3.jpg,5045623206045_4.jpg,5045623206045_5.jpg,5045623206045_6.jpg,5045623206045_7.jpg,5045623206045_11.jpg",active,Black,8087619
5045623206496,5045623206045_1.jpg,"5045623206045_1.jpg,5045623206045_2.jpg,5045623206045_3.jpg,5045623206045_4.jpg,5045623206045_5.jpg,5045623206045_6.jpg,5045623206045_7.jpg,5045623206045_11.jpg",active,Black,8087619
5045623206526,5045623206045_1.jpg,"5045623206045_1.jpg,5045623206045_2.jpg,5045623206045_3.jpg,5045623206045_4.jpg,5045623206045_5.jpg,5045623206045_6.jpg,5045623206045_7.jpg,5045623206045_11.jpg",active,Black,8087619
5045623206557,5045623206045_1.jpg,"5045623206045_1.jpg,5045623206045_2.jpg,5045623206045_3.jpg,5045623206045_4.jpg,5045623206045_5.jpg,5045623206045_6.jpg,5045623206045_7.jpg,5045623206045_11.jpg",active,Black,8087619
5045623206588,5045623206045_1.jpg,"5045623206045_1.jpg,5045623206045_2.jpg,5045623206045_3.jpg,5045623206045_4.jpg,5045623206045_5.jpg,5045623206045_6.jpg,5045623206045_7.jpg,5045623206045_11.jpg",active,Black,8087619
5045623206618,5045623206045_1.jpg,"5045623206045_1.jpg,5045623206045_2.jpg,5045623206045_3.jpg,5045623206045_4.jpg,5045623206045_5.jpg,5045623206045_6.jpg,5045623206045_7.jpg,5045623206045_11.jpg",active,Black,8087619
5045623908901,5045623206045_1.jpg,"5045623206045_1.jpg,5045623206045_2.jpg,5045623206045_3.jpg,5045623206045_4.jpg,5045623206045_5.jpg,5045623206045_6.jpg,5045623206045_7.jpg,5045623206045_11.jpg",active,Black,8087619
5045626205410,5045626205410_1.jpg,"5045626205410_1.jpg,5045626205410_2.jpg,5045626205410_3.jpg,5045626205410_4.jpg,5045626205410_5.jpg,5045626205410_6.jpg,5045626205410_7.jpg,5045626205410_8.jpg,5045626205410_11.jpg",active,Brown,8089407
5045626100463,5045626100463_1.jpg,"5045626100463_1.jpg,5045626100463_2.jpg,5045626100463_3.jpg,5045626100463_4.jpg,5045626100463_11.jpg",active,Blue,8087443
5045626100494,5045626100463_1.jpg,"5045626100463_1.jpg,5045626100463_2.jpg,5045626100463_3.jpg,5045626100463_4.jpg,5045626100463_11.jpg",active,Blue,8087443
5045626100524,5045626100463_1.jpg,"5045626100463_1.jpg,5045626100463_2.jpg,5045626100463_3.jpg,5045626100463_4.jpg,5045626100463_11.jpg",active,Blue,8087443
5045626100555,5045626100463_1.jpg,"5045626100463_1.jpg,5045626100463_2.jpg,5045626100463_3.jpg,5045626100463_4.jpg,5045626100463_11.jpg",active,Blue,8087443
5045626100586,5045626100463_1.jpg,"5045626100463_1.jpg,5045626100463_2.jpg,5045626100463_3.jpg,5045626100463_4.jpg,5045626100463_11.jpg",active,Blue,8087443
5045626100616,5045626100463_1.jpg,"5045626100463_1.jpg,5045626100463_2.jpg,5045626100463_3.jpg,5045626100463_4.jpg,5045626100463_11.jpg",active,Blue,8087443
5045626100647,5045626100463_1.jpg,"5045626100463_1.jpg,5045626100463_2.jpg,5045626100463_3.jpg,5045626100463_4.jpg,5045626100463_11.jpg",active,Blue,8087443
5045627651865,5045627651865_1.jpg,"5045627651865_1.jpg,5045627651865_2.jpg,5045627651865_3.jpg,5045627651865_4.jpg,5045627651865_5.jpg,5045627651865_11.jpg",active,Brown,8087361
5045627651896,5045627651865_1.jpg,"5045627651865_1.jpg,5045627651865_2.jpg,5045627651865_3.jpg,5045627651865_4.jpg,5045627651865_5.jpg,5045627651865_11.jpg",active,Brown,8087361
5045627651926,5045627651865_1.jpg,"5045627651865_1.jpg,5045627651865_2.jpg,5045627651865_3.jpg,5045627651865_4.jpg,5045627651865_5.jpg,5045627651865_11.jpg",active,Brown,8087361
5045627651957,5045627651865_1.jpg,"5045627651865_1.jpg,5045627651865_2.jpg,5045627651865_3.jpg,5045627651865_4.jpg,5045627651865_5.jpg,5045627651865_11.jpg",active,Brown,8087361
5045627651988,5045627651865_1.jpg,"5045627651865_1.jpg,5045627651865_2.jpg,5045627651865_3.jpg,5045627651865_4.jpg,5045627651865_5.jpg,5045627651865_11.jpg",active,Brown,8087361
5045627652015,5045627651865_1.jpg,"5045627651865_1.jpg,5045627651865_2.jpg,5045627651865_3.jpg,5045627651865_4.jpg,5045627651865_5.jpg,5045627651865_11.jpg",active,Brown,8087361
5045627652046,5045627651865_1.jpg,"5045627651865_1.jpg,5045627651865_2.jpg,5045627651865_3.jpg,5045627651865_4.jpg,5045627651865_5.jpg,5045627651865_11.jpg",active,Brown,8087361
5045627652077,5045627651865_1.jpg,"5045627651865_1.jpg,5045627651865_2.jpg,5045627651865_3.jpg,5045627651865_4.jpg,5045627651865_5.jpg,5045627651865_11.jpg",active,Brown,8087361
5045626168449,5045626168449_1.jpg,"5045626168449_1.jpg,5045626168449_2.jpg,5045626168449_3.jpg,5045626168449_4.jpg,5045626168449_5.jpg,5045626168449_6.jpg,5045626168449_11.jpg",active,Blue,8087298
5045626168470,5045626168449_1.jpg,"5045626168449_1.jpg,5045626168449_2.jpg,5045626168449_3.jpg,5045626168449_4.jpg,5045626168449_5.jpg,5045626168449_6.jpg,5045626168449_11.jpg",active,Blue,8087298
5045626168500,5045626168449_1.jpg,"5045626168449_1.jpg,5045626168449_2.jpg,5045626168449_3.jpg,5045626168449_4.jpg,5045626168449_5.jpg,5045626168449_6.jpg,5045626168449_11.jpg",active,Blue,8087298
5045626168531,5045626168449_1.jpg,"5045626168449_1.jpg,5045626168449_2.jpg,5045626168449_3.jpg,5045626168449_4.jpg,5045626168449_5.jpg,5045626168449_6.jpg,5045626168449_11.jpg",active,Blue,8087298
5045626168562,5045626168449_1.jpg,"5045626168449_1.jpg,5045626168449_2.jpg,5045626168449_3.jpg,5045626168449_4.jpg,5045626168449_5.jpg,5045626168449_6.jpg,5045626168449_11.jpg",active,Blue,8087298
5045626168593,5045626168449_1.jpg,"5045626168449_1.jpg,5045626168449_2.jpg,5045626168449_3.jpg,5045626168449_4.jpg,5045626168449_5.jpg,5045626168449_6.jpg,5045626168449_11.jpg",active,Blue,8087298
5045626168623,5045626168449_1.jpg,"5045626168449_1.jpg,5045626168449_2.jpg,5045626168449_3.jpg,5045626168449_4.jpg,5045626168449_5.jpg,5045626168449_6.jpg,5045626168449_11.jpg",active,Blue,8087298
5045626168654,5045626168449_1.jpg,"5045626168449_1.jpg,5045626168449_2.jpg,5045626168449_3.jpg,5045626168449_4.jpg,5045626168449_5.jpg,5045626168449_6.jpg,5045626168449_11.jpg",active,Blue,8087298
5045626035307,5045626035307_1.jpg,"5045626035307_1.jpg,5045626035307_2.jpg,5045626035307_3.jpg,5045626035307_4.jpg,5045626035307_5.jpg,5045626035307_11.jpg",active,Blue,8089280
5045626340036,5045626340036_1.jpg,"5045626340036_1.jpg,5045626340036_2.jpg,5045626340036_3.jpg,5045626340036_4.jpg,5045626340036_5.jpg,5045626340036_6.jpg,5045626340036_11.jpg",active,Black,8087628
5045626340067,5045626340036_1.jpg,"5045626340036_1.jpg,5045626340036_2.jpg,5045626340036_3.jpg,5045626340036_4.jpg,5045626340036_5.jpg,5045626340036_6.jpg,5045626340036_11.jpg",active,Black,8087628
5045626340098,5045626340036_1.jpg,"5045626340036_1.jpg,5045626340036_2.jpg,5045626340036_3.jpg,5045626340036_4.jpg,5045626340036_5.jpg,5045626340036_6.jpg,5045626340036_11.jpg",active,Black,8087628
5045626340128,5045626340036_1.jpg,"5045626340036_1.jpg,5045626340036_2.jpg,5045626340036_3.jpg,5045626340036_4.jpg,5045626340036_5.jpg,5045626340036_6.jpg,5045626340036_11.jpg",active,Black,8087628
5045626340159,5045626340036_1.jpg,"5045626340036_1.jpg,5045626340036_2.jpg,5045626340036_3.jpg,5045626340036_4.jpg,5045626340036_5.jpg,5045626340036_6.jpg,5045626340036_11.jpg",active,Black,8087628
5045626340210,5045626340036_1.jpg,"5045626340036_1.jpg,5045626340036_2.jpg,5045626340036_3.jpg,5045626340036_4.jpg,5045626340036_5.jpg,5045626340036_6.jpg,5045626340036_11.jpg",active,Black,8087628
5045625694888,5045625694888_1.jpg,"5045625694888_1.jpg,5045625694888_2.jpg,5045625694888_3.jpg,5045625694888_4.jpg,5045625694888_5.jpg,5045625694888_6.jpg,5045625694888_7.jpg,5045625694888_11.jpg",active,Black,8087404
5045625694918,5045625694888_1.jpg,"5045625694888_1.jpg,5045625694888_2.jpg,5045625694888_3.jpg,5045625694888_4.jpg,5045625694888_5.jpg,5045625694888_6.jpg,5045625694888_7.jpg,5045625694888_11.jpg",active,Black,8087404
5045625694949,5045625694888_1.jpg,"5045625694888_1.jpg,5045625694888_2.jpg,5045625694888_3.jpg,5045625694888_4.jpg,5045625694888_5.jpg,5045625694888_6.jpg,5045625694888_7.jpg,5045625694888_11.jpg",active,Black,8087404
5045625694970,5045625694888_1.jpg,"5045625694888_1.jpg,5045625694888_2.jpg,5045625694888_3.jpg,5045625694888_4.jpg,5045625694888_5.jpg,5045625694888_6.jpg,5045625694888_7.jpg,5045625694888_11.jpg",active,Black,8087404
5045625695007,5045625694888_1.jpg,"5045625694888_1.jpg,5045625694888_2.jpg,5045625694888_3.jpg,5045625694888_4.jpg,5045625694888_5.jpg,5045625694888_6.jpg,5045625694888_7.jpg,5045625694888_11.jpg",active,Black,8087404
5045625695038,5045625694888_1.jpg,"5045625694888_1.jpg,5045625694888_2.jpg,5045625694888_3.jpg,5045625694888_4.jpg,5045625694888_5.jpg,5045625694888_6.jpg,5045625694888_7.jpg,5045625694888_11.jpg",active,Black,8087404
5045625695069,5045625694888_1.jpg,"5045625694888_1.jpg,5045625694888_2.jpg,5045625694888_3.jpg,5045625694888_4.jpg,5045625694888_5.jpg,5045625694888_6.jpg,5045625694888_7.jpg,5045625694888_11.jpg",active,Black,8087404
5045625695090,5045625694888_1.jpg,"5045625694888_1.jpg,5045625694888_2.jpg,5045625694888_3.jpg,5045625694888_4.jpg,5045625694888_5.jpg,5045625694888_6.jpg,5045625694888_7.jpg,5045625694888_11.jpg",active,Black,8087404
5045625793451,5045625793451_1.jpg,"5045625793451_1.jpg,5045625793451_2.jpg,5045625793451_3.jpg,5045625793451_4.jpg,5045625793451_5.jpg,5045625793451_6.jpg,5045625793451_7.jpg,5045625793451_8.jpg,5045625793451_9.jpg,5045625793451_11.jpg",inactive,Red,8089265
5045626261393,5045626261393_1.jpg,"5045626261393_1.jpg,5045626261393_2.jpg,5045626261393_3.jpg,5045626261393_4.jpg,5045626261393_5.jpg,5045626261393_6.jpg,5045626261393_7.jpg,5045626261393_11.jpg",active,Grey,8087366
5045626261423,5045626261393_1.jpg,"5045626261393_1.jpg,5045626261393_2.jpg,5045626261393_3.jpg,5045626261393_4.jpg,5045626261393_5.jpg,5045626261393_6.jpg,5045626261393_7.jpg,5045626261393_11.jpg",active,Grey,8087366
5045626261454,5045626261393_1.jpg,"5045626261393_1.jpg,5045626261393_2.jpg,5045626261393_3.jpg,5045626261393_4.jpg,5045626261393_5.jpg,5045626261393_6.jpg,5045626261393_7.jpg,5045626261393_11.jpg",active,Grey,8087366
5045626261485,5045626261393_1.jpg,"5045626261393_1.jpg,5045626261393_2.jpg,5045626261393_3.jpg,5045626261393_4.jpg,5045626261393_5.jpg,5045626261393_6.jpg,5045626261393_7.jpg,5045626261393_11.jpg",active,Grey,8087366
5045626261515,5045626261393_1.jpg,"5045626261393_1.jpg,5045626261393_2.jpg,5045626261393_3.jpg,5045626261393_4.jpg,5045626261393_5.jpg,5045626261393_6.jpg,5045626261393_7.jpg,5045626261393_11.jpg",active,Grey,8087366
5045626261546,5045626261393_1.jpg,"5045626261393_1.jpg,5045626261393_2.jpg,5045626261393_3.jpg,5045626261393_4.jpg,5045626261393_5.jpg,5045626261393_6.jpg,5045626261393_7.jpg,5045626261393_11.jpg",active,Grey,8087366
5045626261577,5045626261393_1.jpg,"5045626261393_1.jpg,5045626261393_2.jpg,5045626261393_3.jpg,5045626261393_4.jpg,5045626261393_5.jpg,5045626261393_6.jpg,5045626261393_7.jpg,5045626261393_11.jpg",active,Grey,8087366
5045625678833,5045625678833_1.jpg,"5045625678833_1.jpg,5045625678833_2.jpg,5045625678833_3.jpg,5045625678833_4.jpg,5045625678833_5.jpg,5045625678833_6.jpg,5045625678833_11.jpg",inactive,Beige,8087379
5045626032085,5045626032085_1.jpg,"5045626032085_1.jpg,5045626032085_2.jpg,5045626032085_3.jpg,5045626032085_4.jpg,5045626032085_5.jpg,5045626032085_6.jpg,5045626032085_7.jpg,5045626032085_8.jpg,5045626032085_9.jpg,5045626032085_11.jpg",active,Black,8089404
5045626032115,5045626032085_1.jpg,"5045626032085_1.jpg,5045626032085_2.jpg,5045626032085_3.jpg,5045626032085_4.jpg,5045626032085_5.jpg,5045626032085_6.jpg,5045626032085_7.jpg,5045626032085_8.jpg,5045626032085_9.jpg,5045626032085_11.jpg",active,Black,8089404
5045626032146,5045626032085_1.jpg,"5045626032085_1.jpg,5045626032085_2.jpg,5045626032085_3.jpg,5045626032085_4.jpg,5045626032085_5.jpg,5045626032085_6.jpg,5045626032085_7.jpg,5045626032085_8.jpg,5045626032085_9.jpg,5045626032085_11.jpg",active,Black,8089404
5045626032290,5045626032085_1.jpg,"5045626032085_1.jpg,5045626032085_2.jpg,5045626032085_3.jpg,5045626032085_4.jpg,5045626032085_5.jpg,5045626032085_6.jpg,5045626032085_7.jpg,5045626032085_8.jpg,5045626032085_9.jpg,5045626032085_11.jpg",active,Black,8089404
5045626032320,5045626032085_1.jpg,"5045626032085_1.jpg,5045626032085_2.jpg,5045626032085_3.jpg,5045626032085_4.jpg,5045626032085_5.jpg,5045626032085_6.jpg,5045626032085_7.jpg,5045626032085_8.jpg,5045626032085_9.jpg,5045626032085_11.jpg",active,Black,8089404
5045626032351,5045626032085_1.jpg,"5045626032085_1.jpg,5045626032085_2.jpg,5045626032085_3.jpg,5045626032085_4.jpg,5045626032085_5.jpg,5045626032085_6.jpg,5045626032085_7.jpg,5045626032085_8.jpg,5045626032085_9.jpg,5045626032085_11.jpg",active,Black,8089404
5045626032382,5045626032085_1.jpg,"5045626032085_1.jpg,5045626032085_2.jpg,5045626032085_3.jpg,5045626032085_4.jpg,5045626032085_5.jpg,5045626032085_6.jpg,5045626032085_7.jpg,5045626032085_8.jpg,5045626032085_9.jpg,5045626032085_11.jpg",active,Black,8089404
5045626032412,5045626032085_1.jpg,"5045626032085_1.jpg,5045626032085_2.jpg,5045626032085_3.jpg,5045626032085_4.jpg,5045626032085_5.jpg,5045626032085_6.jpg,5045626032085_7.jpg,5045626032085_8.jpg,5045626032085_9.jpg,5045626032085_11.jpg",active,Black,8089404
5045621526466,5045621526466_1.jpg,"5045621526466_1.jpg,5045621526466_2.jpg,5045621526466_3.jpg,5045621526466_4.jpg,5045621526466_5.jpg,5045621526466_6.jpg,5045621526466_7.jpg,5045621526466_8.jpg,5045621526466_9.jpg,5045621526466_11.jpg",active,Black,8089287
5045626225135,5045626225135_1.jpg,"5045626225135_1.jpg,5045626225135_2.jpg,5045626225135_3.jpg,5045626225135_4.jpg,5045626225135_5.jpg,5045626225135_11.jpg",active,Brown,8089230
5045626225166,5045626225135_1.jpg,"5045626225135_1.jpg,5045626225135_2.jpg,5045626225135_3.jpg,5045626225135_4.jpg,5045626225135_5.jpg,5045626225135_11.jpg",active,Brown,8089230
5045626225197,5045626225135_1.jpg,"5045626225135_1.jpg,5045626225135_2.jpg,5045626225135_3.jpg,5045626225135_4.jpg,5045626225135_5.jpg,5045626225135_11.jpg",active,Brown,8089230
5045626225227,5045626225135_1.jpg,"5045626225135_1.jpg,5045626225135_2.jpg,5045626225135_3.jpg,5045626225135_4.jpg,5045626225135_5.jpg,5045626225135_11.jpg",active,Brown,8089230
5045626225258,5045626225135_1.jpg,"5045626225135_1.jpg,5045626225135_2.jpg,5045626225135_3.jpg,5045626225135_4.jpg,5045626225135_5.jpg,5045626225135_11.jpg",active,Brown,8089230
5045626225289,5045626225135_1.jpg,"5045626225135_1.jpg,5045626225135_2.jpg,5045626225135_3.jpg,5045626225135_4.jpg,5045626225135_5.jpg,5045626225135_11.jpg",active,Brown,8089230
5045626225319,5045626225135_1.jpg,"5045626225135_1.jpg,5045626225135_2.jpg,5045626225135_3.jpg,5045626225135_4.jpg,5045626225135_5.jpg,5045626225135_11.jpg",active,Brown,8089230
5045626225340,5045626225135_1.jpg,"5045626225135_1.jpg,5045626225135_2.jpg,5045626225135_3.jpg,5045626225135_4.jpg,5045626225135_5.jpg,5045626225135_11.jpg",active,Brown,8089230
5045625944914,5045625944914_1.jpg,"5045625944914_1.jpg,5045625944914_2.jpg,5045625944914_3.jpg,5045625944914_4.jpg,5045625944914_5.jpg,5045625944914_6.jpg,5045625944914_7.jpg,5045625944914_11.jpg",inactive,Miscellaneous,8089399
5045625963427,5045625963427_1.jpg,"5045625963427_1.jpg,5045625963427_2.jpg,5045625963427_3.jpg,5045625963427_4.jpg,5045625963427_5.jpg,5045625963427_6.jpg,5045625963427_7.jpg,5045625963427_11.jpg",active,Green,8089351
5045623251212,5045623251212_1.jpg,"5045623251212_1.jpg,5045623251212_2.jpg,5045623251212_3.jpg,5045623251212_4.jpg,5045623251212_5.jpg,5045623251212_6.jpg,5045623251212_11.jpg",inactive,Black,8087284
5045626780719,5045626780719_1.jpg,"5045626780719_1.jpg,5045626780719_2.jpg,5045626780719_3.jpg,5045626780719_4.jpg,5045626780719_5.jpg,5045626780719_11.jpg",active,Black,8089356
5045626780740,5045626780719_1.jpg,"5045626780719_1.jpg,5045626780719_2.jpg,5045626780719_3.jpg,5045626780719_4.jpg,5045626780719_5.jpg,5045626780719_11.jpg",active,Black,8089356
5045626780771,5045626780719_1.jpg,"5045626780719_1.jpg,5045626780719_2.jpg,5045626780719_3.jpg,5045626780719_4.jpg,5045626780719_5.jpg,5045626780719_11.jpg",active,Black,8089356
5045626780801,5045626780719_1.jpg,"5045626780719_1.jpg,5045626780719_2.jpg,5045626780719_3.jpg,5045626780719_4.jpg,5045626780719_5.jpg,5045626780719_11.jpg",active,Black,8089356
5045626780832,5045626780719_1.jpg,"5045626780719_1.jpg,5045626780719_2.jpg,5045626780719_3.jpg,5045626780719_4.jpg,5045626780719_5.jpg,5045626780719_11.jpg",active,Black,8089356
5045626780863,5045626780719_1.jpg,"5045626780719_1.jpg,5045626780719_2.jpg,5045626780719_3.jpg,5045626780719_4.jpg,5045626780719_5.jpg,5045626780719_11.jpg",active,Black,8089356
5045626780894,5045626780719_1.jpg,"5045626780719_1.jpg,5045626780719_2.jpg,5045626780719_3.jpg,5045626780719_4.jpg,5045626780719_5.jpg,5045626780719_11.jpg",active,Black,8089356
5045626780924,5045626780719_1.jpg,"5045626780719_1.jpg,5045626780719_2.jpg,5045626780719_3.jpg,5045626780719_4.jpg,5045626780719_5.jpg,5045626780719_11.jpg",active,Black,8089356
5045626070049,5045626070049_1.jpg,"5045626070049_1.jpg,5045626070049_2.jpg,5045626070049_3.jpg,5045626070049_4.jpg,5045626070049_5.jpg,5045626070049_6.jpg,5045626070049_11.jpg",active,Beige,8087293
5045626070070,5045626070049_1.jpg,"5045626070049_1.jpg,5045626070049_2.jpg,5045626070049_3.jpg,5045626070049_4.jpg,5045626070049_5.jpg,5045626070049_6.jpg,5045626070049_11.jpg",active,Beige,8087293
5045626070100,5045626070049_1.jpg,"5045626070049_1.jpg,5045626070049_2.jpg,5045626070049_3.jpg,5045626070049_4.jpg,5045626070049_5.jpg,5045626070049_6.jpg,5045626070049_11.jpg",active,Beige,8087293
5045626070131,5045626070049_1.jpg,"5045626070049_1.jpg,5045626070049_2.jpg,5045626070049_3.jpg,5045626070049_4.jpg,5045626070049_5.jpg,5045626070049_6.jpg,5045626070049_11.jpg",active,Beige,8087293
5045626070162,5045626070049_1.jpg,"5045626070049_1.jpg,5045626070049_2.jpg,5045626070049_3.jpg,5045626070049_4.jpg,5045626070049_5.jpg,5045626070049_6.jpg,5045626070049_11.jpg",active,Beige,8087293
5045626070193,5045626070049_1.jpg,"5045626070049_1.jpg,5045626070049_2.jpg,5045626070049_3.jpg,5045626070049_4.jpg,5045626070049_5.jpg,5045626070049_6.jpg,5045626070049_11.jpg",active,Beige,8087293
5045626070254,5045626070049_1.jpg,"5045626070049_1.jpg,5045626070049_2.jpg,5045626070049_3.jpg,5045626070049_4.jpg,5045626070049_5.jpg,5045626070049_6.jpg,5045626070049_11.jpg",active,Beige,8087293
5045625874716,5045625874716_1.jpg,"5045625874716_1.jpg,5045625874716_2.jpg,5045625874716_3.jpg,5045625874716_4.jpg,5045625874716_5.jpg,5045625874716_6.jpg,5045625874716_11.jpg",active,Brown,8087584
5045625874747,5045625874716_1.jpg,"5045625874716_1.jpg,5045625874716_2.jpg,5045625874716_3.jpg,5045625874716_4.jpg,5045625874716_5.jpg,5045625874716_6.jpg,5045625874716_11.jpg",active,Brown,8087584
5045625874778,5045625874716_1.jpg,"5045625874716_1.jpg,5045625874716_2.jpg,5045625874716_3.jpg,5045625874716_4.jpg,5045625874716_5.jpg,5045625874716_6.jpg,5045625874716_11.jpg",active,Brown,8087584
5045625874808,5045625874716_1.jpg,"5045625874716_1.jpg,5045625874716_2.jpg,5045625874716_3.jpg,5045625874716_4.jpg,5045625874716_5.jpg,5045625874716_6.jpg,5045625874716_11.jpg",active,Brown,8087584
5045625874839,5045625874716_1.jpg,"5045625874716_1.jpg,5045625874716_2.jpg,5045625874716_3.jpg,5045625874716_4.jpg,5045625874716_5.jpg,5045625874716_6.jpg,5045625874716_11.jpg",active,Brown,8087584
5045625874860,5045625874716_1.jpg,"5045625874716_1.jpg,5045625874716_2.jpg,5045625874716_3.jpg,5045625874716_4.jpg,5045625874716_5.jpg,5045625874716_6.jpg,5045625874716_11.jpg",active,Brown,8087584
5045625874891,5045625874716_1.jpg,"5045625874716_1.jpg,5045625874716_2.jpg,5045625874716_3.jpg,5045625874716_4.jpg,5045625874716_5.jpg,5045625874716_6.jpg,5045625874716_11.jpg",active,Brown,8087584
5045625874921,5045625874716_1.jpg,"5045625874716_1.jpg,5045625874716_2.jpg,5045625874716_3.jpg,5045625874716_4.jpg,5045625874716_5.jpg,5045625874716_6.jpg,5045625874716_11.jpg",active,Brown,8087584
5045625874952,5045625874716_1.jpg,"5045625874716_1.jpg,5045625874716_2.jpg,5045625874716_3.jpg,5045625874716_4.jpg,5045625874716_5.jpg,5045625874716_6.jpg,5045625874716_11.jpg",active,Brown,8087584
5045625874983,5045625874716_1.jpg,"5045625874716_1.jpg,5045625874716_2.jpg,5045625874716_3.jpg,5045625874716_4.jpg,5045625874716_5.jpg,5045625874716_6.jpg,5045625874716_11.jpg",active,Brown,8087584
5045625875010,5045625874716_1.jpg,"5045625874716_1.jpg,5045625874716_2.jpg,5045625874716_3.jpg,5045625874716_4.jpg,5045625874716_5.jpg,5045625874716_6.jpg,5045625874716_11.jpg",active,Brown,8087584
5045625875041,5045625874716_1.jpg,"5045625874716_1.jpg,5045625874716_2.jpg,5045625874716_3.jpg,5045625874716_4.jpg,5045625874716_5.jpg,5045625874716_6.jpg,5045625874716_11.jpg",active,Brown,8087584
5045625875072,5045625874716_1.jpg,"5045625874716_1.jpg,5045625874716_2.jpg,5045625874716_3.jpg,5045625874716_4.jpg,5045625874716_5.jpg,5045625874716_6.jpg,5045625874716_11.jpg",active,Brown,8087584
5045559133552,5045559133552_1.jpg,"5045559133552_1.jpg,5045559133552_2.jpg,5045559133552_3.jpg,5045559133552_4.jpg,5045559133552_5.jpg,5045559133552_11.jpg",inactive,Brown,8089196
5045626075297,5045626075297_1.jpg,"5045626075297_1.jpg,5045626075297_2.jpg,5045626075297_3.jpg,5045626075297_4.jpg,5045626075297_5.jpg,5045626075297_11.jpg",active,Brown,8087309
5045626075327,5045626075297_1.jpg,"5045626075297_1.jpg,5045626075297_2.jpg,5045626075297_3.jpg,5045626075297_4.jpg,5045626075297_5.jpg,5045626075297_11.jpg",active,Brown,8087309
5045626075358,5045626075297_1.jpg,"5045626075297_1.jpg,5045626075297_2.jpg,5045626075297_3.jpg,5045626075297_4.jpg,5045626075297_5.jpg,5045626075297_11.jpg",active,Brown,8087309
5045626075389,5045626075297_1.jpg,"5045626075297_1.jpg,5045626075297_2.jpg,5045626075297_3.jpg,5045626075297_4.jpg,5045626075297_5.jpg,5045626075297_11.jpg",active,Brown,8087309
5045626075419,5045626075297_1.jpg,"5045626075297_1.jpg,5045626075297_2.jpg,5045626075297_3.jpg,5045626075297_4.jpg,5045626075297_5.jpg,5045626075297_11.jpg",active,Brown,8087309
5045626075440,5045626075297_1.jpg,"5045626075297_1.jpg,5045626075297_2.jpg,5045626075297_3.jpg,5045626075297_4.jpg,5045626075297_5.jpg,5045626075297_11.jpg",active,Brown,8087309
5045626075501,5045626075297_1.jpg,"5045626075297_1.jpg,5045626075297_2.jpg,5045626075297_3.jpg,5045626075297_4.jpg,5045626075297_5.jpg,5045626075297_11.jpg",active,Brown,8087309
5045627278666,5045627278666_1.jpg,"5045627278666_1.jpg,5045627278666_2.jpg,5045627278666_3.jpg,5045627278666_4.jpg,5045627278666_5.jpg,5045627278666_6.jpg,5045627278666_11.jpg",active,Brown,8087577
5045627278697,5045627278666_1.jpg,"5045627278666_1.jpg,5045627278666_2.jpg,5045627278666_3.jpg,5045627278666_4.jpg,5045627278666_5.jpg,5045627278666_6.jpg,5045627278666_11.jpg",active,Brown,8087577
5045627278727,5045627278666_1.jpg,"5045627278666_1.jpg,5045627278666_2.jpg,5045627278666_3.jpg,5045627278666_4.jpg,5045627278666_5.jpg,5045627278666_6.jpg,5045627278666_11.jpg",active,Brown,8087577
5045627278758,5045627278666_1.jpg,"5045627278666_1.jpg,5045627278666_2.jpg,5045627278666_3.jpg,5045627278666_4.jpg,5045627278666_5.jpg,5045627278666_6.jpg,5045627278666_11.jpg",active,Brown,8087577
5045627278789,5045627278666_1.jpg,"5045627278666_1.jpg,5045627278666_2.jpg,5045627278666_3.jpg,5045627278666_4.jpg,5045627278666_5.jpg,5045627278666_6.jpg,5045627278666_11.jpg",active,Brown,8087577
5045627278819,5045627278666_1.jpg,"5045627278666_1.jpg,5045627278666_2.jpg,5045627278666_3.jpg,5045627278666_4.jpg,5045627278666_5.jpg,5045627278666_6.jpg,5045627278666_11.jpg",active,Brown,8087577
5045627278840,5045627278666_1.jpg,"5045627278666_1.jpg,5045627278666_2.jpg,5045627278666_3.jpg,5045627278666_4.jpg,5045627278666_5.jpg,5045627278666_6.jpg,5045627278666_11.jpg",active,Brown,8087577
5045627278871,5045627278666_1.jpg,"5045627278666_1.jpg,5045627278666_2.jpg,5045627278666_3.jpg,5045627278666_4.jpg,5045627278666_5.jpg,5045627278666_6.jpg,5045627278666_11.jpg",active,Brown,8087577
5045627278901,5045627278666_1.jpg,"5045627278666_1.jpg,5045627278666_2.jpg,5045627278666_3.jpg,5045627278666_4.jpg,5045627278666_5.jpg,5045627278666_6.jpg,5045627278666_11.jpg",active,Brown,8087577
5045627278932,5045627278666_1.jpg,"5045627278666_1.jpg,5045627278666_2.jpg,5045627278666_3.jpg,5045627278666_4.jpg,5045627278666_5.jpg,5045627278666_6.jpg,5045627278666_11.jpg",active,Brown,8087577
5045627278963,5045627278666_1.jpg,"5045627278666_1.jpg,5045627278666_2.jpg,5045627278666_3.jpg,5045627278666_4.jpg,5045627278666_5.jpg,5045627278666_6.jpg,5045627278666_11.jpg",active,Brown,8087577
5045627278994,5045627278666_1.jpg,"5045627278666_1.jpg,5045627278666_2.jpg,5045627278666_3.jpg,5045627278666_4.jpg,5045627278666_5.jpg,5045627278666_6.jpg,5045627278666_11.jpg",active,Brown,8087577
5045627279021,5045627278666_1.jpg,"5045627278666_1.jpg,5045627278666_2.jpg,5045627278666_3.jpg,5045627278666_4.jpg,5045627278666_5.jpg,5045627278666_6.jpg,5045627278666_11.jpg",active,Brown,8087577
5045627279052,5045627278666_1.jpg,"5045627278666_1.jpg,5045627278666_2.jpg,5045627278666_3.jpg,5045627278666_4.jpg,5045627278666_5.jpg,5045627278666_6.jpg,5045627278666_11.jpg",active,Brown,8087577
5045627279083,5045627278666_1.jpg,"5045627278666_1.jpg,5045627278666_2.jpg,5045627278666_3.jpg,5045627278666_4.jpg,5045627278666_5.jpg,5045627278666_6.jpg,5045627278666_11.jpg",active,Brown,8087577
5045627574676,5045627574676_1.jpg,"5045627574676_1.jpg,5045627574676_2.jpg,5045627574676_3.jpg,5045627574676_4.jpg,5045627574676_5.jpg,5045627574676_6.jpg,5045627574676_11.jpg",active,Brown,8089271
5045624766791,5045624766791_1.jpg,"5045624766791_1.jpg,5045624766791_2.jpg,5045624766791_3.jpg,5045624766791_4.jpg,5045624766791_5.jpg,5045624766791_6.jpg,5045624766791_11.jpg",active,Beige,8087610
5045624766821,5045624766791_1.jpg,"5045624766791_1.jpg,5045624766791_2.jpg,5045624766791_3.jpg,5045624766791_4.jpg,5045624766791_5.jpg,5045624766791_6.jpg,5045624766791_11.jpg",active,Beige,8087610
5045624766852,5045624766791_1.jpg,"5045624766791_1.jpg,5045624766791_2.jpg,5045624766791_3.jpg,5045624766791_4.jpg,5045624766791_5.jpg,5045624766791_6.jpg,5045624766791_11.jpg",active,Beige,8087610
5045624766883,5045624766791_1.jpg,"5045624766791_1.jpg,5045624766791_2.jpg,5045624766791_3.jpg,5045624766791_4.jpg,5045624766791_5.jpg,5045624766791_6.jpg,5045624766791_11.jpg",active,Beige,8087610
5045624766913,5045624766791_1.jpg,"5045624766791_1.jpg,5045624766791_2.jpg,5045624766791_3.jpg,5045624766791_4.jpg,5045624766791_5.jpg,5045624766791_6.jpg,5045624766791_11.jpg",active,Beige,8087610
5045624766944,5045624766791_1.jpg,"5045624766791_1.jpg,5045624766791_2.jpg,5045624766791_3.jpg,5045624766791_4.jpg,5045624766791_5.jpg,5045624766791_6.jpg,5045624766791_11.jpg",active,Beige,8087610
5045624766975,5045624766791_1.jpg,"5045624766791_1.jpg,5045624766791_2.jpg,5045624766791_3.jpg,5045624766791_4.jpg,5045624766791_5.jpg,5045624766791_6.jpg,5045624766791_11.jpg",active,Beige,8087610
5045624767002,5045624766791_1.jpg,"5045624766791_1.jpg,5045624766791_2.jpg,5045624766791_3.jpg,5045624766791_4.jpg,5045624766791_5.jpg,5045624766791_6.jpg,5045624766791_11.jpg",active,Beige,8087610
5045624767033,5045624766791_1.jpg,"5045624766791_1.jpg,5045624766791_2.jpg,5045624766791_3.jpg,5045624766791_4.jpg,5045624766791_5.jpg,5045624766791_6.jpg,5045624766791_11.jpg",active,Beige,8087610
5045624767064,5045624766791_1.jpg,"5045624766791_1.jpg,5045624766791_2.jpg,5045624766791_3.jpg,5045624766791_4.jpg,5045624766791_5.jpg,5045624766791_6.jpg,5045624766791_11.jpg",active,Beige,8087610
5045624767095,5045624766791_1.jpg,"5045624766791_1.jpg,5045624766791_2.jpg,5045624766791_3.jpg,5045624766791_4.jpg,5045624766791_5.jpg,5045624766791_6.jpg,5045624766791_11.jpg",active,Beige,8087610
5045624767125,5045624766791_1.jpg,"5045624766791_1.jpg,5045624766791_2.jpg,5045624766791_3.jpg,5045624766791_4.jpg,5045624766791_5.jpg,5045624766791_6.jpg,5045624766791_11.jpg",active,Beige,8087610
5045624767156,5045624766791_1.jpg,"5045624766791_1.jpg,5045624766791_2.jpg,5045624766791_3.jpg,5045624766791_4.jpg,5045624766791_5.jpg,5045624766791_6.jpg,5045624766791_11.jpg",active,Beige,8087610
5045626154695,5045626154695_1.jpg,"5045626154695_1.jpg,5045626154695_2.jpg,5045626154695_3.jpg,5045626154695_4.jpg,5045626154695_5.jpg,5045626154695_6.jpg,5045626154695_7.jpg,5045626154695_11.jpg",active,White,8087557
5045626154725,5045626154695_1.jpg,"5045626154695_1.jpg,5045626154695_2.jpg,5045626154695_3.jpg,5045626154695_4.jpg,5045626154695_5.jpg,5045626154695_6.jpg,5045626154695_7.jpg,5045626154695_11.jpg",active,White,8087557
5045626154756,5045626154695_1.jpg,"5045626154695_1.jpg,5045626154695_2.jpg,5045626154695_3.jpg,5045626154695_4.jpg,5045626154695_5.jpg,5045626154695_6.jpg,5045626154695_7.jpg,5045626154695_11.jpg",active,White,8087557
5045626154787,5045626154695_1.jpg,"5045626154695_1.jpg,5045626154695_2.jpg,5045626154695_3.jpg,5045626154695_4.jpg,5045626154695_5.jpg,5045626154695_6.jpg,5045626154695_7.jpg,5045626154695_11.jpg",active,White,8087557
5045626154817,5045626154695_1.jpg,"5045626154695_1.jpg,5045626154695_2.jpg,5045626154695_3.jpg,5045626154695_4.jpg,5045626154695_5.jpg,5045626154695_6.jpg,5045626154695_7.jpg,5045626154695_11.jpg",active,White,8087557
5045626154848,5045626154695_1.jpg,"5045626154695_1.jpg,5045626154695_2.jpg,5045626154695_3.jpg,5045626154695_4.jpg,5045626154695_5.jpg,5045626154695_6.jpg,5045626154695_7.jpg,5045626154695_11.jpg",active,White,8087557
5045626154879,5045626154695_1.jpg,"5045626154695_1.jpg,5045626154695_2.jpg,5045626154695_3.jpg,5045626154695_4.jpg,5045626154695_5.jpg,5045626154695_6.jpg,5045626154695_7.jpg,5045626154695_11.jpg",active,White,8087557
5045626154909,5045626154695_1.jpg,"5045626154695_1.jpg,5045626154695_2.jpg,5045626154695_3.jpg,5045626154695_4.jpg,5045626154695_5.jpg,5045626154695_6.jpg,5045626154695_7.jpg,5045626154695_11.jpg",active,White,8087557
5045626154930,5045626154695_1.jpg,"5045626154695_1.jpg,5045626154695_2.jpg,5045626154695_3.jpg,5045626154695_4.jpg,5045626154695_5.jpg,5045626154695_6.jpg,5045626154695_7.jpg,5045626154695_11.jpg",active,White,8087557
5045626154961,5045626154695_1.jpg,"5045626154695_1.jpg,5045626154695_2.jpg,5045626154695_3.jpg,5045626154695_4.jpg,5045626154695_5.jpg,5045626154695_6.jpg,5045626154695_7.jpg,5045626154695_11.jpg",active,White,8087557
5045626154992,5045626154695_1.jpg,"5045626154695_1.jpg,5045626154695_2.jpg,5045626154695_3.jpg,5045626154695_4.jpg,5045626154695_5.jpg,5045626154695_6.jpg,5045626154695_7.jpg,5045626154695_11.jpg",active,White,8087557
5045626155029,5045626154695_1.jpg,"5045626154695_1.jpg,5045626154695_2.jpg,5045626154695_3.jpg,5045626154695_4.jpg,5045626154695_5.jpg,5045626154695_6.jpg,5045626154695_7.jpg,5045626154695_11.jpg",active,White,8087557
5045626155050,5045626154695_1.jpg,"5045626154695_1.jpg,5045626154695_2.jpg,5045626154695_3.jpg,5045626154695_4.jpg,5045626154695_5.jpg,5045626154695_6.jpg,5045626154695_7.jpg,5045626154695_11.jpg",active,White,8087557
5045626155081,5045626154695_1.jpg,"5045626154695_1.jpg,5045626154695_2.jpg,5045626154695_3.jpg,5045626154695_4.jpg,5045626154695_5.jpg,5045626154695_6.jpg,5045626154695_7.jpg,5045626154695_11.jpg",active,White,8087557
5045626155111,5045626154695_1.jpg,"5045626154695_1.jpg,5045626154695_2.jpg,5045626154695_3.jpg,5045626154695_4.jpg,5045626154695_5.jpg,5045626154695_6.jpg,5045626154695_7.jpg,5045626154695_11.jpg",active,White,8087557
5045626155142,5045626154695_1.jpg,"5045626154695_1.jpg,5045626154695_2.jpg,5045626154695_3.jpg,5045626154695_4.jpg,5045626154695_5.jpg,5045626154695_6.jpg,5045626154695_7.jpg,5045626154695_11.jpg",active,White,8087557
5045626155173,5045626154695_1.jpg,"5045626154695_1.jpg,5045626154695_2.jpg,5045626154695_3.jpg,5045626154695_4.jpg,5045626154695_5.jpg,5045626154695_6.jpg,5045626154695_7.jpg,5045626154695_11.jpg",active,White,8087557
5045626155203,5045626154695_1.jpg,"5045626154695_1.jpg,5045626154695_2.jpg,5045626154695_3.jpg,5045626154695_4.jpg,5045626154695_5.jpg,5045626154695_6.jpg,5045626154695_7.jpg,5045626154695_11.jpg",active,White,8087557
5045626155234,5045626154695_1.jpg,"5045626154695_1.jpg,5045626154695_2.jpg,5045626154695_3.jpg,5045626154695_4.jpg,5045626154695_5.jpg,5045626154695_6.jpg,5045626154695_7.jpg,5045626154695_11.jpg",active,White,8087557
5045626155265,5045626154695_1.jpg,"5045626154695_1.jpg,5045626154695_2.jpg,5045626154695_3.jpg,5045626154695_4.jpg,5045626154695_5.jpg,5045626154695_6.jpg,5045626154695_7.jpg,5045626154695_11.jpg",active,White,8087557
5045626155296,5045626154695_1.jpg,"5045626154695_1.jpg,5045626154695_2.jpg,5045626154695_3.jpg,5045626154695_4.jpg,5045626154695_5.jpg,5045626154695_6.jpg,5045626154695_7.jpg,5045626154695_11.jpg",active,White,8087557
5045627103609,5045627103609_1.jpg,"5045627103609_1.jpg,5045627103609_2.jpg,5045627103609_3.jpg,5045627103609_4.jpg,5045627103609_5.jpg,5045627103609_11.jpg",active,Pink,8087295
5045627103630,5045627103609_1.jpg,"5045627103609_1.jpg,5045627103609_2.jpg,5045627103609_3.jpg,5045627103609_4.jpg,5045627103609_5.jpg,5045627103609_11.jpg",active,Pink,8087295
5045627103661,5045627103609_1.jpg,"5045627103609_1.jpg,5045627103609_2.jpg,5045627103609_3.jpg,5045627103609_4.jpg,5045627103609_5.jpg,5045627103609_11.jpg",active,Pink,8087295
5045627103692,5045627103609_1.jpg,"5045627103609_1.jpg,5045627103609_2.jpg,5045627103609_3.jpg,5045627103609_4.jpg,5045627103609_5.jpg,5045627103609_11.jpg",active,Pink,8087295
5045627103722,5045627103609_1.jpg,"5045627103609_1.jpg,5045627103609_2.jpg,5045627103609_3.jpg,5045627103609_4.jpg,5045627103609_5.jpg,5045627103609_11.jpg",active,Pink,8087295
5045627103753,5045627103609_1.jpg,"5045627103609_1.jpg,5045627103609_2.jpg,5045627103609_3.jpg,5045627103609_4.jpg,5045627103609_5.jpg,5045627103609_11.jpg",active,Pink,8087295
5045627103784,5045627103609_1.jpg,"5045627103609_1.jpg,5045627103609_2.jpg,5045627103609_3.jpg,5045627103609_4.jpg,5045627103609_5.jpg,5045627103609_11.jpg",active,Pink,8087295
5045627103814,5045627103609_1.jpg,"5045627103609_1.jpg,5045627103609_2.jpg,5045627103609_3.jpg,5045627103609_4.jpg,5045627103609_5.jpg,5045627103609_11.jpg",active,Pink,8087295
5045625446616,5045625446616_1.jpg,"5045625446616_1.jpg,5045625446616_2.jpg,5045625446616_3.jpg,5045625446616_4.jpg,5045625446616_5.jpg,5045625446616_11.jpg",active,Beige,8087364
5045625446647,5045625446616_1.jpg,"5045625446616_1.jpg,5045625446616_2.jpg,5045625446616_3.jpg,5045625446616_4.jpg,5045625446616_5.jpg,5045625446616_11.jpg",active,Beige,8087364
5045625446678,5045625446616_1.jpg,"5045625446616_1.jpg,5045625446616_2.jpg,5045625446616_3.jpg,5045625446616_4.jpg,5045625446616_5.jpg,5045625446616_11.jpg",active,Beige,8087364
5045625446708,5045625446616_1.jpg,"5045625446616_1.jpg,5045625446616_2.jpg,5045625446616_3.jpg,5045625446616_4.jpg,5045625446616_5.jpg,5045625446616_11.jpg",active,Beige,8087364
5045625446739,5045625446616_1.jpg,"5045625446616_1.jpg,5045625446616_2.jpg,5045625446616_3.jpg,5045625446616_4.jpg,5045625446616_5.jpg,5045625446616_11.jpg",active,Beige,8087364
5045625446760,5045625446616_1.jpg,"5045625446616_1.jpg,5045625446616_2.jpg,5045625446616_3.jpg,5045625446616_4.jpg,5045625446616_5.jpg,5045625446616_11.jpg",active,Beige,8087364
5045625446791,5045625446616_1.jpg,"5045625446616_1.jpg,5045625446616_2.jpg,5045625446616_3.jpg,5045625446616_4.jpg,5045625446616_5.jpg,5045625446616_11.jpg",active,Beige,8087364
5045625204162,5045625204162_1.jpg,"5045625204162_1.jpg,5045625204162_2.jpg,5045625204162_3.jpg,5045625204162_4.jpg,5045625204162_5.jpg,5045625204162_6.jpg,5045625204162_7.jpg,5045625204162_8.jpg,5045625204162_11.jpg",inactive,Black,8089464
5045627327975,5045627327975_1.jpg,"5045627327975_1.jpg,5045627327975_2.jpg,5045627327975_3.jpg,5045627327975_4.jpg,5045627327975_5.jpg,5045627327975_6.jpg,5045627327975_11.jpg",active,Brown,8087326
5045627328002,5045627327975_1.jpg,"5045627327975_1.jpg,5045627327975_2.jpg,5045627327975_3.jpg,5045627327975_4.jpg,5045627327975_5.jpg,5045627327975_6.jpg,5045627327975_11.jpg",active,Brown,8087326
5045627328033,5045627327975_1.jpg,"5045627327975_1.jpg,5045627327975_2.jpg,5045627327975_3.jpg,5045627327975_4.jpg,5045627327975_5.jpg,5045627327975_6.jpg,5045627327975_11.jpg",active,Brown,8087326
5045627328064,5045627327975_1.jpg,"5045627327975_1.jpg,5045627327975_2.jpg,5045627327975_3.jpg,5045627327975_4.jpg,5045627327975_5.jpg,5045627327975_6.jpg,5045627327975_11.jpg",active,Brown,8087326
5045627328095,5045627327975_1.jpg,"5045627327975_1.jpg,5045627327975_2.jpg,5045627327975_3.jpg,5045627327975_4.jpg,5045627327975_5.jpg,5045627327975_6.jpg,5045627327975_11.jpg",active,Brown,8087326
5045627328125,5045627327975_1.jpg,"5045627327975_1.jpg,5045627327975_2.jpg,5045627327975_3.jpg,5045627327975_4.jpg,5045627327975_5.jpg,5045627327975_6.jpg,5045627327975_11.jpg",active,Brown,8087326
5045627328156,5045627327975_1.jpg,"5045627327975_1.jpg,5045627327975_2.jpg,5045627327975_3.jpg,5045627327975_4.jpg,5045627327975_5.jpg,5045627327975_6.jpg,5045627327975_11.jpg",active,Brown,8087326
5045626762807,5045626762807_1.jpg,"5045626762807_1.jpg,5045626762807_2.jpg,5045626762807_3.jpg,5045626762807_4.jpg,5045626762807_5.jpg,5045626762807_6.jpg,5045626762807_7.jpg,5045626762807_8.jpg,5045626762807_11.jpg",active,Miscellaneous,8089273
5045558156064,5045558156064_1.jpg,"5045558156064_1.jpg,5045558156064_2.jpg,5045558156064_3.jpg,5045558156064_4.jpg,5045558156064_5.jpg,5045558156064_6.jpg,5045558156064_7.jpg,5045558156064_11.jpg",active,Blue,8087383
5045558156095,5045558156064_1.jpg,"5045558156064_1.jpg,5045558156064_2.jpg,5045558156064_3.jpg,5045558156064_4.jpg,5045558156064_5.jpg,5045558156064_6.jpg,5045558156064_7.jpg,5045558156064_11.jpg",active,Blue,8087383
5045558156125,5045558156064_1.jpg,"5045558156064_1.jpg,5045558156064_2.jpg,5045558156064_3.jpg,5045558156064_4.jpg,5045558156064_5.jpg,5045558156064_6.jpg,5045558156064_7.jpg,5045558156064_11.jpg",active,Blue,8087383
5045558156156,5045558156064_1.jpg,"5045558156064_1.jpg,5045558156064_2.jpg,5045558156064_3.jpg,5045558156064_4.jpg,5045558156064_5.jpg,5045558156064_6.jpg,5045558156064_7.jpg,5045558156064_11.jpg",active,Blue,8087383
5045558156187,5045558156064_1.jpg,"5045558156064_1.jpg,5045558156064_2.jpg,5045558156064_3.jpg,5045558156064_4.jpg,5045558156064_5.jpg,5045558156064_6.jpg,5045558156064_7.jpg,5045558156064_11.jpg",active,Blue,8087383
5045558156217,5045558156064_1.jpg,"5045558156064_1.jpg,5045558156064_2.jpg,5045558156064_3.jpg,5045558156064_4.jpg,5045558156064_5.jpg,5045558156064_6.jpg,5045558156064_7.jpg,5045558156064_11.jpg",active,Blue,8087383
5045558156248,5045558156064_1.jpg,"5045558156064_1.jpg,5045558156064_2.jpg,5045558156064_3.jpg,5045558156064_4.jpg,5045558156064_5.jpg,5045558156064_6.jpg,5045558156064_7.jpg,5045558156064_11.jpg",active,Blue,8087383
5045558156279,5045558156064_1.jpg,"5045558156064_1.jpg,5045558156064_2.jpg,5045558156064_3.jpg,5045558156064_4.jpg,5045558156064_5.jpg,5045558156064_6.jpg,5045558156064_7.jpg,5045558156064_11.jpg",active,Blue,8087383
5045558156309,5045558156064_1.jpg,"5045558156064_1.jpg,5045558156064_2.jpg,5045558156064_3.jpg,5045558156064_4.jpg,5045558156064_5.jpg,5045558156064_6.jpg,5045558156064_7.jpg,5045558156064_11.jpg",active,Blue,8087383
5045622387042,5045622387042_1.jpg,"5045622387042_1.jpg,5045622387042_2.jpg,5045622387042_3.jpg,5045622387042_4.jpg,5045622387042_5.jpg,5045622387042_6.jpg,5045622387042_7.jpg,5045622387042_8.jpg,5045622387042_9.jpg,5045622387042_10.jpg,5045622387042_11.jpg",active,Black,8089331
5045624691000,5045624691000_1.jpg,"5045624691000_1.jpg,5045624691000_2.jpg,5045624691000_3.jpg,5045624691000_4.jpg,5045624691000_5.jpg,5045624691000_11.jpg",active,Beige,8087566
5045624691031,5045624691000_1.jpg,"5045624691000_1.jpg,5045624691000_2.jpg,5045624691000_3.jpg,5045624691000_4.jpg,5045624691000_5.jpg,5045624691000_11.jpg",active,Beige,8087566
5045624691062,5045624691000_1.jpg,"5045624691000_1.jpg,5045624691000_2.jpg,5045624691000_3.jpg,5045624691000_4.jpg,5045624691000_5.jpg,5045624691000_11.jpg",active,Beige,8087566
5045624691093,5045624691000_1.jpg,"5045624691000_1.jpg,5045624691000_2.jpg,5045624691000_3.jpg,5045624691000_4.jpg,5045624691000_5.jpg,5045624691000_11.jpg",active,Beige,8087566
5045624691123,5045624691000_1.jpg,"5045624691000_1.jpg,5045624691000_2.jpg,5045624691000_3.jpg,5045624691000_4.jpg,5045624691000_5.jpg,5045624691000_11.jpg",active,Beige,8087566
5045624691154,5045624691000_1.jpg,"5045624691000_1.jpg,5045624691000_2.jpg,5045624691000_3.jpg,5045624691000_4.jpg,5045624691000_5.jpg,5045624691000_11.jpg",active,Beige,8087566
5045624691185,5045624691000_1.jpg,"5045624691000_1.jpg,5045624691000_2.jpg,5045624691000_3.jpg,5045624691000_4.jpg,5045624691000_5.jpg,5045624691000_11.jpg",active,Beige,8087566
5045624691215,5045624691000_1.jpg,"5045624691000_1.jpg,5045624691000_2.jpg,5045624691000_3.jpg,5045624691000_4.jpg,5045624691000_5.jpg,5045624691000_11.jpg",active,Beige,8087566
5045624691246,5045624691000_1.jpg,"5045624691000_1.jpg,5045624691000_2.jpg,5045624691000_3.jpg,5045624691000_4.jpg,5045624691000_5.jpg,5045624691000_11.jpg",active,Beige,8087566
5045624691277,5045624691000_1.jpg,"5045624691000_1.jpg,5045624691000_2.jpg,5045624691000_3.jpg,5045624691000_4.jpg,5045624691000_5.jpg,5045624691000_11.jpg",active,Beige,8087566
5045624691307,5045624691000_1.jpg,"5045624691000_1.jpg,5045624691000_2.jpg,5045624691000_3.jpg,5045624691000_4.jpg,5045624691000_5.jpg,5045624691000_11.jpg",active,Beige,8087566
5045624691338,5045624691000_1.jpg,"5045624691000_1.jpg,5045624691000_2.jpg,5045624691000_3.jpg,5045624691000_4.jpg,5045624691000_5.jpg,5045624691000_11.jpg",active,Beige,8087566
5045624691369,5045624691000_1.jpg,"5045624691000_1.jpg,5045624691000_2.jpg,5045624691000_3.jpg,5045624691000_4.jpg,5045624691000_5.jpg,5045624691000_11.jpg",active,Beige,8087566
5045625966459,5045625966459_1.jpg,"5045625966459_1.jpg,5045625966459_2.jpg,5045625966459_3.jpg,5045625966459_4.jpg,5045625966459_5.jpg,5045625966459_6.jpg,5045625966459_7.jpg,5045625966459_8.jpg,5045625966459_11.jpg",inactive,Green,8089368
5045627550267,5045627550267_1.jpg,"5045627550267_1.jpg,5045627550267_2.jpg,5045627550267_3.jpg,5045627550267_4.jpg,5045627550267_5.jpg,5045627550267_11.jpg",active,Black,8089209
5045627550298,5045627550267_1.jpg,"5045627550267_1.jpg,5045627550267_2.jpg,5045627550267_3.jpg,5045627550267_4.jpg,5045627550267_5.jpg,5045627550267_11.jpg",active,Black,8089209
5045627550328,5045627550267_1.jpg,"5045627550267_1.jpg,5045627550267_2.jpg,5045627550267_3.jpg,5045627550267_4.jpg,5045627550267_5.jpg,5045627550267_11.jpg",active,Black,8089209
5045627550359,5045627550267_1.jpg,"5045627550267_1.jpg,5045627550267_2.jpg,5045627550267_3.jpg,5045627550267_4.jpg,5045627550267_5.jpg,5045627550267_11.jpg",active,Black,8089209
5045626078533,5045626078533_1.jpg,"5045626078533_1.jpg,5045626078533_2.jpg,5045626078533_3.jpg,5045626078533_4.jpg,5045626078533_5.jpg,5045626078533_6.jpg,5045626078533_7.jpg,5045626078533_8.jpg,5045626078533_11.jpg",active,Grey,8087294
5045626078564,5045626078533_1.jpg,"5045626078533_1.jpg,5045626078533_2.jpg,5045626078533_3.jpg,5045626078533_4.jpg,5045626078533_5.jpg,5045626078533_6.jpg,5045626078533_7.jpg,5045626078533_8.jpg,5045626078533_11.jpg",active,Grey,8087294
5045626078595,5045626078533_1.jpg,"5045626078533_1.jpg,5045626078533_2.jpg,5045626078533_3.jpg,5045626078533_4.jpg,5045626078533_5.jpg,5045626078533_6.jpg,5045626078533_7.jpg,5045626078533_8.jpg,5045626078533_11.jpg",active,Grey,8087294
5045626078625,5045626078533_1.jpg,"5045626078533_1.jpg,5045626078533_2.jpg,5045626078533_3.jpg,5045626078533_4.jpg,5045626078533_5.jpg,5045626078533_6.jpg,5045626078533_7.jpg,5045626078533_8.jpg,5045626078533_11.jpg",active,Grey,8087294
5045626078656,5045626078533_1.jpg,"5045626078533_1.jpg,5045626078533_2.jpg,5045626078533_3.jpg,5045626078533_4.jpg,5045626078533_5.jpg,5045626078533_6.jpg,5045626078533_7.jpg,5045626078533_8.jpg,5045626078533_11.jpg",active,Grey,8087294
5045626078687,5045626078533_1.jpg,"5045626078533_1.jpg,5045626078533_2.jpg,5045626078533_3.jpg,5045626078533_4.jpg,5045626078533_5.jpg,5045626078533_6.jpg,5045626078533_7.jpg,5045626078533_8.jpg,5045626078533_11.jpg",active,Grey,8087294
5045626078748,5045626078533_1.jpg,"5045626078533_1.jpg,5045626078533_2.jpg,5045626078533_3.jpg,5045626078533_4.jpg,5045626078533_5.jpg,5045626078533_6.jpg,5045626078533_7.jpg,5045626078533_8.jpg,5045626078533_11.jpg",active,Grey,8087294
5045626191591,5045626191591_1.jpg,"5045626191591_1.jpg,5045626191591_2.jpg,5045626191591_3.jpg,5045626191591_4.jpg,5045626191591_5.jpg,5045626191591_6.jpg,5045626191591_7.jpg,5045626191591_11.jpg",active,Brown,8087318
5045626191621,5045626191591_1.jpg,"5045626191591_1.jpg,5045626191591_2.jpg,5045626191591_3.jpg,5045626191591_4.jpg,5045626191591_5.jpg,5045626191591_6.jpg,5045626191591_7.jpg,5045626191591_11.jpg",active,Brown,8087318
5045626191652,5045626191591_1.jpg,"5045626191591_1.jpg,5045626191591_2.jpg,5045626191591_3.jpg,5045626191591_4.jpg,5045626191591_5.jpg,5045626191591_6.jpg,5045626191591_7.jpg,5045626191591_11.jpg",active,Brown,8087318
5045626191683,5045626191591_1.jpg,"5045626191591_1.jpg,5045626191591_2.jpg,5045626191591_3.jpg,5045626191591_4.jpg,5045626191591_5.jpg,5045626191591_6.jpg,5045626191591_7.jpg,5045626191591_11.jpg",active,Brown,8087318
5045626191713,5045626191591_1.jpg,"5045626191591_1.jpg,5045626191591_2.jpg,5045626191591_3.jpg,5045626191591_4.jpg,5045626191591_5.jpg,5045626191591_6.jpg,5045626191591_7.jpg,5045626191591_11.jpg",active,Brown,8087318
5045626191744,5045626191591_1.jpg,"5045626191591_1.jpg,5045626191591_2.jpg,5045626191591_3.jpg,5045626191591_4.jpg,5045626191591_5.jpg,5045626191591_6.jpg,5045626191591_7.jpg,5045626191591_11.jpg",active,Brown,8087318
5045626191775,5045626191591_1.jpg,"5045626191591_1.jpg,5045626191591_2.jpg,5045626191591_3.jpg,5045626191591_4.jpg,5045626191591_5.jpg,5045626191591_6.jpg,5045626191591_7.jpg,5045626191591_11.jpg",active,Brown,8087318
5045626108957,5045626108957_1.jpg,"5045626108957_1.jpg,5045626108957_2.jpg,5045626108957_3.jpg,5045626108957_4.jpg,5045626108957_5.jpg,5045626108957_11.jpg",active,Green,8087321
5045626108988,5045626108957_1.jpg,"5045626108957_1.jpg,5045626108957_2.jpg,5045626108957_3.jpg,5045626108957_4.jpg,5045626108957_5.jpg,5045626108957_11.jpg",active,Green,8087321
5045626109015,5045626108957_1.jpg,"5045626108957_1.jpg,5045626108957_2.jpg,5045626108957_3.jpg,5045626108957_4.jpg,5045626108957_5.jpg,5045626108957_11.jpg",active,Green,8087321
5045626109046,5045626108957_1.jpg,"5045626108957_1.jpg,5045626108957_2.jpg,5045626108957_3.jpg,5045626108957_4.jpg,5045626108957_5.jpg,5045626108957_11.jpg",active,Green,8087321
5045627416266,5045627416266_1.jpg,"5045627416266_1.jpg,5045627416266_2.jpg,5045627416266_3.jpg,5045627416266_4.jpg,5045627416266_5.jpg,5045627416266_11.jpg",active,White,8087338
5045627416297,5045627416266_1.jpg,"5045627416266_1.jpg,5045627416266_2.jpg,5045627416266_3.jpg,5045627416266_4.jpg,5045627416266_5.jpg,5045627416266_11.jpg",active,White,8087338
5045627416327,5045627416266_1.jpg,"5045627416266_1.jpg,5045627416266_2.jpg,5045627416266_3.jpg,5045627416266_4.jpg,5045627416266_5.jpg,5045627416266_11.jpg",active,White,8087338
5045627416358,5045627416266_1.jpg,"5045627416266_1.jpg,5045627416266_2.jpg,5045627416266_3.jpg,5045627416266_4.jpg,5045627416266_5.jpg,5045627416266_11.jpg",active,White,8087338
5045627416389,5045627416266_1.jpg,"5045627416266_1.jpg,5045627416266_2.jpg,5045627416266_3.jpg,5045627416266_4.jpg,5045627416266_5.jpg,5045627416266_11.jpg",active,White,8087338
5045627416419,5045627416266_1.jpg,"5045627416266_1.jpg,5045627416266_2.jpg,5045627416266_3.jpg,5045627416266_4.jpg,5045627416266_5.jpg,5045627416266_11.jpg",active,White,8087338
5045627416440,5045627416266_1.jpg,"5045627416266_1.jpg,5045627416266_2.jpg,5045627416266_3.jpg,5045627416266_4.jpg,5045627416266_5.jpg,5045627416266_11.jpg",active,White,8087338
5045627416471,5045627416266_1.jpg,"5045627416266_1.jpg,5045627416266_2.jpg,5045627416266_3.jpg,5045627416266_4.jpg,5045627416266_5.jpg,5045627416266_11.jpg",active,White,8087338
5045627035719,5045627035719_1.jpg,"5045627035719_1.jpg,5045627035719_2.jpg,5045627035719_3.jpg,5045627035719_4.jpg,5045627035719_5.jpg,5045627035719_11.jpg",active,Miscellaneous,8089219
5045627035740,5045627035719_1.jpg,"5045627035719_1.jpg,5045627035719_2.jpg,5045627035719_3.jpg,5045627035719_4.jpg,5045627035719_5.jpg,5045627035719_11.jpg",active,Miscellaneous,8089219
5045627035771,5045627035719_1.jpg,"5045627035719_1.jpg,5045627035719_2.jpg,5045627035719_3.jpg,5045627035719_4.jpg,5045627035719_5.jpg,5045627035719_11.jpg",active,Miscellaneous,8089219
5045627035801,5045627035719_1.jpg,"5045627035719_1.jpg,5045627035719_2.jpg,5045627035719_3.jpg,5045627035719_4.jpg,5045627035719_5.jpg,5045627035719_11.jpg",active,Miscellaneous,8089219
5045627035832,5045627035719_1.jpg,"5045627035719_1.jpg,5045627035719_2.jpg,5045627035719_3.jpg,5045627035719_4.jpg,5045627035719_5.jpg,5045627035719_11.jpg",active,Miscellaneous,8089219
5045627035863,5045627035719_1.jpg,"5045627035719_1.jpg,5045627035719_2.jpg,5045627035719_3.jpg,5045627035719_4.jpg,5045627035719_5.jpg,5045627035719_11.jpg",active,Miscellaneous,8089219
5045627035894,5045627035719_1.jpg,"5045627035719_1.jpg,5045627035719_2.jpg,5045627035719_3.jpg,5045627035719_4.jpg,5045627035719_5.jpg,5045627035719_11.jpg",active,Miscellaneous,8089219
5045627035924,5045627035719_1.jpg,"5045627035719_1.jpg,5045627035719_2.jpg,5045627035719_3.jpg,5045627035719_4.jpg,5045627035719_5.jpg,5045627035719_11.jpg",active,Miscellaneous,8089219
5045627035955,5045627035719_1.jpg,"5045627035719_1.jpg,5045627035719_2.jpg,5045627035719_3.jpg,5045627035719_4.jpg,5045627035719_5.jpg,5045627035719_11.jpg",active,Miscellaneous,8089219
5045627035986,5045627035719_1.jpg,"5045627035719_1.jpg,5045627035719_2.jpg,5045627035719_3.jpg,5045627035719_4.jpg,5045627035719_5.jpg,5045627035719_11.jpg",active,Miscellaneous,8089219
5045627291467,5045627291467_1.jpg,"5045627291467_1.jpg,5045627291467_2.jpg,5045627291467_3.jpg,5045627291467_4.jpg,5045627291467_5.jpg,5045627291467_6.jpg,5045627291467_11.jpg",active,Blue,8087282
5045627291498,5045627291467_1.jpg,"5045627291467_1.jpg,5045627291467_2.jpg,5045627291467_3.jpg,5045627291467_4.jpg,5045627291467_5.jpg,5045627291467_6.jpg,5045627291467_11.jpg",active,Blue,8087282
5045627291528,5045627291467_1.jpg,"5045627291467_1.jpg,5045627291467_2.jpg,5045627291467_3.jpg,5045627291467_4.jpg,5045627291467_5.jpg,5045627291467_6.jpg,5045627291467_11.jpg",active,Blue,8087282
5045627291559,5045627291467_1.jpg,"5045627291467_1.jpg,5045627291467_2.jpg,5045627291467_3.jpg,5045627291467_4.jpg,5045627291467_5.jpg,5045627291467_6.jpg,5045627291467_11.jpg",active,Blue,8087282
5045627291580,5045627291467_1.jpg,"5045627291467_1.jpg,5045627291467_2.jpg,5045627291467_3.jpg,5045627291467_4.jpg,5045627291467_5.jpg,5045627291467_6.jpg,5045627291467_11.jpg",active,Blue,8087282
5045627291610,5045627291467_1.jpg,"5045627291467_1.jpg,5045627291467_2.jpg,5045627291467_3.jpg,5045627291467_4.jpg,5045627291467_5.jpg,5045627291467_6.jpg,5045627291467_11.jpg",active,Blue,8087282
5045627291672,5045627291467_1.jpg,"5045627291467_1.jpg,5045627291467_2.jpg,5045627291467_3.jpg,5045627291467_4.jpg,5045627291467_5.jpg,5045627291467_6.jpg,5045627291467_11.jpg",active,Blue,8087282
5045625450699,5045625450699_1.jpg,"5045625450699_1.jpg,5045625450699_2.jpg,5045625450699_3.jpg,5045625450699_4.jpg,5045625450699_5.jpg,5045625450699_11.jpg",active,Beige,8087436
5045625450729,5045625450699_1.jpg,"5045625450699_1.jpg,5045625450699_2.jpg,5045625450699_3.jpg,5045625450699_4.jpg,5045625450699_5.jpg,5045625450699_11.jpg",active,Beige,8087436
5045625450750,5045625450699_1.jpg,"5045625450699_1.jpg,5045625450699_2.jpg,5045625450699_3.jpg,5045625450699_4.jpg,5045625450699_5.jpg,5045625450699_11.jpg",active,Beige,8087436
5045625450781,5045625450699_1.jpg,"5045625450699_1.jpg,5045625450699_2.jpg,5045625450699_3.jpg,5045625450699_4.jpg,5045625450699_5.jpg,5045625450699_11.jpg",active,Beige,8087436
5045626733630,5045626733630_1.jpg,"5045626733630_1.jpg,5045626733630_2.jpg,5045626733630_3.jpg,5045626733630_4.jpg,5045626733630_5.jpg,5045626733630_11.jpg",active,Beige,8087339
5045626733661,5045626733630_1.jpg,"5045626733630_1.jpg,5045626733630_2.jpg,5045626733630_3.jpg,5045626733630_4.jpg,5045626733630_5.jpg,5045626733630_11.jpg",active,Beige,8087339
5045626733692,5045626733630_1.jpg,"5045626733630_1.jpg,5045626733630_2.jpg,5045626733630_3.jpg,5045626733630_4.jpg,5045626733630_5.jpg,5045626733630_11.jpg",active,Beige,8087339
5045626733722,5045626733630_1.jpg,"5045626733630_1.jpg,5045626733630_2.jpg,5045626733630_3.jpg,5045626733630_4.jpg,5045626733630_5.jpg,5045626733630_11.jpg",active,Beige,8087339
5045626733753,5045626733630_1.jpg,"5045626733630_1.jpg,5045626733630_2.jpg,5045626733630_3.jpg,5045626733630_4.jpg,5045626733630_5.jpg,5045626733630_11.jpg",active,Beige,8087339
5045626733784,5045626733630_1.jpg,"5045626733630_1.jpg,5045626733630_2.jpg,5045626733630_3.jpg,5045626733630_4.jpg,5045626733630_5.jpg,5045626733630_11.jpg",active,Beige,8087339
5045626733814,5045626733630_1.jpg,"5045626733630_1.jpg,5045626733630_2.jpg,5045626733630_3.jpg,5045626733630_4.jpg,5045626733630_5.jpg,5045626733630_11.jpg",active,Beige,8087339
5045626324081,5045626324081_1.jpg,"5045626324081_1.jpg,5045626324081_2.jpg,5045626324081_3.jpg,5045626324081_4.jpg,5045626324081_5.jpg,5045626324081_6.jpg,5045626324081_7.jpg,5045626324081_11.jpg",active,Green,8087275
5045626324210,5045626324081_1.jpg,"5045626324081_1.jpg,5045626324081_2.jpg,5045626324081_3.jpg,5045626324081_4.jpg,5045626324081_5.jpg,5045626324081_6.jpg,5045626324081_7.jpg,5045626324081_11.jpg",active,Green,8087275
5045626324241,5045626324081_1.jpg,"5045626324081_1.jpg,5045626324081_2.jpg,5045626324081_3.jpg,5045626324081_4.jpg,5045626324081_5.jpg,5045626324081_6.jpg,5045626324081_7.jpg,5045626324081_11.jpg",active,Green,8087275
5045626324272,5045626324081_1.jpg,"5045626324081_1.jpg,5045626324081_2.jpg,5045626324081_3.jpg,5045626324081_4.jpg,5045626324081_5.jpg,5045626324081_6.jpg,5045626324081_7.jpg,5045626324081_11.jpg",active,Green,8087275
5045626324302,5045626324081_1.jpg,"5045626324081_1.jpg,5045626324081_2.jpg,5045626324081_3.jpg,5045626324081_4.jpg,5045626324081_5.jpg,5045626324081_6.jpg,5045626324081_7.jpg,5045626324081_11.jpg",active,Green,8087275
5045626324333,5045626324081_1.jpg,"5045626324081_1.jpg,5045626324081_2.jpg,5045626324081_3.jpg,5045626324081_4.jpg,5045626324081_5.jpg,5045626324081_6.jpg,5045626324081_7.jpg,5045626324081_11.jpg",active,Green,8087275
5045626324364,5045626324081_1.jpg,"5045626324081_1.jpg,5045626324081_2.jpg,5045626324081_3.jpg,5045626324081_4.jpg,5045626324081_5.jpg,5045626324081_6.jpg,5045626324081_7.jpg,5045626324081_11.jpg",active,Green,8087275
5045627085820,5045627085820_1.jpg,"5045627085820_1.jpg,5045627085820_2.jpg,5045627085820_3.jpg,5045627085820_4.jpg,5045627085820_5.jpg,5045627085820_6.jpg,5045627085820_11.jpg",active,Black,8087279
5045627085851,5045627085820_1.jpg,"5045627085820_1.jpg,5045627085820_2.jpg,5045627085820_3.jpg,5045627085820_4.jpg,5045627085820_5.jpg,5045627085820_6.jpg,5045627085820_11.jpg",active,Black,8087279
5045627085882,5045627085820_1.jpg,"5045627085820_1.jpg,5045627085820_2.jpg,5045627085820_3.jpg,5045627085820_4.jpg,5045627085820_5.jpg,5045627085820_6.jpg,5045627085820_11.jpg",active,Black,8087279
5045627085912,5045627085820_1.jpg,"5045627085820_1.jpg,5045627085820_2.jpg,5045627085820_3.jpg,5045627085820_4.jpg,5045627085820_5.jpg,5045627085820_6.jpg,5045627085820_11.jpg",active,Black,8087279
5045625802306,5045625802306_1.jpg,"5045625802306_1.jpg,5045625802306_2.jpg,5045625802306_3.jpg,5045625802306_4.jpg,5045625802306_5.jpg,5045625802306_6.jpg,5045625802306_11.jpg",active,Black,8087276
5045625802337,5045625802306_1.jpg,"5045625802306_1.jpg,5045625802306_2.jpg,5045625802306_3.jpg,5045625802306_4.jpg,5045625802306_5.jpg,5045625802306_6.jpg,5045625802306_11.jpg",active,Black,8087276
5045625802368,5045625802306_1.jpg,"5045625802306_1.jpg,5045625802306_2.jpg,5045625802306_3.jpg,5045625802306_4.jpg,5045625802306_5.jpg,5045625802306_6.jpg,5045625802306_11.jpg",active,Black,8087276
5045625802399,5045625802306_1.jpg,"5045625802306_1.jpg,5045625802306_2.jpg,5045625802306_3.jpg,5045625802306_4.jpg,5045625802306_5.jpg,5045625802306_6.jpg,5045625802306_11.jpg",active,Black,8087276
5045625802429,5045625802306_1.jpg,"5045625802306_1.jpg,5045625802306_2.jpg,5045625802306_3.jpg,5045625802306_4.jpg,5045625802306_5.jpg,5045625802306_6.jpg,5045625802306_11.jpg",active,Black,8087276
5045625802450,5045625802306_1.jpg,"5045625802306_1.jpg,5045625802306_2.jpg,5045625802306_3.jpg,5045625802306_4.jpg,5045625802306_5.jpg,5045625802306_6.jpg,5045625802306_11.jpg",active,Black,8087276
5045625802481,5045625802306_1.jpg,"5045625802306_1.jpg,5045625802306_2.jpg,5045625802306_3.jpg,5045625802306_4.jpg,5045625802306_5.jpg,5045625802306_6.jpg,5045625802306_11.jpg",active,Black,8087276
5045627414880,5045627414880_1.jpg,"5045627414880_1.jpg,5045627414880_2.jpg,5045627414880_3.jpg,5045627414880_4.jpg,5045627414880_5.jpg,5045627414880_6.jpg,5045627414880_7.jpg,5045627414880_8.jpg,5045627414880_9.jpg,5045627414880_11.jpg",active,Brown,8089299
5045627408384,5045627408384_1.jpg,"5045627408384_1.jpg,5045627408384_2.jpg,5045627408384_3.jpg,5045627408384_4.jpg,5045627408384_5.jpg,5045627408384_6.jpg,5045627408384_7.jpg,5045627408384_8.jpg,5045627408384_9.jpg,5045627408384_11.jpg",active,Brown,8089277
5045625822878,5045625822878_1.jpg,"5045625822878_1.jpg,5045625822878_2.jpg,5045625822878_3.jpg,5045625822878_4.jpg,5045625822878_5.jpg,5045625822878_6.jpg,5045625822878_7.jpg,5045625822878_8.jpg,5045625822878_9.jpg,5045625822878_11.jpg",inactive,Green,8089385
5045625822908,5045625822878_1.jpg,"5045625822878_1.jpg,5045625822878_2.jpg,5045625822878_3.jpg,5045625822878_4.jpg,5045625822878_5.jpg,5045625822878_6.jpg,5045625822878_7.jpg,5045625822878_8.jpg,5045625822878_9.jpg,5045625822878_11.jpg",inactive,Green,8089385
5045625822939,5045625822878_1.jpg,"5045625822878_1.jpg,5045625822878_2.jpg,5045625822878_3.jpg,5045625822878_4.jpg,5045625822878_5.jpg,5045625822878_6.jpg,5045625822878_7.jpg,5045625822878_8.jpg,5045625822878_9.jpg,5045625822878_11.jpg",inactive,Green,8089385
5045626870021,5045626870021_1.jpg,"5045626870021_1.jpg,5045626870021_2.jpg,5045626870021_3.jpg,5045626870021_4.jpg,5045626870021_5.jpg,5045626870021_6.jpg,5045626870021_7.jpg,5045626870021_11.jpg",active,Pink,8087301
5045626870052,5045626870021_1.jpg,"5045626870021_1.jpg,5045626870021_2.jpg,5045626870021_3.jpg,5045626870021_4.jpg,5045626870021_5.jpg,5045626870021_6.jpg,5045626870021_7.jpg,5045626870021_11.jpg",active,Pink,8087301
5045626870083,5045626870021_1.jpg,"5045626870021_1.jpg,5045626870021_2.jpg,5045626870021_3.jpg,5045626870021_4.jpg,5045626870021_5.jpg,5045626870021_6.jpg,5045626870021_7.jpg,5045626870021_11.jpg",active,Pink,8087301
5045626870113,5045626870021_1.jpg,"5045626870021_1.jpg,5045626870021_2.jpg,5045626870021_3.jpg,5045626870021_4.jpg,5045626870021_5.jpg,5045626870021_6.jpg,5045626870021_7.jpg,5045626870021_11.jpg",active,Pink,8087301
5045626870144,5045626870021_1.jpg,"5045626870021_1.jpg,5045626870021_2.jpg,5045626870021_3.jpg,5045626870021_4.jpg,5045626870021_5.jpg,5045626870021_6.jpg,5045626870021_7.jpg,5045626870021_11.jpg",active,Pink,8087301
5045626870175,5045626870021_1.jpg,"5045626870021_1.jpg,5045626870021_2.jpg,5045626870021_3.jpg,5045626870021_4.jpg,5045626870021_5.jpg,5045626870021_6.jpg,5045626870021_7.jpg,5045626870021_11.jpg",active,Pink,8087301
5045626870205,5045626870021_1.jpg,"5045626870021_1.jpg,5045626870021_2.jpg,5045626870021_3.jpg,5045626870021_4.jpg,5045626870021_5.jpg,5045626870021_6.jpg,5045626870021_7.jpg,5045626870021_11.jpg",active,Pink,8087301
5045626870236,5045626870021_1.jpg,"5045626870021_1.jpg,5045626870021_2.jpg,5045626870021_3.jpg,5045626870021_4.jpg,5045626870021_5.jpg,5045626870021_6.jpg,5045626870021_7.jpg,5045626870021_11.jpg",active,Pink,8087301
5045625205930,5045625205930_1.jpg,"5045625205930_1.jpg,5045625205930_2.jpg,5045625205930_3.jpg,5045625205930_4.jpg,5045625205930_5.jpg,5045625205930_6.jpg,5045625205930_7.jpg,5045625205930_8.jpg,5045625205930_11.jpg",active,Black,8089457
5045625671841,5045625671841_1.jpg,"5045625671841_1.jpg,5045625671841_2.jpg,5045625671841_3.jpg,5045625671841_4.jpg,5045625671841_5.jpg,5045625671841_11.jpg",active,Black,8087300
5045625671872,5045625671841_1.jpg,"5045625671841_1.jpg,5045625671841_2.jpg,5045625671841_3.jpg,5045625671841_4.jpg,5045625671841_5.jpg,5045625671841_11.jpg",active,Black,8087300
5045625671902,5045625671841_1.jpg,"5045625671841_1.jpg,5045625671841_2.jpg,5045625671841_3.jpg,5045625671841_4.jpg,5045625671841_5.jpg,5045625671841_11.jpg",active,Black,8087300
5045625671933,5045625671841_1.jpg,"5045625671841_1.jpg,5045625671841_2.jpg,5045625671841_3.jpg,5045625671841_4.jpg,5045625671841_5.jpg,5045625671841_11.jpg",active,Black,8087300
5045625671964,5045625671841_1.jpg,"5045625671841_1.jpg,5045625671841_2.jpg,5045625671841_3.jpg,5045625671841_4.jpg,5045625671841_5.jpg,5045625671841_11.jpg",active,Black,8087300
5045625671995,5045625671841_1.jpg,"5045625671841_1.jpg,5045625671841_2.jpg,5045625671841_3.jpg,5045625671841_4.jpg,5045625671841_5.jpg,5045625671841_11.jpg",active,Black,8087300
5045625672022,5045625671841_1.jpg,"5045625671841_1.jpg,5045625671841_2.jpg,5045625671841_3.jpg,5045625671841_4.jpg,5045625671841_5.jpg,5045625671841_11.jpg",active,Black,8087300
5045625672053,5045625671841_1.jpg,"5045625671841_1.jpg,5045625671841_2.jpg,5045625671841_3.jpg,5045625671841_4.jpg,5045625671841_5.jpg,5045625671841_11.jpg",active,Black,8087300
5045625672084,5045625671841_1.jpg,"5045625671841_1.jpg,5045625671841_2.jpg,5045625671841_3.jpg,5045625671841_4.jpg,5045625671841_5.jpg,5045625671841_11.jpg",active,Black,8087300
5045627574645,5045627574645_1.jpg,"5045627574645_1.jpg,5045627574645_2.jpg,5045627574645_3.jpg,5045627574645_4.jpg,5045627574645_5.jpg,5045627574645_11.jpg",active,Black,8089294
5045625206173,5045625206173_1.jpg,"5045625206173_1.jpg,5045625206173_2.jpg,5045625206173_3.jpg,5045625206173_4.jpg,5045625206173_5.jpg,5045625206173_6.jpg,5045625206173_7.jpg,5045625206173_8.jpg,5045625206173_11.jpg",active,Brown,8089468
5045626372938,5045626372938_1.jpg,"5045626372938_1.jpg,5045626372938_2.jpg,5045626372938_3.jpg,5045626372938_4.jpg,5045626372938_5.jpg,5045626372938_6.jpg,5045626372938_11.jpg",active,Beige,8089380
5045625924121,5045625924121_1.jpg,"5045625924121_1.jpg,5045625924121_2.jpg,5045625924121_3.jpg,5045625924121_4.jpg,5045625924121_5.jpg,5045625924121_6.jpg,5045625924121_7.jpg,5045625924121_11.jpg",inactive,Blue,8089376
5045625924152,5045625924121_1.jpg,"5045625924121_1.jpg,5045625924121_2.jpg,5045625924121_3.jpg,5045625924121_4.jpg,5045625924121_5.jpg,5045625924121_6.jpg,5045625924121_7.jpg,5045625924121_11.jpg",inactive,Blue,8089376
5045625924183,5045625924121_1.jpg,"5045625924121_1.jpg,5045625924121_2.jpg,5045625924121_3.jpg,5045625924121_4.jpg,5045625924121_5.jpg,5045625924121_6.jpg,5045625924121_7.jpg,5045625924121_11.jpg",inactive,Blue,8089376
5045625924213,5045625924121_1.jpg,"5045625924121_1.jpg,5045625924121_2.jpg,5045625924121_3.jpg,5045625924121_4.jpg,5045625924121_5.jpg,5045625924121_6.jpg,5045625924121_7.jpg,5045625924121_11.jpg",inactive,Blue,8089376
5045625924244,5045625924121_1.jpg,"5045625924121_1.jpg,5045625924121_2.jpg,5045625924121_3.jpg,5045625924121_4.jpg,5045625924121_5.jpg,5045625924121_6.jpg,5045625924121_7.jpg,5045625924121_11.jpg",inactive,Blue,8089376
5045627553404,5045627553404_1.jpg,"5045627553404_1.jpg,5045627553404_2.jpg,5045627553404_3.jpg,5045627553404_4.jpg,5045627553404_5.jpg,5045627553404_6.jpg,5045627553404_11.jpg",active,Miscellaneous,8089423
5045625821888,5045625821888_1.jpg,"5045625821888_1.jpg,5045625821888_2.jpg,5045625821888_3.jpg,5045625821888_4.jpg,5045625821888_5.jpg,5045625821888_6.jpg,5045625821888_7.jpg,5045625821888_8.jpg,5045625821888_9.jpg,5045625821888_10.jpg,5045625821888_11.jpg",inactive,Black,8089332
5045626380711,5045626380711_1.jpg,"5045626380711_1.jpg,5045626380711_2.jpg,5045626380711_3.jpg,5045626380711_4.jpg,5045626380711_5.jpg,5045626380711_6.jpg,5045626380711_7.jpg,5045626380711_8.jpg,5045626380711_11.jpg",active,Grey,8089400
5045626286440,5045626286440_1.jpg,"5045626286440_1.jpg,5045626286440_2.jpg,5045626286440_3.jpg,5045626286440_4.jpg,5045626286440_5.jpg,5045626286440_6.jpg,5045626286440_11.jpg",active,Blue,8089382
5045626286471,5045626286440_1.jpg,"5045626286440_1.jpg,5045626286440_2.jpg,5045626286440_3.jpg,5045626286440_4.jpg,5045626286440_5.jpg,5045626286440_6.jpg,5045626286440_11.jpg",active,Blue,8089382
5045626286501,5045626286440_1.jpg,"5045626286440_1.jpg,5045626286440_2.jpg,5045626286440_3.jpg,5045626286440_4.jpg,5045626286440_5.jpg,5045626286440_6.jpg,5045626286440_11.jpg",active,Blue,8089382
5045626286716,5045626286440_1.jpg,"5045626286440_1.jpg,5045626286440_2.jpg,5045626286440_3.jpg,5045626286440_4.jpg,5045626286440_5.jpg,5045626286440_6.jpg,5045626286440_11.jpg",active,Blue,8089382
5045626286747,5045626286440_1.jpg,"5045626286440_1.jpg,5045626286440_2.jpg,5045626286440_3.jpg,5045626286440_4.jpg,5045626286440_5.jpg,5045626286440_6.jpg,5045626286440_11.jpg",active,Blue,8089382
5045626286778,5045626286440_1.jpg,"5045626286440_1.jpg,5045626286440_2.jpg,5045626286440_3.jpg,5045626286440_4.jpg,5045626286440_5.jpg,5045626286440_6.jpg,5045626286440_11.jpg",active,Blue,8089382
5045625873061,5045625873061_1.jpg,"5045625873061_1.jpg,5045625873061_2.jpg,5045625873061_3.jpg,5045625873061_4.jpg,5045625873061_5.jpg,5045625873061_6.jpg,5045625873061_11.jpg",active,Black,8087572
5045625873092,5045625873061_1.jpg,"5045625873061_1.jpg,5045625873061_2.jpg,5045625873061_3.jpg,5045625873061_4.jpg,5045625873061_5.jpg,5045625873061_6.jpg,5045625873061_11.jpg",active,Black,8087572
5045625873122,5045625873061_1.jpg,"5045625873061_1.jpg,5045625873061_2.jpg,5045625873061_3.jpg,5045625873061_4.jpg,5045625873061_5.jpg,5045625873061_6.jpg,5045625873061_11.jpg",active,Black,8087572
5045625873153,5045625873061_1.jpg,"5045625873061_1.jpg,5045625873061_2.jpg,5045625873061_3.jpg,5045625873061_4.jpg,5045625873061_5.jpg,5045625873061_6.jpg,5045625873061_11.jpg",active,Black,8087572
5045625873184,5045625873061_1.jpg,"5045625873061_1.jpg,5045625873061_2.jpg,5045625873061_3.jpg,5045625873061_4.jpg,5045625873061_5.jpg,5045625873061_6.jpg,5045625873061_11.jpg",active,Black,8087572
5045625873214,5045625873061_1.jpg,"5045625873061_1.jpg,5045625873061_2.jpg,5045625873061_3.jpg,5045625873061_4.jpg,5045625873061_5.jpg,5045625873061_6.jpg,5045625873061_11.jpg",active,Black,8087572
5045625873245,5045625873061_1.jpg,"5045625873061_1.jpg,5045625873061_2.jpg,5045625873061_3.jpg,5045625873061_4.jpg,5045625873061_5.jpg,5045625873061_6.jpg,5045625873061_11.jpg",active,Black,8087572
5045625873276,5045625873061_1.jpg,"5045625873061_1.jpg,5045625873061_2.jpg,5045625873061_3.jpg,5045625873061_4.jpg,5045625873061_5.jpg,5045625873061_6.jpg,5045625873061_11.jpg",active,Black,8087572
5045625873306,5045625873061_1.jpg,"5045625873061_1.jpg,5045625873061_2.jpg,5045625873061_3.jpg,5045625873061_4.jpg,5045625873061_5.jpg,5045625873061_6.jpg,5045625873061_11.jpg",active,Black,8087572
5045625873337,5045625873061_1.jpg,"5045625873061_1.jpg,5045625873061_2.jpg,5045625873061_3.jpg,5045625873061_4.jpg,5045625873061_5.jpg,5045625873061_6.jpg,5045625873061_11.jpg",active,Black,8087572
5045625873368,5045625873061_1.jpg,"5045625873061_1.jpg,5045625873061_2.jpg,5045625873061_3.jpg,5045625873061_4.jpg,5045625873061_5.jpg,5045625873061_6.jpg,5045625873061_11.jpg",active,Black,8087572
5045625873399,5045625873061_1.jpg,"5045625873061_1.jpg,5045625873061_2.jpg,5045625873061_3.jpg,5045625873061_4.jpg,5045625873061_5.jpg,5045625873061_6.jpg,5045625873061_11.jpg",active,Black,8087572
5045625873429,5045625873061_1.jpg,"5045625873061_1.jpg,5045625873061_2.jpg,5045625873061_3.jpg,5045625873061_4.jpg,5045625873061_5.jpg,5045625873061_6.jpg,5045625873061_11.jpg",active,Black,8087572
5045625873450,5045625873061_1.jpg,"5045625873061_1.jpg,5045625873061_2.jpg,5045625873061_3.jpg,5045625873061_4.jpg,5045625873061_5.jpg,5045625873061_6.jpg,5045625873061_11.jpg",active,Black,8087572
5045625873481,5045625873061_1.jpg,"5045625873061_1.jpg,5045625873061_2.jpg,5045625873061_3.jpg,5045625873061_4.jpg,5045625873061_5.jpg,5045625873061_6.jpg,5045625873061_11.jpg",active,Black,8087572
5045625873511,5045625873061_1.jpg,"5045625873061_1.jpg,5045625873061_2.jpg,5045625873061_3.jpg,5045625873061_4.jpg,5045625873061_5.jpg,5045625873061_6.jpg,5045625873061_11.jpg",active,Black,8087572
5045625873542,5045625873061_1.jpg,"5045625873061_1.jpg,5045625873061_2.jpg,5045625873061_3.jpg,5045625873061_4.jpg,5045625873061_5.jpg,5045625873061_6.jpg,5045625873061_11.jpg",active,Black,8087572
5045625873573,5045625873061_1.jpg,"5045625873061_1.jpg,5045625873061_2.jpg,5045625873061_3.jpg,5045625873061_4.jpg,5045625873061_5.jpg,5045625873061_6.jpg,5045625873061_11.jpg",active,Black,8087572
5045625873603,5045625873061_1.jpg,"5045625873061_1.jpg,5045625873061_2.jpg,5045625873061_3.jpg,5045625873061_4.jpg,5045625873061_5.jpg,5045625873061_6.jpg,5045625873061_11.jpg",active,Black,8087572
5045625873634,5045625873061_1.jpg,"5045625873061_1.jpg,5045625873061_2.jpg,5045625873061_3.jpg,5045625873061_4.jpg,5045625873061_5.jpg,5045625873061_6.jpg,5045625873061_11.jpg",active,Black,8087572
5045626737317,5045626737317_1.jpg,"5045626737317_1.jpg,5045626737317_2.jpg,5045626737317_3.jpg,5045626737317_4.jpg,5045626737317_5.jpg,5045626737317_6.jpg,5045626737317_11.jpg",active,Pink,8089426
5045626344898,5045626344898_1.jpg,"5045626344898_1.jpg,5045626344898_2.jpg,5045626344898_3.jpg,5045626344898_4.jpg,5045626344898_5.jpg,5045626344898_6.jpg,5045626344898_7.jpg,5045626344898_11.jpg",active,Green,8087302
5045626344959,5045626344898_1.jpg,"5045626344898_1.jpg,5045626344898_2.jpg,5045626344898_3.jpg,5045626344898_4.jpg,5045626344898_5.jpg,5045626344898_6.jpg,5045626344898_7.jpg,5045626344898_11.jpg",active,Green,8087302
5045626345017,5045626344898_1.jpg,"5045626344898_1.jpg,5045626344898_2.jpg,5045626344898_3.jpg,5045626344898_4.jpg,5045626344898_5.jpg,5045626344898_6.jpg,5045626344898_7.jpg,5045626344898_11.jpg",active,Green,8087302
5045626345079,5045626344898_1.jpg,"5045626344898_1.jpg,5045626344898_2.jpg,5045626344898_3.jpg,5045626344898_4.jpg,5045626344898_5.jpg,5045626344898_6.jpg,5045626344898_7.jpg,5045626344898_11.jpg",active,Green,8087302
5045626345130,5045626344898_1.jpg,"5045626344898_1.jpg,5045626344898_2.jpg,5045626344898_3.jpg,5045626344898_4.jpg,5045626344898_5.jpg,5045626344898_6.jpg,5045626344898_7.jpg,5045626344898_11.jpg",active,Green,8087302
5045626345192,5045626344898_1.jpg,"5045626344898_1.jpg,5045626344898_2.jpg,5045626344898_3.jpg,5045626344898_4.jpg,5045626344898_5.jpg,5045626344898_6.jpg,5045626344898_7.jpg,5045626344898_11.jpg",active,Green,8087302
5045626345253,5045626344898_1.jpg,"5045626344898_1.jpg,5045626344898_2.jpg,5045626344898_3.jpg,5045626344898_4.jpg,5045626344898_5.jpg,5045626344898_6.jpg,5045626344898_7.jpg,5045626344898_11.jpg",active,Green,8087302
5045559133460,5045559133460_1.jpg,"5045559133460_1.jpg,5045559133460_2.jpg,5045559133460_3.jpg,5045559133460_4.jpg,5045559133460_5.jpg,5045559133460_6.jpg,5045559133460_7.jpg,5045559133460_11.jpg",active,Beige,8087626
5045627547502,5045627547502_1.jpg,"5045627547502_1.jpg,5045627547502_2.jpg,5045627547502_3.jpg,5045627547502_4.jpg,5045627547502_5.jpg,5045627547502_6.jpg,5045627547502_7.jpg,5045627547502_8.jpg,5045627547502_11.jpg",active,Black,8089397
5045625678659,5045625678659_1.jpg,"5045625678659_1.jpg,5045625678659_2.jpg,5045625678659_3.jpg,5045625678659_4.jpg,5045625678659_5.jpg,5045625678659_6.jpg,5045625678659_11.jpg",active,Blue,8087291
5045625725667,5045625725667_1.jpg,"5045625725667_1.jpg,5045625725667_2.jpg,5045625725667_3.jpg,5045625725667_4.jpg,5045625725667_5.jpg,5045625725667_6.jpg,5045625725667_7.jpg,5045625725667_8.jpg,5045625725667_11.jpg",inactive,Miscellaneous,8089449
5045626342016,5045626342016_1.jpg,"5045626342016_1.jpg,5045626342016_2.jpg,5045626342016_3.jpg,5045626342016_4.jpg,5045626342016_5.jpg,5045626342016_6.jpg,5045626342016_11.jpg",active,Black,8087525
5045626342047,5045626342016_1.jpg,"5045626342016_1.jpg,5045626342016_2.jpg,5045626342016_3.jpg,5045626342016_4.jpg,5045626342016_5.jpg,5045626342016_6.jpg,5045626342016_11.jpg",active,Black,8087525
5045626342078,5045626342016_1.jpg,"5045626342016_1.jpg,5045626342016_2.jpg,5045626342016_3.jpg,5045626342016_4.jpg,5045626342016_5.jpg,5045626342016_6.jpg,5045626342016_11.jpg",active,Black,8087525
5045626342108,5045626342016_1.jpg,"5045626342016_1.jpg,5045626342016_2.jpg,5045626342016_3.jpg,5045626342016_4.jpg,5045626342016_5.jpg,5045626342016_6.jpg,5045626342016_11.jpg",active,Black,8087525
5045626342139,5045626342016_1.jpg,"5045626342016_1.jpg,5045626342016_2.jpg,5045626342016_3.jpg,5045626342016_4.jpg,5045626342016_5.jpg,5045626342016_6.jpg,5045626342016_11.jpg",active,Black,8087525
5045626342160,5045626342016_1.jpg,"5045626342016_1.jpg,5045626342016_2.jpg,5045626342016_3.jpg,5045626342016_4.jpg,5045626342016_5.jpg,5045626342016_6.jpg,5045626342016_11.jpg",active,Black,8087525
5045626342191,5045626342016_1.jpg,"5045626342016_1.jpg,5045626342016_2.jpg,5045626342016_3.jpg,5045626342016_4.jpg,5045626342016_5.jpg,5045626342016_6.jpg,5045626342016_11.jpg",active,Black,8087525
5045626751399,5045626751399_1.jpg,"5045626751399_1.jpg,5045626751399_2.jpg,5045626751399_3.jpg,5045626751399_4.jpg,5045626751399_5.jpg,5045626751399_6.jpg,5045626751399_7.jpg,5045626751399_11.jpg",active,Black,8087416
5045626751429,5045626751399_1.jpg,"5045626751399_1.jpg,5045626751399_2.jpg,5045626751399_3.jpg,5045626751399_4.jpg,5045626751399_5.jpg,5045626751399_6.jpg,5045626751399_7.jpg,5045626751399_11.jpg",active,Black,8087416
5045626751450,5045626751399_1.jpg,"5045626751399_1.jpg,5045626751399_2.jpg,5045626751399_3.jpg,5045626751399_4.jpg,5045626751399_5.jpg,5045626751399_6.jpg,5045626751399_7.jpg,5045626751399_11.jpg",active,Black,8087416
5045626751481,5045626751399_1.jpg,"5045626751399_1.jpg,5045626751399_2.jpg,5045626751399_3.jpg,5045626751399_4.jpg,5045626751399_5.jpg,5045626751399_6.jpg,5045626751399_7.jpg,5045626751399_11.jpg",active,Black,8087416
5045626751511,5045626751399_1.jpg,"5045626751399_1.jpg,5045626751399_2.jpg,5045626751399_3.jpg,5045626751399_4.jpg,5045626751399_5.jpg,5045626751399_6.jpg,5045626751399_7.jpg,5045626751399_11.jpg",active,Black,8087416
5045624703154,5045624703154_1.jpg,"5045624703154_1.jpg,5045624703154_2.jpg,5045624703154_3.jpg,5045624703154_4.jpg,5045624703154_5.jpg,5045624703154_6.jpg,5045624703154_11.jpg",active,Black,8087560
5045624703185,5045624703154_1.jpg,"5045624703154_1.jpg,5045624703154_2.jpg,5045624703154_3.jpg,5045624703154_4.jpg,5045624703154_5.jpg,5045624703154_6.jpg,5045624703154_11.jpg",active,Black,8087560
5045624703215,5045624703154_1.jpg,"5045624703154_1.jpg,5045624703154_2.jpg,5045624703154_3.jpg,5045624703154_4.jpg,5045624703154_5.jpg,5045624703154_6.jpg,5045624703154_11.jpg",active,Black,8087560
5045624703246,5045624703154_1.jpg,"5045624703154_1.jpg,5045624703154_2.jpg,5045624703154_3.jpg,5045624703154_4.jpg,5045624703154_5.jpg,5045624703154_6.jpg,5045624703154_11.jpg",active,Black,8087560
5045624703277,5045624703154_1.jpg,"5045624703154_1.jpg,5045624703154_2.jpg,5045624703154_3.jpg,5045624703154_4.jpg,5045624703154_5.jpg,5045624703154_6.jpg,5045624703154_11.jpg",active,Black,8087560
5045624703307,5045624703154_1.jpg,"5045624703154_1.jpg,5045624703154_2.jpg,5045624703154_3.jpg,5045624703154_4.jpg,5045624703154_5.jpg,5045624703154_6.jpg,5045624703154_11.jpg",active,Black,8087560
5045624703338,5045624703154_1.jpg,"5045624703154_1.jpg,5045624703154_2.jpg,5045624703154_3.jpg,5045624703154_4.jpg,5045624703154_5.jpg,5045624703154_6.jpg,5045624703154_11.jpg",active,Black,8087560
5045624703369,5045624703154_1.jpg,"5045624703154_1.jpg,5045624703154_2.jpg,5045624703154_3.jpg,5045624703154_4.jpg,5045624703154_5.jpg,5045624703154_6.jpg,5045624703154_11.jpg",active,Black,8087560
5045624703390,5045624703154_1.jpg,"5045624703154_1.jpg,5045624703154_2.jpg,5045624703154_3.jpg,5045624703154_4.jpg,5045624703154_5.jpg,5045624703154_6.jpg,5045624703154_11.jpg",active,Black,8087560
5045624703420,5045624703154_1.jpg,"5045624703154_1.jpg,5045624703154_2.jpg,5045624703154_3.jpg,5045624703154_4.jpg,5045624703154_5.jpg,5045624703154_6.jpg,5045624703154_11.jpg",active,Black,8087560
5045624703451,5045624703154_1.jpg,"5045624703154_1.jpg,5045624703154_2.jpg,5045624703154_3.jpg,5045624703154_4.jpg,5045624703154_5.jpg,5045624703154_6.jpg,5045624703154_11.jpg",active,Black,8087560
5045624703482,5045624703154_1.jpg,"5045624703154_1.jpg,5045624703154_2.jpg,5045624703154_3.jpg,5045624703154_4.jpg,5045624703154_5.jpg,5045624703154_6.jpg,5045624703154_11.jpg",active,Black,8087560
5045624703512,5045624703154_1.jpg,"5045624703154_1.jpg,5045624703154_2.jpg,5045624703154_3.jpg,5045624703154_4.jpg,5045624703154_5.jpg,5045624703154_6.jpg,5045624703154_11.jpg",active,Black,8087560
5045624703543,5045624703154_1.jpg,"5045624703154_1.jpg,5045624703154_2.jpg,5045624703154_3.jpg,5045624703154_4.jpg,5045624703154_5.jpg,5045624703154_6.jpg,5045624703154_11.jpg",active,Black,8087560
5045624703574,5045624703154_1.jpg,"5045624703154_1.jpg,5045624703154_2.jpg,5045624703154_3.jpg,5045624703154_4.jpg,5045624703154_5.jpg,5045624703154_6.jpg,5045624703154_11.jpg",active,Black,8087560
5045626772219,5045626772219_1.jpg,"5045626772219_1.jpg,5045626772219_2.jpg,5045626772219_3.jpg,5045626772219_4.jpg,5045626772219_5.jpg,5045626772219_6.jpg,5045626772219_11.jpg",active,Pink,8087581
5045626772240,5045626772219_1.jpg,"5045626772219_1.jpg,5045626772219_2.jpg,5045626772219_3.jpg,5045626772219_4.jpg,5045626772219_5.jpg,5045626772219_6.jpg,5045626772219_11.jpg",active,Pink,8087581
5045626772271,5045626772219_1.jpg,"5045626772219_1.jpg,5045626772219_2.jpg,5045626772219_3.jpg,5045626772219_4.jpg,5045626772219_5.jpg,5045626772219_6.jpg,5045626772219_11.jpg",active,Pink,8087581
5045626772301,5045626772219_1.jpg,"5045626772219_1.jpg,5045626772219_2.jpg,5045626772219_3.jpg,5045626772219_4.jpg,5045626772219_5.jpg,5045626772219_6.jpg,5045626772219_11.jpg",active,Pink,8087581
5045626772332,5045626772219_1.jpg,"5045626772219_1.jpg,5045626772219_2.jpg,5045626772219_3.jpg,5045626772219_4.jpg,5045626772219_5.jpg,5045626772219_6.jpg,5045626772219_11.jpg",active,Pink,8087581
5045626772363,5045626772219_1.jpg,"5045626772219_1.jpg,5045626772219_2.jpg,5045626772219_3.jpg,5045626772219_4.jpg,5045626772219_5.jpg,5045626772219_6.jpg,5045626772219_11.jpg",active,Pink,8087581
5045626772394,5045626772219_1.jpg,"5045626772219_1.jpg,5045626772219_2.jpg,5045626772219_3.jpg,5045626772219_4.jpg,5045626772219_5.jpg,5045626772219_6.jpg,5045626772219_11.jpg",active,Pink,8087581
5045556895972,5045556895972_1.jpg,"5045556895972_1.jpg,5045556895972_2.jpg,5045556895972_3.jpg,5045556895972_4.jpg,5045556895972_5.jpg,5045556895972_6.jpg,5045556895972_11.jpg",active,Beige,8087419
5045556896030,5045556895972_1.jpg,"5045556895972_1.jpg,5045556895972_2.jpg,5045556895972_3.jpg,5045556895972_4.jpg,5045556895972_5.jpg,5045556895972_6.jpg,5045556895972_11.jpg",active,Beige,8087419
5045556896092,5045556895972_1.jpg,"5045556895972_1.jpg,5045556895972_2.jpg,5045556895972_3.jpg,5045556895972_4.jpg,5045556895972_5.jpg,5045556895972_6.jpg,5045556895972_11.jpg",active,Beige,8087419
5045556896153,5045556895972_1.jpg,"5045556895972_1.jpg,5045556895972_2.jpg,5045556895972_3.jpg,5045556895972_4.jpg,5045556895972_5.jpg,5045556895972_6.jpg,5045556895972_11.jpg",active,Beige,8087419
5045556896214,5045556895972_1.jpg,"5045556895972_1.jpg,5045556895972_2.jpg,5045556895972_3.jpg,5045556895972_4.jpg,5045556895972_5.jpg,5045556895972_6.jpg,5045556895972_11.jpg",active,Beige,8087419
5045556896276,5045556895972_1.jpg,"5045556895972_1.jpg,5045556895972_2.jpg,5045556895972_3.jpg,5045556895972_4.jpg,5045556895972_5.jpg,5045556895972_6.jpg,5045556895972_11.jpg",active,Beige,8087419
5045556896337,5045556895972_1.jpg,"5045556895972_1.jpg,5045556895972_2.jpg,5045556895972_3.jpg,5045556895972_4.jpg,5045556895972_5.jpg,5045556895972_6.jpg,5045556895972_11.jpg",active,Beige,8087419
5045627411353,5045627411353_1.jpg,"5045627411353_1.jpg,5045627411353_2.jpg,5045627411353_3.jpg,5045627411353_4.jpg,5045627411353_5.jpg,5045627411353_6.jpg,5045627411353_7.jpg,5045627411353_8.jpg,5045627411353_9.jpg,5045627411353_11.jpg",active,Black,8089354
5045627411384,5045627411353_1.jpg,"5045627411353_1.jpg,5045627411353_2.jpg,5045627411353_3.jpg,5045627411353_4.jpg,5045627411353_5.jpg,5045627411353_6.jpg,5045627411353_7.jpg,5045627411353_8.jpg,5045627411353_9.jpg,5045627411353_11.jpg",active,Black,8089354
5045627411414,5045627411353_1.jpg,"5045627411353_1.jpg,5045627411353_2.jpg,5045627411353_3.jpg,5045627411353_4.jpg,5045627411353_5.jpg,5045627411353_6.jpg,5045627411353_7.jpg,5045627411353_8.jpg,5045627411353_9.jpg,5045627411353_11.jpg",active,Black,8089354
5045627411445,5045627411353_1.jpg,"5045627411353_1.jpg,5045627411353_2.jpg,5045627411353_3.jpg,5045627411353_4.jpg,5045627411353_5.jpg,5045627411353_6.jpg,5045627411353_7.jpg,5045627411353_8.jpg,5045627411353_9.jpg,5045627411353_11.jpg",active,Black,8089354
5045627411568,5045627411353_1.jpg,"5045627411353_1.jpg,5045627411353_2.jpg,5045627411353_3.jpg,5045627411353_4.jpg,5045627411353_5.jpg,5045627411353_6.jpg,5045627411353_7.jpg,5045627411353_8.jpg,5045627411353_9.jpg,5045627411353_11.jpg",active,Black,8089354
5045627411599,5045627411353_1.jpg,"5045627411353_1.jpg,5045627411353_2.jpg,5045627411353_3.jpg,5045627411353_4.jpg,5045627411353_5.jpg,5045627411353_6.jpg,5045627411353_7.jpg,5045627411353_8.jpg,5045627411353_9.jpg,5045627411353_11.jpg",active,Black,8089354
5045627411629,5045627411353_1.jpg,"5045627411353_1.jpg,5045627411353_2.jpg,5045627411353_3.jpg,5045627411353_4.jpg,5045627411353_5.jpg,5045627411353_6.jpg,5045627411353_7.jpg,5045627411353_8.jpg,5045627411353_9.jpg,5045627411353_11.jpg",active,Black,8089354
5045627411650,5045627411353_1.jpg,"5045627411353_1.jpg,5045627411353_2.jpg,5045627411353_3.jpg,5045627411353_4.jpg,5045627411353_5.jpg,5045627411353_6.jpg,5045627411353_7.jpg,5045627411353_8.jpg,5045627411353_9.jpg,5045627411353_11.jpg",active,Black,8089354
5045627411681,5045627411353_1.jpg,"5045627411353_1.jpg,5045627411353_2.jpg,5045627411353_3.jpg,5045627411353_4.jpg,5045627411353_5.jpg,5045627411353_6.jpg,5045627411353_7.jpg,5045627411353_8.jpg,5045627411353_9.jpg,5045627411353_11.jpg",active,Black,8089354
5045623609228,5045623609228_1.jpg,"5045623609228_1.jpg,5045623609228_2.jpg,5045623609228_3.jpg,5045623609228_4.jpg,5045623609228_5.jpg,5045623609228_11.jpg",inactive,Brown,8087373
5045623609259,5045623609228_1.jpg,"5045623609228_1.jpg,5045623609228_2.jpg,5045623609228_3.jpg,5045623609228_4.jpg,5045623609228_5.jpg,5045623609228_11.jpg",inactive,Brown,8087373
5045623609280,5045623609228_1.jpg,"5045623609228_1.jpg,5045623609228_2.jpg,5045623609228_3.jpg,5045623609228_4.jpg,5045623609228_5.jpg,5045623609228_11.jpg",inactive,Brown,8087373
5045623609310,5045623609228_1.jpg,"5045623609228_1.jpg,5045623609228_2.jpg,5045623609228_3.jpg,5045623609228_4.jpg,5045623609228_5.jpg,5045623609228_11.jpg",inactive,Brown,8087373
5045623609341,5045623609228_1.jpg,"5045623609228_1.jpg,5045623609228_2.jpg,5045623609228_3.jpg,5045623609228_4.jpg,5045623609228_5.jpg,5045623609228_11.jpg",inactive,Brown,8087373
5045623609372,5045623609228_1.jpg,"5045623609228_1.jpg,5045623609228_2.jpg,5045623609228_3.jpg,5045623609228_4.jpg,5045623609228_5.jpg,5045623609228_11.jpg",inactive,Brown,8087373
5045623609402,5045623609228_1.jpg,"5045623609228_1.jpg,5045623609228_2.jpg,5045623609228_3.jpg,5045623609228_4.jpg,5045623609228_5.jpg,5045623609228_11.jpg",inactive,Brown,8087373
5045623609433,5045623609228_1.jpg,"5045623609228_1.jpg,5045623609228_2.jpg,5045623609228_3.jpg,5045623609228_4.jpg,5045623609228_5.jpg,5045623609228_11.jpg",inactive,Brown,8087373
5045623609464,5045623609228_1.jpg,"5045623609228_1.jpg,5045623609228_2.jpg,5045623609228_3.jpg,5045623609228_4.jpg,5045623609228_5.jpg,5045623609228_11.jpg",inactive,Brown,8087373
5045623609495,5045623609228_1.jpg,"5045623609228_1.jpg,5045623609228_2.jpg,5045623609228_3.jpg,5045623609228_4.jpg,5045623609228_5.jpg,5045623609228_11.jpg",inactive,Brown,8087373
5045620908652,5045620908652_1.jpg,"5045620908652_1.jpg,5045620908652_2.jpg,5045620908652_3.jpg,5045620908652_4.jpg,5045620908652_5.jpg,5045620908652_6.jpg,5045620908652_11.jpg",inactive,Beige,8087567
5045620908683,5045620908652_1.jpg,"5045620908652_1.jpg,5045620908652_2.jpg,5045620908652_3.jpg,5045620908652_4.jpg,5045620908652_5.jpg,5045620908652_6.jpg,5045620908652_11.jpg",inactive,Beige,8087567
5045620908713,5045620908652_1.jpg,"5045620908652_1.jpg,5045620908652_2.jpg,5045620908652_3.jpg,5045620908652_4.jpg,5045620908652_5.jpg,5045620908652_6.jpg,5045620908652_11.jpg",inactive,Beige,8087567
5045620908744,5045620908652_1.jpg,"5045620908652_1.jpg,5045620908652_2.jpg,5045620908652_3.jpg,5045620908652_4.jpg,5045620908652_5.jpg,5045620908652_6.jpg,5045620908652_11.jpg",inactive,Beige,8087567
5045620908775,5045620908652_1.jpg,"5045620908652_1.jpg,5045620908652_2.jpg,5045620908652_3.jpg,5045620908652_4.jpg,5045620908652_5.jpg,5045620908652_6.jpg,5045620908652_11.jpg",inactive,Beige,8087567
5045620908805,5045620908652_1.jpg,"5045620908652_1.jpg,5045620908652_2.jpg,5045620908652_3.jpg,5045620908652_4.jpg,5045620908652_5.jpg,5045620908652_6.jpg,5045620908652_11.jpg",inactive,Beige,8087567
5045620908836,5045620908652_1.jpg,"5045620908652_1.jpg,5045620908652_2.jpg,5045620908652_3.jpg,5045620908652_4.jpg,5045620908652_5.jpg,5045620908652_6.jpg,5045620908652_11.jpg",inactive,Beige,8087567
5045620908867,5045620908652_1.jpg,"5045620908652_1.jpg,5045620908652_2.jpg,5045620908652_3.jpg,5045620908652_4.jpg,5045620908652_5.jpg,5045620908652_6.jpg,5045620908652_11.jpg",inactive,Beige,8087567
5045620908898,5045620908652_1.jpg,"5045620908652_1.jpg,5045620908652_2.jpg,5045620908652_3.jpg,5045620908652_4.jpg,5045620908652_5.jpg,5045620908652_6.jpg,5045620908652_11.jpg",inactive,Beige,8087567
5045620908928,5045620908652_1.jpg,"5045620908652_1.jpg,5045620908652_2.jpg,5045620908652_3.jpg,5045620908652_4.jpg,5045620908652_5.jpg,5045620908652_6.jpg,5045620908652_11.jpg",inactive,Beige,8087567
5045620908959,5045620908652_1.jpg,"5045620908652_1.jpg,5045620908652_2.jpg,5045620908652_3.jpg,5045620908652_4.jpg,5045620908652_5.jpg,5045620908652_6.jpg,5045620908652_11.jpg",inactive,Beige,8087567
5045620908980,5045620908652_1.jpg,"5045620908652_1.jpg,5045620908652_2.jpg,5045620908652_3.jpg,5045620908652_4.jpg,5045620908652_5.jpg,5045620908652_6.jpg,5045620908652_11.jpg",inactive,Beige,8087567
5045620909017,5045620908652_1.jpg,"5045620908652_1.jpg,5045620908652_2.jpg,5045620908652_3.jpg,5045620908652_4.jpg,5045620908652_5.jpg,5045620908652_6.jpg,5045620908652_11.jpg",inactive,Beige,8087567
5045625335637,5045625335637_1.jpg,"5045625335637_1.jpg,5045625335637_2.jpg,5045625335637_3.jpg,5045625335637_4.jpg,5045625335637_5.jpg,5045625335637_11.jpg",active,Blue,8087355
5045625335668,5045625335637_1.jpg,"5045625335637_1.jpg,5045625335637_2.jpg,5045625335637_3.jpg,5045625335637_4.jpg,5045625335637_5.jpg,5045625335637_11.jpg",active,Blue,8087355
5045625335699,5045625335637_1.jpg,"5045625335637_1.jpg,5045625335637_2.jpg,5045625335637_3.jpg,5045625335637_4.jpg,5045625335637_5.jpg,5045625335637_11.jpg",active,Blue,8087355
5045625335729,5045625335637_1.jpg,"5045625335637_1.jpg,5045625335637_2.jpg,5045625335637_3.jpg,5045625335637_4.jpg,5045625335637_5.jpg,5045625335637_11.jpg",active,Blue,8087355
5045625335750,5045625335637_1.jpg,"5045625335637_1.jpg,5045625335637_2.jpg,5045625335637_3.jpg,5045625335637_4.jpg,5045625335637_5.jpg,5045625335637_11.jpg",active,Blue,8087355
5045625335781,5045625335637_1.jpg,"5045625335637_1.jpg,5045625335637_2.jpg,5045625335637_3.jpg,5045625335637_4.jpg,5045625335637_5.jpg,5045625335637_11.jpg",active,Blue,8087355
5045625335811,5045625335637_1.jpg,"5045625335637_1.jpg,5045625335637_2.jpg,5045625335637_3.jpg,5045625335637_4.jpg,5045625335637_5.jpg,5045625335637_11.jpg",active,Blue,8087355
5045625335842,5045625335637_1.jpg,"5045625335637_1.jpg,5045625335637_2.jpg,5045625335637_3.jpg,5045625335637_4.jpg,5045625335637_5.jpg,5045625335637_11.jpg",active,Blue,8087355
5045627415962,5045627415962_1.jpg,"5045627415962_1.jpg,5045627415962_2.jpg,5045627415962_3.jpg,5045627415962_4.jpg,5045627415962_5.jpg,5045627415962_6.jpg,5045627415962_11.jpg",active,Pink,8089285
5045622053275,5045622053275_1.jpg,"5045622053275_1.jpg,5045622053275_2.jpg,5045622053275_3.jpg,5045622053275_4.jpg,5045622053275_5.jpg,5045622053275_11.jpg",active,Beige,8089344
5045625996012,5045625996012_1.jpg,"5045625996012_1.jpg,5045625996012_2.jpg,5045625996012_3.jpg,5045625996012_4.jpg,5045625996012_5.jpg,5045625996012_6.jpg,5045625996012_7.jpg,5045625996012_11.jpg",active,Brown,8089478
5045625996043,5045625996012_1.jpg,"5045625996012_1.jpg,5045625996012_2.jpg,5045625996012_3.jpg,5045625996012_4.jpg,5045625996012_5.jpg,5045625996012_6.jpg,5045625996012_7.jpg,5045625996012_11.jpg",active,Brown,8089478
5045625996074,5045625996012_1.jpg,"5045625996012_1.jpg,5045625996012_2.jpg,5045625996012_3.jpg,5045625996012_4.jpg,5045625996012_5.jpg,5045625996012_6.jpg,5045625996012_7.jpg,5045625996012_11.jpg",active,Brown,8089478
5045625996104,5045625996012_1.jpg,"5045625996012_1.jpg,5045625996012_2.jpg,5045625996012_3.jpg,5045625996012_4.jpg,5045625996012_5.jpg,5045625996012_6.jpg,5045625996012_7.jpg,5045625996012_11.jpg",active,Brown,8089478
5045625996135,5045625996012_1.jpg,"5045625996012_1.jpg,5045625996012_2.jpg,5045625996012_3.jpg,5045625996012_4.jpg,5045625996012_5.jpg,5045625996012_6.jpg,5045625996012_7.jpg,5045625996012_11.jpg",active,Brown,8089478
5045625996166,5045625996012_1.jpg,"5045625996012_1.jpg,5045625996012_2.jpg,5045625996012_3.jpg,5045625996012_4.jpg,5045625996012_5.jpg,5045625996012_6.jpg,5045625996012_7.jpg,5045625996012_11.jpg",active,Brown,8089478
5045625996197,5045625996012_1.jpg,"5045625996012_1.jpg,5045625996012_2.jpg,5045625996012_3.jpg,5045625996012_4.jpg,5045625996012_5.jpg,5045625996012_6.jpg,5045625996012_7.jpg,5045625996012_11.jpg",active,Brown,8089478
5045627405352,5045627405352_1.jpg,"5045627405352_1.jpg,5045627405352_2.jpg,5045627405352_3.jpg,5045627405352_4.jpg,5045627405352_5.jpg,5045627405352_11.jpg",active,Black,8089318
5045627364871,5045627364871_1.jpg,"5045627364871_1.jpg,5045627364871_2.jpg,5045627364871_3.jpg,5045627364871_4.jpg,5045627364871_5.jpg,5045627364871_6.jpg,5045627364871_11.jpg",active,Miscellaneous,8089392
5045626086972,5045626086972_1.jpg,"5045626086972_1.jpg,5045626086972_2.jpg,5045626086972_3.jpg,5045626086972_4.jpg,5045626086972_5.jpg,5045626086972_6.jpg,5045626086972_11.jpg",active,Black,8087426
5045626087009,5045626086972_1.jpg,"5045626086972_1.jpg,5045626086972_2.jpg,5045626086972_3.jpg,5045626086972_4.jpg,5045626086972_5.jpg,5045626086972_6.jpg,5045626086972_11.jpg",active,Black,8087426
5045626087030,5045626086972_1.jpg,"5045626086972_1.jpg,5045626086972_2.jpg,5045626086972_3.jpg,5045626086972_4.jpg,5045626086972_5.jpg,5045626086972_6.jpg,5045626086972_11.jpg",active,Black,8087426
5045626087061,5045626086972_1.jpg,"5045626086972_1.jpg,5045626086972_2.jpg,5045626086972_3.jpg,5045626086972_4.jpg,5045626086972_5.jpg,5045626086972_6.jpg,5045626086972_11.jpg",active,Black,8087426
5045626087092,5045626086972_1.jpg,"5045626086972_1.jpg,5045626086972_2.jpg,5045626086972_3.jpg,5045626086972_4.jpg,5045626086972_5.jpg,5045626086972_6.jpg,5045626086972_11.jpg",active,Black,8087426
5045626087122,5045626086972_1.jpg,"5045626086972_1.jpg,5045626086972_2.jpg,5045626086972_3.jpg,5045626086972_4.jpg,5045626086972_5.jpg,5045626086972_6.jpg,5045626086972_11.jpg",active,Black,8087426
5045626087153,5045626086972_1.jpg,"5045626086972_1.jpg,5045626086972_2.jpg,5045626086972_3.jpg,5045626086972_4.jpg,5045626086972_5.jpg,5045626086972_6.jpg,5045626086972_11.jpg",active,Black,8087426
5045626878416,5045626878416_1.jpg,"5045626878416_1.jpg,5045626878416_2.jpg,5045626878416_3.jpg,5045626878416_4.jpg,5045626878416_5.jpg,5045626878416_6.jpg,5045626878416_7.jpg,5045626878416_11.jpg",active,Pink,8087544
5045626878447,5045626878416_1.jpg,"5045626878416_1.jpg,5045626878416_2.jpg,5045626878416_3.jpg,5045626878416_4.jpg,5045626878416_5.jpg,5045626878416_6.jpg,5045626878416_7.jpg,5045626878416_11.jpg",active,Pink,8087544
5045626878478,5045626878416_1.jpg,"5045626878416_1.jpg,5045626878416_2.jpg,5045626878416_3.jpg,5045626878416_4.jpg,5045626878416_5.jpg,5045626878416_6.jpg,5045626878416_7.jpg,5045626878416_11.jpg",active,Pink,8087544
5045626878508,5045626878416_1.jpg,"5045626878416_1.jpg,5045626878416_2.jpg,5045626878416_3.jpg,5045626878416_4.jpg,5045626878416_5.jpg,5045626878416_6.jpg,5045626878416_7.jpg,5045626878416_11.jpg",active,Pink,8087544
5045626878539,5045626878416_1.jpg,"5045626878416_1.jpg,5045626878416_2.jpg,5045626878416_3.jpg,5045626878416_4.jpg,5045626878416_5.jpg,5045626878416_6.jpg,5045626878416_7.jpg,5045626878416_11.jpg",active,Pink,8087544
5045626878560,5045626878416_1.jpg,"5045626878416_1.jpg,5045626878416_2.jpg,5045626878416_3.jpg,5045626878416_4.jpg,5045626878416_5.jpg,5045626878416_6.jpg,5045626878416_7.jpg,5045626878416_11.jpg",active,Pink,8087544
5045626878591,5045626878416_1.jpg,"5045626878416_1.jpg,5045626878416_2.jpg,5045626878416_3.jpg,5045626878416_4.jpg,5045626878416_5.jpg,5045626878416_6.jpg,5045626878416_7.jpg,5045626878416_11.jpg",active,Pink,8087544
5045626878621,5045626878416_1.jpg,"5045626878416_1.jpg,5045626878416_2.jpg,5045626878416_3.jpg,5045626878416_4.jpg,5045626878416_5.jpg,5045626878416_6.jpg,5045626878416_7.jpg,5045626878416_11.jpg",active,Pink,8087544
5045626878652,5045626878416_1.jpg,"5045626878416_1.jpg,5045626878416_2.jpg,5045626878416_3.jpg,5045626878416_4.jpg,5045626878416_5.jpg,5045626878416_6.jpg,5045626878416_7.jpg,5045626878416_11.jpg",active,Pink,8087544
5045626878683,5045626878416_1.jpg,"5045626878416_1.jpg,5045626878416_2.jpg,5045626878416_3.jpg,5045626878416_4.jpg,5045626878416_5.jpg,5045626878416_6.jpg,5045626878416_7.jpg,5045626878416_11.jpg",active,Pink,8087544
5045625205787,5045625205787_1.jpg,"5045625205787_1.jpg,5045625205787_2.jpg,5045625205787_3.jpg,5045625205787_4.jpg,5045625205787_5.jpg,5045625205787_6.jpg,5045625205787_7.jpg,5045625205787_8.jpg,5045625205787_11.jpg",inactive,Green,8089467
5045620991111,5045620991111_1.jpg,"5045620991111_1.jpg,5045620991111_2.jpg,5045620991111_3.jpg,5045620991111_4.jpg,5045620991111_5.jpg,5045620991111_6.jpg,5045620991111_7.jpg,5045620991111_11.jpg",active,Grey,8087465
5045620991173,5045620991111_1.jpg,"5045620991111_1.jpg,5045620991111_2.jpg,5045620991111_3.jpg,5045620991111_4.jpg,5045620991111_5.jpg,5045620991111_6.jpg,5045620991111_7.jpg,5045620991111_11.jpg",active,Grey,8087465
5045620991234,5045620991111_1.jpg,"5045620991111_1.jpg,5045620991111_2.jpg,5045620991111_3.jpg,5045620991111_4.jpg,5045620991111_5.jpg,5045620991111_6.jpg,5045620991111_7.jpg,5045620991111_11.jpg",active,Grey,8087465
5045620991296,5045620991111_1.jpg,"5045620991111_1.jpg,5045620991111_2.jpg,5045620991111_3.jpg,5045620991111_4.jpg,5045620991111_5.jpg,5045620991111_6.jpg,5045620991111_7.jpg,5045620991111_11.jpg",active,Grey,8087465
5045620991357,5045620991111_1.jpg,"5045620991111_1.jpg,5045620991111_2.jpg,5045620991111_3.jpg,5045620991111_4.jpg,5045620991111_5.jpg,5045620991111_6.jpg,5045620991111_7.jpg,5045620991111_11.jpg",active,Grey,8087465
5045620991418,5045620991111_1.jpg,"5045620991111_1.jpg,5045620991111_2.jpg,5045620991111_3.jpg,5045620991111_4.jpg,5045620991111_5.jpg,5045620991111_6.jpg,5045620991111_7.jpg,5045620991111_11.jpg",active,Grey,8087465
5045620991470,5045620991111_1.jpg,"5045620991111_1.jpg,5045620991111_2.jpg,5045620991111_3.jpg,5045620991111_4.jpg,5045620991111_5.jpg,5045620991111_6.jpg,5045620991111_7.jpg,5045620991111_11.jpg",active,Grey,8087465
5045626967035,5045626967035_1.jpg,"5045626967035_1.jpg,5045626967035_2.jpg,5045626967035_3.jpg,5045626967035_4.jpg,5045626967035_5.jpg,5045626967035_11.jpg",active,Beige,8089225
5045626967066,5045626967035_1.jpg,"5045626967035_1.jpg,5045626967035_2.jpg,5045626967035_3.jpg,5045626967035_4.jpg,5045626967035_5.jpg,5045626967035_11.jpg",active,Beige,8089225
5045626967097,5045626967035_1.jpg,"5045626967035_1.jpg,5045626967035_2.jpg,5045626967035_3.jpg,5045626967035_4.jpg,5045626967035_5.jpg,5045626967035_11.jpg",active,Beige,8089225
5045626967127,5045626967035_1.jpg,"5045626967035_1.jpg,5045626967035_2.jpg,5045626967035_3.jpg,5045626967035_4.jpg,5045626967035_5.jpg,5045626967035_11.jpg",active,Beige,8089225
5045626967158,5045626967035_1.jpg,"5045626967035_1.jpg,5045626967035_2.jpg,5045626967035_3.jpg,5045626967035_4.jpg,5045626967035_5.jpg,5045626967035_11.jpg",active,Beige,8089225
5045626967189,5045626967035_1.jpg,"5045626967035_1.jpg,5045626967035_2.jpg,5045626967035_3.jpg,5045626967035_4.jpg,5045626967035_5.jpg,5045626967035_11.jpg",active,Beige,8089225
5045626967219,5045626967035_1.jpg,"5045626967035_1.jpg,5045626967035_2.jpg,5045626967035_3.jpg,5045626967035_4.jpg,5045626967035_5.jpg,5045626967035_11.jpg",active,Beige,8089225
5045625904338,5045625904338_1.jpg,"5045625904338_1.jpg,5045625904338_2.jpg,5045625904338_3.jpg,5045625904338_4.jpg,5045625904338_5.jpg,5045625904338_11.jpg",active,Beige,8089244
5045625904369,5045625904338_1.jpg,"5045625904338_1.jpg,5045625904338_2.jpg,5045625904338_3.jpg,5045625904338_4.jpg,5045625904338_5.jpg,5045625904338_11.jpg",active,Beige,8089244
5045625904390,5045625904338_1.jpg,"5045625904338_1.jpg,5045625904338_2.jpg,5045625904338_3.jpg,5045625904338_4.jpg,5045625904338_5.jpg,5045625904338_11.jpg",active,Beige,8089244
5045625904420,5045625904338_1.jpg,"5045625904338_1.jpg,5045625904338_2.jpg,5045625904338_3.jpg,5045625904338_4.jpg,5045625904338_5.jpg,5045625904338_11.jpg",active,Beige,8089244
5045625904451,5045625904338_1.jpg,"5045625904338_1.jpg,5045625904338_2.jpg,5045625904338_3.jpg,5045625904338_4.jpg,5045625904338_5.jpg,5045625904338_11.jpg",active,Beige,8089244
5045625904482,5045625904338_1.jpg,"5045625904338_1.jpg,5045625904338_2.jpg,5045625904338_3.jpg,5045625904338_4.jpg,5045625904338_5.jpg,5045625904338_11.jpg",active,Beige,8089244
5045625904512,5045625904338_1.jpg,"5045625904338_1.jpg,5045625904338_2.jpg,5045625904338_3.jpg,5045625904338_4.jpg,5045625904338_5.jpg,5045625904338_11.jpg",active,Beige,8089244
5045625925524,5045625925524_1.jpg,"5045625925524_1.jpg,5045625925524_2.jpg,5045625925524_3.jpg,5045625925524_4.jpg,5045625925524_5.jpg,5045625925524_11.jpg",active,Black,8087357
5045625925555,5045625925524_1.jpg,"5045625925524_1.jpg,5045625925524_2.jpg,5045625925524_3.jpg,5045625925524_4.jpg,5045625925524_5.jpg,5045625925524_11.jpg",active,Black,8087357
5045625925586,5045625925524_1.jpg,"5045625925524_1.jpg,5045625925524_2.jpg,5045625925524_3.jpg,5045625925524_4.jpg,5045625925524_5.jpg,5045625925524_11.jpg",active,Black,8087357
5045625925616,5045625925524_1.jpg,"5045625925524_1.jpg,5045625925524_2.jpg,5045625925524_3.jpg,5045625925524_4.jpg,5045625925524_5.jpg,5045625925524_11.jpg",active,Black,8087357
5045625925647,5045625925524_1.jpg,"5045625925524_1.jpg,5045625925524_2.jpg,5045625925524_3.jpg,5045625925524_4.jpg,5045625925524_5.jpg,5045625925524_11.jpg",active,Black,8087357
5045625925678,5045625925524_1.jpg,"5045625925524_1.jpg,5045625925524_2.jpg,5045625925524_3.jpg,5045625925524_4.jpg,5045625925524_5.jpg,5045625925524_11.jpg",active,Black,8087357
5045625925708,5045625925524_1.jpg,"5045625925524_1.jpg,5045625925524_2.jpg,5045625925524_3.jpg,5045625925524_4.jpg,5045625925524_5.jpg,5045625925524_11.jpg",active,Black,8087357
5045625925739,5045625925524_1.jpg,"5045625925524_1.jpg,5045625925524_2.jpg,5045625925524_3.jpg,5045625925524_4.jpg,5045625925524_5.jpg,5045625925524_11.jpg",active,Black,8087357
5045626333724,5045626333724_1.jpg,"5045626333724_1.jpg,5045626333724_2.jpg,5045626333724_3.jpg,5045626333724_4.jpg,5045626333724_5.jpg,5045626333724_6.jpg,5045626333724_7.jpg,5045626333724_8.jpg,5045626333724_11.jpg",active,Beige,8087507
5045626333755,5045626333724_1.jpg,"5045626333724_1.jpg,5045626333724_2.jpg,5045626333724_3.jpg,5045626333724_4.jpg,5045626333724_5.jpg,5045626333724_6.jpg,5045626333724_7.jpg,5045626333724_8.jpg,5045626333724_11.jpg",active,Beige,8087507
5045626333786,5045626333724_1.jpg,"5045626333724_1.jpg,5045626333724_2.jpg,5045626333724_3.jpg,5045626333724_4.jpg,5045626333724_5.jpg,5045626333724_6.jpg,5045626333724_7.jpg,5045626333724_8.jpg,5045626333724_11.jpg",active,Beige,8087507
5045626333816,5045626333724_1.jpg,"5045626333724_1.jpg,5045626333724_2.jpg,5045626333724_3.jpg,5045626333724_4.jpg,5045626333724_5.jpg,5045626333724_6.jpg,5045626333724_7.jpg,5045626333724_8.jpg,5045626333724_11.jpg",active,Beige,8087507
5045626333847,5045626333724_1.jpg,"5045626333724_1.jpg,5045626333724_2.jpg,5045626333724_3.jpg,5045626333724_4.jpg,5045626333724_5.jpg,5045626333724_6.jpg,5045626333724_7.jpg,5045626333724_8.jpg,5045626333724_11.jpg",active,Beige,8087507
5045626333878,5045626333724_1.jpg,"5045626333724_1.jpg,5045626333724_2.jpg,5045626333724_3.jpg,5045626333724_4.jpg,5045626333724_5.jpg,5045626333724_6.jpg,5045626333724_7.jpg,5045626333724_8.jpg,5045626333724_11.jpg",active,Beige,8087507
5045626333908,5045626333724_1.jpg,"5045626333724_1.jpg,5045626333724_2.jpg,5045626333724_3.jpg,5045626333724_4.jpg,5045626333724_5.jpg,5045626333724_6.jpg,5045626333724_7.jpg,5045626333724_8.jpg,5045626333724_11.jpg",active,Beige,8087507
5045627652138,5045627652138_1.jpg,"5045627652138_1.jpg,5045627652138_2.jpg,5045627652138_3.jpg,5045627652138_4.jpg,5045627652138_5.jpg,5045627652138_6.jpg,5045627652138_11.jpg",active,Grey,8087434
5045627652169,5045627652138_1.jpg,"5045627652138_1.jpg,5045627652138_2.jpg,5045627652138_3.jpg,5045627652138_4.jpg,5045627652138_5.jpg,5045627652138_6.jpg,5045627652138_11.jpg",active,Grey,8087434
5045627652190,5045627652138_1.jpg,"5045627652138_1.jpg,5045627652138_2.jpg,5045627652138_3.jpg,5045627652138_4.jpg,5045627652138_5.jpg,5045627652138_6.jpg,5045627652138_11.jpg",active,Grey,8087434
5045627652220,5045627652138_1.jpg,"5045627652138_1.jpg,5045627652138_2.jpg,5045627652138_3.jpg,5045627652138_4.jpg,5045627652138_5.jpg,5045627652138_6.jpg,5045627652138_11.jpg",active,Grey,8087434
5045627652251,5045627652138_1.jpg,"5045627652138_1.jpg,5045627652138_2.jpg,5045627652138_3.jpg,5045627652138_4.jpg,5045627652138_5.jpg,5045627652138_6.jpg,5045627652138_11.jpg",active,Grey,8087434
5045627652282,5045627652138_1.jpg,"5045627652138_1.jpg,5045627652138_2.jpg,5045627652138_3.jpg,5045627652138_4.jpg,5045627652138_5.jpg,5045627652138_6.jpg,5045627652138_11.jpg",active,Grey,8087434
5045627652312,5045627652138_1.jpg,"5045627652138_1.jpg,5045627652138_2.jpg,5045627652138_3.jpg,5045627652138_4.jpg,5045627652138_5.jpg,5045627652138_6.jpg,5045627652138_11.jpg",active,Grey,8087434
5045627652374,5045627652138_1.jpg,"5045627652138_1.jpg,5045627652138_2.jpg,5045627652138_3.jpg,5045627652138_4.jpg,5045627652138_5.jpg,5045627652138_6.jpg,5045627652138_11.jpg",active,Grey,8087434
5045627651322,5045627651322_1.jpg,"5045627651322_1.jpg,5045627651322_2.jpg,5045627651322_3.jpg,5045627651322_4.jpg,5045627651322_5.jpg,5045627651322_11.jpg",active,Brown,8087517
5045627651353,5045627651322_1.jpg,"5045627651322_1.jpg,5045627651322_2.jpg,5045627651322_3.jpg,5045627651322_4.jpg,5045627651322_5.jpg,5045627651322_11.jpg",active,Brown,8087517
5045627651384,5045627651322_1.jpg,"5045627651322_1.jpg,5045627651322_2.jpg,5045627651322_3.jpg,5045627651322_4.jpg,5045627651322_5.jpg,5045627651322_11.jpg",active,Brown,8087517
5045627651414,5045627651322_1.jpg,"5045627651322_1.jpg,5045627651322_2.jpg,5045627651322_3.jpg,5045627651322_4.jpg,5045627651322_5.jpg,5045627651322_11.jpg",active,Brown,8087517
5045627651445,5045627651322_1.jpg,"5045627651322_1.jpg,5045627651322_2.jpg,5045627651322_3.jpg,5045627651322_4.jpg,5045627651322_5.jpg,5045627651322_11.jpg",active,Brown,8087517
5045627651476,5045627651322_1.jpg,"5045627651322_1.jpg,5045627651322_2.jpg,5045627651322_3.jpg,5045627651322_4.jpg,5045627651322_5.jpg,5045627651322_11.jpg",active,Brown,8087517
5045627651506,5045627651322_1.jpg,"5045627651322_1.jpg,5045627651322_2.jpg,5045627651322_3.jpg,5045627651322_4.jpg,5045627651322_5.jpg,5045627651322_11.jpg",active,Brown,8087517
5045627651537,5045627651322_1.jpg,"5045627651322_1.jpg,5045627651322_2.jpg,5045627651322_3.jpg,5045627651322_4.jpg,5045627651322_5.jpg,5045627651322_11.jpg",active,Brown,8087517
5045626162201,5045626162201_1.jpg,"5045626162201_1.jpg,5045626162201_2.jpg,5045626162201_3.jpg,5045626162201_4.jpg,5045626162201_5.jpg,5045626162201_11.jpg",active,White,8087391
5045626162232,5045626162201_1.jpg,"5045626162201_1.jpg,5045626162201_2.jpg,5045626162201_3.jpg,5045626162201_4.jpg,5045626162201_5.jpg,5045626162201_11.jpg",active,White,8087391
5045626162263,5045626162201_1.jpg,"5045626162201_1.jpg,5045626162201_2.jpg,5045626162201_3.jpg,5045626162201_4.jpg,5045626162201_5.jpg,5045626162201_11.jpg",active,White,8087391
5045626162294,5045626162201_1.jpg,"5045626162201_1.jpg,5045626162201_2.jpg,5045626162201_3.jpg,5045626162201_4.jpg,5045626162201_5.jpg,5045626162201_11.jpg",active,White,8087391
5045626162324,5045626162201_1.jpg,"5045626162201_1.jpg,5045626162201_2.jpg,5045626162201_3.jpg,5045626162201_4.jpg,5045626162201_5.jpg,5045626162201_11.jpg",active,White,8087391
5045626162355,5045626162201_1.jpg,"5045626162201_1.jpg,5045626162201_2.jpg,5045626162201_3.jpg,5045626162201_4.jpg,5045626162201_5.jpg,5045626162201_11.jpg",active,White,8087391
5045626162386,5045626162201_1.jpg,"5045626162201_1.jpg,5045626162201_2.jpg,5045626162201_3.jpg,5045626162201_4.jpg,5045626162201_5.jpg,5045626162201_11.jpg",active,White,8087391
5045626162416,5045626162201_1.jpg,"5045626162201_1.jpg,5045626162201_2.jpg,5045626162201_3.jpg,5045626162201_4.jpg,5045626162201_5.jpg,5045626162201_11.jpg",active,White,8087391
5045624702706,5045624702706_1.jpg,"5045624702706_1.jpg,5045624702706_2.jpg,5045624702706_3.jpg,5045624702706_4.jpg,5045624702706_5.jpg,5045624702706_6.jpg,5045624702706_11.jpg",active,Beige,8087586
5045624702737,5045624702706_1.jpg,"5045624702706_1.jpg,5045624702706_2.jpg,5045624702706_3.jpg,5045624702706_4.jpg,5045624702706_5.jpg,5045624702706_6.jpg,5045624702706_11.jpg",active,Beige,8087586
5045624702768,5045624702706_1.jpg,"5045624702706_1.jpg,5045624702706_2.jpg,5045624702706_3.jpg,5045624702706_4.jpg,5045624702706_5.jpg,5045624702706_6.jpg,5045624702706_11.jpg",active,Beige,8087586
5045624702799,5045624702706_1.jpg,"5045624702706_1.jpg,5045624702706_2.jpg,5045624702706_3.jpg,5045624702706_4.jpg,5045624702706_5.jpg,5045624702706_6.jpg,5045624702706_11.jpg",active,Beige,8087586
5045624702829,5045624702706_1.jpg,"5045624702706_1.jpg,5045624702706_2.jpg,5045624702706_3.jpg,5045624702706_4.jpg,5045624702706_5.jpg,5045624702706_6.jpg,5045624702706_11.jpg",active,Beige,8087586
5045624702850,5045624702706_1.jpg,"5045624702706_1.jpg,5045624702706_2.jpg,5045624702706_3.jpg,5045624702706_4.jpg,5045624702706_5.jpg,5045624702706_6.jpg,5045624702706_11.jpg",active,Beige,8087586
5045624702881,5045624702706_1.jpg,"5045624702706_1.jpg,5045624702706_2.jpg,5045624702706_3.jpg,5045624702706_4.jpg,5045624702706_5.jpg,5045624702706_6.jpg,5045624702706_11.jpg",active,Beige,8087586
5045624702911,5045624702706_1.jpg,"5045624702706_1.jpg,5045624702706_2.jpg,5045624702706_3.jpg,5045624702706_4.jpg,5045624702706_5.jpg,5045624702706_6.jpg,5045624702706_11.jpg",active,Beige,8087586
5045624702942,5045624702706_1.jpg,"5045624702706_1.jpg,5045624702706_2.jpg,5045624702706_3.jpg,5045624702706_4.jpg,5045624702706_5.jpg,5045624702706_6.jpg,5045624702706_11.jpg",active,Beige,8087586
5045624702973,5045624702706_1.jpg,"5045624702706_1.jpg,5045624702706_2.jpg,5045624702706_3.jpg,5045624702706_4.jpg,5045624702706_5.jpg,5045624702706_6.jpg,5045624702706_11.jpg",active,Beige,8087586
5045624703000,5045624702706_1.jpg,"5045624702706_1.jpg,5045624702706_2.jpg,5045624702706_3.jpg,5045624702706_4.jpg,5045624702706_5.jpg,5045624702706_6.jpg,5045624702706_11.jpg",active,Beige,8087586
5045624703031,5045624702706_1.jpg,"5045624702706_1.jpg,5045624702706_2.jpg,5045624702706_3.jpg,5045624702706_4.jpg,5045624702706_5.jpg,5045624702706_6.jpg,5045624702706_11.jpg",active,Beige,8087586
5045624703062,5045624702706_1.jpg,"5045624702706_1.jpg,5045624702706_2.jpg,5045624702706_3.jpg,5045624702706_4.jpg,5045624702706_5.jpg,5045624702706_6.jpg,5045624702706_11.jpg",active,Beige,8087586
5045624703093,5045624702706_1.jpg,"5045624702706_1.jpg,5045624702706_2.jpg,5045624702706_3.jpg,5045624702706_4.jpg,5045624702706_5.jpg,5045624702706_6.jpg,5045624702706_11.jpg",active,Beige,8087586
5045624703123,5045624702706_1.jpg,"5045624702706_1.jpg,5045624702706_2.jpg,5045624702706_3.jpg,5045624702706_4.jpg,5045624702706_5.jpg,5045624702706_6.jpg,5045624702706_11.jpg",active,Beige,8087586
5045626423531,5045626423531_1.jpg,"5045626423531_1.jpg,5045626423531_2.jpg,5045626423531_3.jpg,5045626423531_4.jpg,5045626423531_5.jpg,5045626423531_6.jpg,5045626423531_11.jpg",active,Beige,8087580
5045626423562,5045626423531_1.jpg,"5045626423531_1.jpg,5045626423531_2.jpg,5045626423531_3.jpg,5045626423531_4.jpg,5045626423531_5.jpg,5045626423531_6.jpg,5045626423531_11.jpg",active,Beige,8087580
5045626423593,5045626423531_1.jpg,"5045626423531_1.jpg,5045626423531_2.jpg,5045626423531_3.jpg,5045626423531_4.jpg,5045626423531_5.jpg,5045626423531_6.jpg,5045626423531_11.jpg",active,Beige,8087580
5045626423623,5045626423531_1.jpg,"5045626423531_1.jpg,5045626423531_2.jpg,5045626423531_3.jpg,5045626423531_4.jpg,5045626423531_5.jpg,5045626423531_6.jpg,5045626423531_11.jpg",active,Beige,8087580
5045626423654,5045626423531_1.jpg,"5045626423531_1.jpg,5045626423531_2.jpg,5045626423531_3.jpg,5045626423531_4.jpg,5045626423531_5.jpg,5045626423531_6.jpg,5045626423531_11.jpg",active,Beige,8087580
5045626423685,5045626423531_1.jpg,"5045626423531_1.jpg,5045626423531_2.jpg,5045626423531_3.jpg,5045626423531_4.jpg,5045626423531_5.jpg,5045626423531_6.jpg,5045626423531_11.jpg",active,Beige,8087580
5045626423715,5045626423531_1.jpg,"5045626423531_1.jpg,5045626423531_2.jpg,5045626423531_3.jpg,5045626423531_4.jpg,5045626423531_5.jpg,5045626423531_6.jpg,5045626423531_11.jpg",active,Beige,8087580
5045626423746,5045626423531_1.jpg,"5045626423531_1.jpg,5045626423531_2.jpg,5045626423531_3.jpg,5045626423531_4.jpg,5045626423531_5.jpg,5045626423531_6.jpg,5045626423531_11.jpg",active,Beige,8087580
5045626423777,5045626423531_1.jpg,"5045626423531_1.jpg,5045626423531_2.jpg,5045626423531_3.jpg,5045626423531_4.jpg,5045626423531_5.jpg,5045626423531_6.jpg,5045626423531_11.jpg",active,Beige,8087580
5045626423807,5045626423531_1.jpg,"5045626423531_1.jpg,5045626423531_2.jpg,5045626423531_3.jpg,5045626423531_4.jpg,5045626423531_5.jpg,5045626423531_6.jpg,5045626423531_11.jpg",active,Beige,8087580
5045626423838,5045626423531_1.jpg,"5045626423531_1.jpg,5045626423531_2.jpg,5045626423531_3.jpg,5045626423531_4.jpg,5045626423531_5.jpg,5045626423531_6.jpg,5045626423531_11.jpg",active,Beige,8087580
5045626423869,5045626423531_1.jpg,"5045626423531_1.jpg,5045626423531_2.jpg,5045626423531_3.jpg,5045626423531_4.jpg,5045626423531_5.jpg,5045626423531_6.jpg,5045626423531_11.jpg",active,Beige,8087580
5045626423890,5045626423531_1.jpg,"5045626423531_1.jpg,5045626423531_2.jpg,5045626423531_3.jpg,5045626423531_4.jpg,5045626423531_5.jpg,5045626423531_6.jpg,5045626423531_11.jpg",active,Beige,8087580
5045626097824,5045626097824_1.jpg,"5045626097824_1.jpg,5045626097824_2.jpg,5045626097824_3.jpg,5045626097824_4.jpg,5045626097824_5.jpg,5045626097824_6.jpg,5045626097824_7.jpg,5045626097824_8.jpg,5045626097824_11.jpg",active,Beige,8089489
5045627558287,5045627558287_1.jpg,"5045627558287_1.jpg,5045627558287_2.jpg,5045627558287_3.jpg,5045627558287_4.jpg,5045627558287_5.jpg,5045627558287_6.jpg,5045627558287_11.jpg",active,Brown,8087290
5045622868343,5045622868343_1.jpg,"5045622868343_1.jpg,5045622868343_2.jpg,5045622868343_3.jpg,5045622868343_4.jpg,5045622868343_5.jpg,5045622868343_11.jpg",active,Yellow,8089472
5045624470070,5045624470070_1.jpg,"5045624470070_1.jpg,5045624470070_2.jpg,5045624470070_3.jpg,5045624470070_4.jpg,5045624470070_5.jpg,5045624470070_6.jpg,5045624470070_11.jpg",active,Grey,8087395
5045621658969,5045621658969_1.jpg,"5045621658969_1.jpg,5045621658969_2.jpg,5045621658969_3.jpg,5045621658969_4.jpg,5045621658969_5.jpg,5045621658969_6.jpg,5045621658969_7.jpg,5045621658969_11.jpg",active,Black,8087303
5045621658990,5045621658969_1.jpg,"5045621658969_1.jpg,5045621658969_2.jpg,5045621658969_3.jpg,5045621658969_4.jpg,5045621658969_5.jpg,5045621658969_6.jpg,5045621658969_7.jpg,5045621658969_11.jpg",active,Black,8087303
5045621659027,5045621658969_1.jpg,"5045621658969_1.jpg,5045621658969_2.jpg,5045621658969_3.jpg,5045621658969_4.jpg,5045621658969_5.jpg,5045621658969_6.jpg,5045621658969_7.jpg,5045621658969_11.jpg",active,Black,8087303
5045621659058,5045621658969_1.jpg,"5045621658969_1.jpg,5045621658969_2.jpg,5045621658969_3.jpg,5045621658969_4.jpg,5045621658969_5.jpg,5045621658969_6.jpg,5045621658969_7.jpg,5045621658969_11.jpg",active,Black,8087303
5045621659089,5045621658969_1.jpg,"5045621658969_1.jpg,5045621658969_2.jpg,5045621658969_3.jpg,5045621658969_4.jpg,5045621658969_5.jpg,5045621658969_6.jpg,5045621658969_7.jpg,5045621658969_11.jpg",active,Black,8087303
5045621659119,5045621658969_1.jpg,"5045621658969_1.jpg,5045621658969_2.jpg,5045621658969_3.jpg,5045621658969_4.jpg,5045621658969_5.jpg,5045621658969_6.jpg,5045621658969_7.jpg,5045621658969_11.jpg",active,Black,8087303
5045621659140,5045621658969_1.jpg,"5045621658969_1.jpg,5045621658969_2.jpg,5045621658969_3.jpg,5045621658969_4.jpg,5045621658969_5.jpg,5045621658969_6.jpg,5045621658969_7.jpg,5045621658969_11.jpg",active,Black,8087303
5045621659171,5045621658969_1.jpg,"5045621658969_1.jpg,5045621658969_2.jpg,5045621658969_3.jpg,5045621658969_4.jpg,5045621658969_5.jpg,5045621658969_6.jpg,5045621658969_7.jpg,5045621658969_11.jpg",active,Black,8087303
5045621659201,5045621658969_1.jpg,"5045621658969_1.jpg,5045621658969_2.jpg,5045621658969_3.jpg,5045621658969_4.jpg,5045621658969_5.jpg,5045621658969_6.jpg,5045621658969_7.jpg,5045621658969_11.jpg",active,Black,8087303
5045626972312,5045626972312_1.jpg,"5045626972312_1.jpg,5045626972312_2.jpg,5045626972312_3.jpg,5045626972312_4.jpg,5045626972312_5.jpg,5045626972312_11.jpg",active,Black,8087305
5045626972343,5045626972312_1.jpg,"5045626972312_1.jpg,5045626972312_2.jpg,5045626972312_3.jpg,5045626972312_4.jpg,5045626972312_5.jpg,5045626972312_11.jpg",active,Black,8087305
5045626972374,5045626972312_1.jpg,"5045626972312_1.jpg,5045626972312_2.jpg,5045626972312_3.jpg,5045626972312_4.jpg,5045626972312_5.jpg,5045626972312_11.jpg",active,Black,8087305
5045626972404,5045626972312_1.jpg,"5045626972312_1.jpg,5045626972312_2.jpg,5045626972312_3.jpg,5045626972312_4.jpg,5045626972312_5.jpg,5045626972312_11.jpg",active,Black,8087305
5045626972435,5045626972312_1.jpg,"5045626972312_1.jpg,5045626972312_2.jpg,5045626972312_3.jpg,5045626972312_4.jpg,5045626972312_5.jpg,5045626972312_11.jpg",active,Black,8087305
5045626972466,5045626972312_1.jpg,"5045626972312_1.jpg,5045626972312_2.jpg,5045626972312_3.jpg,5045626972312_4.jpg,5045626972312_5.jpg,5045626972312_11.jpg",active,Black,8087305
5045626972497,5045626972312_1.jpg,"5045626972312_1.jpg,5045626972312_2.jpg,5045626972312_3.jpg,5045626972312_4.jpg,5045626972312_5.jpg,5045626972312_11.jpg",active,Black,8087305
5045625146486,5045625146486_1.jpg,"5045625146486_1.jpg,5045625146486_2.jpg,5045625146486_3.jpg,5045625146486_4.jpg,5045625146486_5.jpg,5045625146486_6.jpg,5045625146486_7.jpg,5045625146486_11.jpg",active,Beige,8087447
5045625146516,5045625146486_1.jpg,"5045625146486_1.jpg,5045625146486_2.jpg,5045625146486_3.jpg,5045625146486_4.jpg,5045625146486_5.jpg,5045625146486_6.jpg,5045625146486_7.jpg,5045625146486_11.jpg",active,Beige,8087447
5045625146547,5045625146486_1.jpg,"5045625146486_1.jpg,5045625146486_2.jpg,5045625146486_3.jpg,5045625146486_4.jpg,5045625146486_5.jpg,5045625146486_6.jpg,5045625146486_7.jpg,5045625146486_11.jpg",active,Beige,8087447
5045625146578,5045625146486_1.jpg,"5045625146486_1.jpg,5045625146486_2.jpg,5045625146486_3.jpg,5045625146486_4.jpg,5045625146486_5.jpg,5045625146486_6.jpg,5045625146486_7.jpg,5045625146486_11.jpg",active,Beige,8087447
5045625146608,5045625146486_1.jpg,"5045625146486_1.jpg,5045625146486_2.jpg,5045625146486_3.jpg,5045625146486_4.jpg,5045625146486_5.jpg,5045625146486_6.jpg,5045625146486_7.jpg,5045625146486_11.jpg",active,Beige,8087447
5045625146639,5045625146486_1.jpg,"5045625146486_1.jpg,5045625146486_2.jpg,5045625146486_3.jpg,5045625146486_4.jpg,5045625146486_5.jpg,5045625146486_6.jpg,5045625146486_7.jpg,5045625146486_11.jpg",active,Beige,8087447
5045625146660,5045625146486_1.jpg,"5045625146486_1.jpg,5045625146486_2.jpg,5045625146486_3.jpg,5045625146486_4.jpg,5045625146486_5.jpg,5045625146486_6.jpg,5045625146486_7.jpg,5045625146486_11.jpg",active,Beige,8087447
5045625146691,5045625146486_1.jpg,"5045625146486_1.jpg,5045625146486_2.jpg,5045625146486_3.jpg,5045625146486_4.jpg,5045625146486_5.jpg,5045625146486_6.jpg,5045625146486_7.jpg,5045625146486_11.jpg",active,Beige,8087447
5045625146721,5045625146486_1.jpg,"5045625146486_1.jpg,5045625146486_2.jpg,5045625146486_3.jpg,5045625146486_4.jpg,5045625146486_5.jpg,5045625146486_6.jpg,5045625146486_7.jpg,5045625146486_11.jpg",active,Beige,8087447
5045625146752,5045625146486_1.jpg,"5045625146486_1.jpg,5045625146486_2.jpg,5045625146486_3.jpg,5045625146486_4.jpg,5045625146486_5.jpg,5045625146486_6.jpg,5045625146486_7.jpg,5045625146486_11.jpg",active,Beige,8087447
5045626109701,5045626109701_1.jpg,"5045626109701_1.jpg,5045626109701_2.jpg,5045626109701_3.jpg,5045626109701_4.jpg,5045626109701_5.jpg,5045626109701_11.jpg",active,Green,8087397
5045626109732,5045626109701_1.jpg,"5045626109701_1.jpg,5045626109701_2.jpg,5045626109701_3.jpg,5045626109701_4.jpg,5045626109701_5.jpg,5045626109701_11.jpg",active,Green,8087397
5045626109763,5045626109701_1.jpg,"5045626109701_1.jpg,5045626109701_2.jpg,5045626109701_3.jpg,5045626109701_4.jpg,5045626109701_5.jpg,5045626109701_11.jpg",active,Green,8087397
5045626109794,5045626109701_1.jpg,"5045626109701_1.jpg,5045626109701_2.jpg,5045626109701_3.jpg,5045626109701_4.jpg,5045626109701_5.jpg,5045626109701_11.jpg",active,Green,8087397
5045625953145,5045625953145_1.jpg,"5045625953145_1.jpg,5045625953145_2.jpg,5045625953145_3.jpg,5045625953145_4.jpg,5045625953145_5.jpg,5045625953145_6.jpg,5045625953145_7.jpg,5045625953145_11.jpg",active,Beige,8089387
5045626170183,5045626170183_1.jpg,"5045626170183_1.jpg,5045626170183_2.jpg,5045626170183_3.jpg,5045626170183_4.jpg,5045626170183_5.jpg,5045626170183_6.jpg,5045626170183_11.jpg",active,Brown,8089216
5045626170213,5045626170183_1.jpg,"5045626170183_1.jpg,5045626170183_2.jpg,5045626170183_3.jpg,5045626170183_4.jpg,5045626170183_5.jpg,5045626170183_6.jpg,5045626170183_11.jpg",active,Brown,8089216
5045626170244,5045626170183_1.jpg,"5045626170183_1.jpg,5045626170183_2.jpg,5045626170183_3.jpg,5045626170183_4.jpg,5045626170183_5.jpg,5045626170183_6.jpg,5045626170183_11.jpg",active,Brown,8089216
5045626170275,5045626170183_1.jpg,"5045626170183_1.jpg,5045626170183_2.jpg,5045626170183_3.jpg,5045626170183_4.jpg,5045626170183_5.jpg,5045626170183_6.jpg,5045626170183_11.jpg",active,Brown,8089216
5045626170305,5045626170183_1.jpg,"5045626170183_1.jpg,5045626170183_2.jpg,5045626170183_3.jpg,5045626170183_4.jpg,5045626170183_5.jpg,5045626170183_6.jpg,5045626170183_11.jpg",active,Brown,8089216
5045626170336,5045626170183_1.jpg,"5045626170183_1.jpg,5045626170183_2.jpg,5045626170183_3.jpg,5045626170183_4.jpg,5045626170183_5.jpg,5045626170183_6.jpg,5045626170183_11.jpg",active,Brown,8089216
5045626170367,5045626170183_1.jpg,"5045626170183_1.jpg,5045626170183_2.jpg,5045626170183_3.jpg,5045626170183_4.jpg,5045626170183_5.jpg,5045626170183_6.jpg,5045626170183_11.jpg",active,Brown,8089216
5045626170398,5045626170183_1.jpg,"5045626170183_1.jpg,5045626170183_2.jpg,5045626170183_3.jpg,5045626170183_4.jpg,5045626170183_5.jpg,5045626170183_6.jpg,5045626170183_11.jpg",active,Brown,8089216
5045626170428,5045626170183_1.jpg,"5045626170183_1.jpg,5045626170183_2.jpg,5045626170183_3.jpg,5045626170183_4.jpg,5045626170183_5.jpg,5045626170183_6.jpg,5045626170183_11.jpg",active,Brown,8089216
5045627576991,5045627576991_1.jpg,"5045627576991_1.jpg,5045627576991_2.jpg,5045627576991_3.jpg,5045627576991_4.jpg,5045627576991_5.jpg,5045627576991_6.jpg,5045627576991_11.jpg",active,Beige,8089296
5045626146317,5045626146317_1.jpg,"5045626146317_1.jpg,5045626146317_2.jpg,5045626146317_3.jpg,5045626146317_4.jpg,5045626146317_5.jpg,5045626146317_6.jpg,5045626146317_11.jpg",active,Black,8089270
5045625665482,5045625665482_1.jpg,"5045625665482_1.jpg,5045625665482_2.jpg,5045625665482_3.jpg,5045625665482_4.jpg,5045625665482_5.jpg,5045625665482_6.jpg,5045625665482_7.jpg,5045625665482_8.jpg,5045625665482_11.jpg",active,Black,8087591
5045625665512,5045625665482_1.jpg,"5045625665482_1.jpg,5045625665482_2.jpg,5045625665482_3.jpg,5045625665482_4.jpg,5045625665482_5.jpg,5045625665482_6.jpg,5045625665482_7.jpg,5045625665482_8.jpg,5045625665482_11.jpg",active,Black,8087591
5045625665543,5045625665482_1.jpg,"5045625665482_1.jpg,5045625665482_2.jpg,5045625665482_3.jpg,5045625665482_4.jpg,5045625665482_5.jpg,5045625665482_6.jpg,5045625665482_7.jpg,5045625665482_8.jpg,5045625665482_11.jpg",active,Black,8087591
5045625665574,5045625665482_1.jpg,"5045625665482_1.jpg,5045625665482_2.jpg,5045625665482_3.jpg,5045625665482_4.jpg,5045625665482_5.jpg,5045625665482_6.jpg,5045625665482_7.jpg,5045625665482_8.jpg,5045625665482_11.jpg",active,Black,8087591
5045625665604,5045625665482_1.jpg,"5045625665482_1.jpg,5045625665482_2.jpg,5045625665482_3.jpg,5045625665482_4.jpg,5045625665482_5.jpg,5045625665482_6.jpg,5045625665482_7.jpg,5045625665482_8.jpg,5045625665482_11.jpg",active,Black,8087591
5045625665635,5045625665482_1.jpg,"5045625665482_1.jpg,5045625665482_2.jpg,5045625665482_3.jpg,5045625665482_4.jpg,5045625665482_5.jpg,5045625665482_6.jpg,5045625665482_7.jpg,5045625665482_8.jpg,5045625665482_11.jpg",active,Black,8087591
5045625665666,5045625665482_1.jpg,"5045625665482_1.jpg,5045625665482_2.jpg,5045625665482_3.jpg,5045625665482_4.jpg,5045625665482_5.jpg,5045625665482_6.jpg,5045625665482_7.jpg,5045625665482_8.jpg,5045625665482_11.jpg",active,Black,8087591
5045625665697,5045625665482_1.jpg,"5045625665482_1.jpg,5045625665482_2.jpg,5045625665482_3.jpg,5045625665482_4.jpg,5045625665482_5.jpg,5045625665482_6.jpg,5045625665482_7.jpg,5045625665482_8.jpg,5045625665482_11.jpg",active,Black,8087591
5045625665727,5045625665482_1.jpg,"5045625665482_1.jpg,5045625665482_2.jpg,5045625665482_3.jpg,5045625665482_4.jpg,5045625665482_5.jpg,5045625665482_6.jpg,5045625665482_7.jpg,5045625665482_8.jpg,5045625665482_11.jpg",active,Black,8087591
5045625665758,5045625665482_1.jpg,"5045625665482_1.jpg,5045625665482_2.jpg,5045625665482_3.jpg,5045625665482_4.jpg,5045625665482_5.jpg,5045625665482_6.jpg,5045625665482_7.jpg,5045625665482_8.jpg,5045625665482_11.jpg",active,Black,8087591
5045625665789,5045625665482_1.jpg,"5045625665482_1.jpg,5045625665482_2.jpg,5045625665482_3.jpg,5045625665482_4.jpg,5045625665482_5.jpg,5045625665482_6.jpg,5045625665482_7.jpg,5045625665482_8.jpg,5045625665482_11.jpg",active,Black,8087591
5045625665819,5045625665482_1.jpg,"5045625665482_1.jpg,5045625665482_2.jpg,5045625665482_3.jpg,5045625665482_4.jpg,5045625665482_5.jpg,5045625665482_6.jpg,5045625665482_7.jpg,5045625665482_8.jpg,5045625665482_11.jpg",active,Black,8087591
5045625665840,5045625665482_1.jpg,"5045625665482_1.jpg,5045625665482_2.jpg,5045625665482_3.jpg,5045625665482_4.jpg,5045625665482_5.jpg,5045625665482_6.jpg,5045625665482_7.jpg,5045625665482_8.jpg,5045625665482_11.jpg",active,Black,8087591
5045625665871,5045625665482_1.jpg,"5045625665482_1.jpg,5045625665482_2.jpg,5045625665482_3.jpg,5045625665482_4.jpg,5045625665482_5.jpg,5045625665482_6.jpg,5045625665482_7.jpg,5045625665482_8.jpg,5045625665482_11.jpg",active,Black,8087591
5045625665901,5045625665482_1.jpg,"5045625665482_1.jpg,5045625665482_2.jpg,5045625665482_3.jpg,5045625665482_4.jpg,5045625665482_5.jpg,5045625665482_6.jpg,5045625665482_7.jpg,5045625665482_8.jpg,5045625665482_11.jpg",active,Black,8087591
5045626128573,5045626128573_1.jpg,"5045626128573_1.jpg,5045626128573_2.jpg,5045626128573_3.jpg,5045626128573_4.jpg,5045626128573_5.jpg,5045626128573_11.jpg",active,White,8087356
5045626128603,5045626128573_1.jpg,"5045626128573_1.jpg,5045626128573_2.jpg,5045626128573_3.jpg,5045626128573_4.jpg,5045626128573_5.jpg,5045626128573_11.jpg",active,White,8087356
5045626128634,5045626128573_1.jpg,"5045626128573_1.jpg,5045626128573_2.jpg,5045626128573_3.jpg,5045626128573_4.jpg,5045626128573_5.jpg,5045626128573_11.jpg",active,White,8087356
5045626128665,5045626128573_1.jpg,"5045626128573_1.jpg,5045626128573_2.jpg,5045626128573_3.jpg,5045626128573_4.jpg,5045626128573_5.jpg,5045626128573_11.jpg",active,White,8087356
5045626907871,5045626907871_1.jpg,"5045626907871_1.jpg,5045626907871_2.jpg,5045626907871_3.jpg,5045626907871_4.jpg,5045626907871_5.jpg,5045626907871_6.jpg,5045626907871_11.jpg",active,Blue,8087589
5045626907901,5045626907871_1.jpg,"5045626907871_1.jpg,5045626907871_2.jpg,5045626907871_3.jpg,5045626907871_4.jpg,5045626907871_5.jpg,5045626907871_6.jpg,5045626907871_11.jpg",active,Blue,8087589
5045626907932,5045626907871_1.jpg,"5045626907871_1.jpg,5045626907871_2.jpg,5045626907871_3.jpg,5045626907871_4.jpg,5045626907871_5.jpg,5045626907871_6.jpg,5045626907871_11.jpg",active,Blue,8087589
5045626907963,5045626907871_1.jpg,"5045626907871_1.jpg,5045626907871_2.jpg,5045626907871_3.jpg,5045626907871_4.jpg,5045626907871_5.jpg,5045626907871_6.jpg,5045626907871_11.jpg",active,Blue,8087589
5045626907994,5045626907871_1.jpg,"5045626907871_1.jpg,5045626907871_2.jpg,5045626907871_3.jpg,5045626907871_4.jpg,5045626907871_5.jpg,5045626907871_6.jpg,5045626907871_11.jpg",active,Blue,8087589
5045626908021,5045626907871_1.jpg,"5045626907871_1.jpg,5045626907871_2.jpg,5045626907871_3.jpg,5045626907871_4.jpg,5045626907871_5.jpg,5045626907871_6.jpg,5045626907871_11.jpg",active,Blue,8087589
5045626908052,5045626907871_1.jpg,"5045626907871_1.jpg,5045626907871_2.jpg,5045626907871_3.jpg,5045626907871_4.jpg,5045626907871_5.jpg,5045626907871_6.jpg,5045626907871_11.jpg",active,Blue,8087589
5045626908083,5045626907871_1.jpg,"5045626907871_1.jpg,5045626907871_2.jpg,5045626907871_3.jpg,5045626907871_4.jpg,5045626907871_5.jpg,5045626907871_6.jpg,5045626907871_11.jpg",active,Blue,8087589
5045626908113,5045626907871_1.jpg,"5045626907871_1.jpg,5045626907871_2.jpg,5045626907871_3.jpg,5045626907871_4.jpg,5045626907871_5.jpg,5045626907871_6.jpg,5045626907871_11.jpg",active,Blue,8087589
5045626908144,5045626907871_1.jpg,"5045626907871_1.jpg,5045626907871_2.jpg,5045626907871_3.jpg,5045626907871_4.jpg,5045626907871_5.jpg,5045626907871_6.jpg,5045626907871_11.jpg",active,Blue,8087589
5045626908175,5045626907871_1.jpg,"5045626907871_1.jpg,5045626907871_2.jpg,5045626907871_3.jpg,5045626907871_4.jpg,5045626907871_5.jpg,5045626907871_6.jpg,5045626907871_11.jpg",active,Blue,8087589
5045626908205,5045626907871_1.jpg,"5045626907871_1.jpg,5045626907871_2.jpg,5045626907871_3.jpg,5045626907871_4.jpg,5045626907871_5.jpg,5045626907871_6.jpg,5045626907871_11.jpg",active,Blue,8087589
5045626908236,5045626907871_1.jpg,"5045626907871_1.jpg,5045626907871_2.jpg,5045626907871_3.jpg,5045626907871_4.jpg,5045626907871_5.jpg,5045626907871_6.jpg,5045626907871_11.jpg",active,Blue,8087589
5045626908267,5045626907871_1.jpg,"5045626907871_1.jpg,5045626907871_2.jpg,5045626907871_3.jpg,5045626907871_4.jpg,5045626907871_5.jpg,5045626907871_6.jpg,5045626907871_11.jpg",active,Blue,8087589
5045626908298,5045626907871_1.jpg,"5045626907871_1.jpg,5045626907871_2.jpg,5045626907871_3.jpg,5045626907871_4.jpg,5045626907871_5.jpg,5045626907871_6.jpg,5045626907871_11.jpg",active,Blue,8087589
5045626908328,5045626907871_1.jpg,"5045626907871_1.jpg,5045626907871_2.jpg,5045626907871_3.jpg,5045626907871_4.jpg,5045626907871_5.jpg,5045626907871_6.jpg,5045626907871_11.jpg",active,Blue,8087589
5045626908359,5045626907871_1.jpg,"5045626907871_1.jpg,5045626907871_2.jpg,5045626907871_3.jpg,5045626907871_4.jpg,5045626907871_5.jpg,5045626907871_6.jpg,5045626907871_11.jpg",active,Blue,8087589
5045626908380,5045626907871_1.jpg,"5045626907871_1.jpg,5045626907871_2.jpg,5045626907871_3.jpg,5045626907871_4.jpg,5045626907871_5.jpg,5045626907871_6.jpg,5045626907871_11.jpg",active,Blue,8087589
5045626908410,5045626907871_1.jpg,"5045626907871_1.jpg,5045626907871_2.jpg,5045626907871_3.jpg,5045626907871_4.jpg,5045626907871_5.jpg,5045626907871_6.jpg,5045626907871_11.jpg",active,Blue,8087589
5045626908441,5045626907871_1.jpg,"5045626907871_1.jpg,5045626907871_2.jpg,5045626907871_3.jpg,5045626907871_4.jpg,5045626907871_5.jpg,5045626907871_6.jpg,5045626907871_11.jpg",active,Blue,8087589
5045626908472,5045626907871_1.jpg,"5045626907871_1.jpg,5045626907871_2.jpg,5045626907871_3.jpg,5045626907871_4.jpg,5045626907871_5.jpg,5045626907871_6.jpg,5045626907871_11.jpg",active,Blue,8087589
5045626380681,5045626380681_1.jpg,"5045626380681_1.jpg,5045626380681_2.jpg,5045626380681_3.jpg,5045626380681_4.jpg,5045626380681_5.jpg,5045626380681_6.jpg,5045626380681_7.jpg,5045626380681_8.jpg,5045626380681_11.jpg",active,Brown,8089362
5045626329314,5045626329314_1.jpg,"5045626329314_1.jpg,5045626329314_2.jpg,5045626329314_3.jpg,5045626329314_4.jpg,5045626329314_5.jpg,5045626329314_11.jpg",active,Black,8087332
5045626329345,5045626329314_1.jpg,"5045626329314_1.jpg,5045626329314_2.jpg,5045626329314_3.jpg,5045626329314_4.jpg,5045626329314_5.jpg,5045626329314_11.jpg",active,Black,8087332
5045626329376,5045626329314_1.jpg,"5045626329314_1.jpg,5045626329314_2.jpg,5045626329314_3.jpg,5045626329314_4.jpg,5045626329314_5.jpg,5045626329314_11.jpg",active,Black,8087332
5045626329406,5045626329314_1.jpg,"5045626329314_1.jpg,5045626329314_2.jpg,5045626329314_3.jpg,5045626329314_4.jpg,5045626329314_5.jpg,5045626329314_11.jpg",active,Black,8087332
5045626329437,5045626329314_1.jpg,"5045626329314_1.jpg,5045626329314_2.jpg,5045626329314_3.jpg,5045626329314_4.jpg,5045626329314_5.jpg,5045626329314_11.jpg",active,Black,8087332
5045626329468,5045626329314_1.jpg,"5045626329314_1.jpg,5045626329314_2.jpg,5045626329314_3.jpg,5045626329314_4.jpg,5045626329314_5.jpg,5045626329314_11.jpg",active,Black,8087332
5045626329499,5045626329314_1.jpg,"5045626329314_1.jpg,5045626329314_2.jpg,5045626329314_3.jpg,5045626329314_4.jpg,5045626329314_5.jpg,5045626329314_11.jpg",active,Black,8087332
5045621856167,5045621856167_1.jpg,"5045621856167_1.jpg,5045621856167_2.jpg,5045621856167_3.jpg,5045621856167_4.jpg,5045621856167_11.jpg",active,Yellow,8089471
5045623155237,5045623155237_1.jpg,"5045623155237_1.jpg,5045623155237_2.jpg,5045623155237_3.jpg,5045623155237_4.jpg,5045623155237_5.jpg,5045623155237_6.jpg,5045623155237_7.jpg,5045623155237_8.jpg,5045623155237_9.jpg,5045623155237_10.jpg,5045623155237_11.jpg",active,Beige,8087412
5045623155268,5045623155237_1.jpg,"5045623155237_1.jpg,5045623155237_2.jpg,5045623155237_3.jpg,5045623155237_4.jpg,5045623155237_5.jpg,5045623155237_6.jpg,5045623155237_7.jpg,5045623155237_8.jpg,5045623155237_9.jpg,5045623155237_10.jpg,5045623155237_11.jpg",active,Beige,8087412
5045623155299,5045623155237_1.jpg,"5045623155237_1.jpg,5045623155237_2.jpg,5045623155237_3.jpg,5045623155237_4.jpg,5045623155237_5.jpg,5045623155237_6.jpg,5045623155237_7.jpg,5045623155237_8.jpg,5045623155237_9.jpg,5045623155237_10.jpg,5045623155237_11.jpg",active,Beige,8087412
5045623155329,5045623155237_1.jpg,"5045623155237_1.jpg,5045623155237_2.jpg,5045623155237_3.jpg,5045623155237_4.jpg,5045623155237_5.jpg,5045623155237_6.jpg,5045623155237_7.jpg,5045623155237_8.jpg,5045623155237_9.jpg,5045623155237_10.jpg,5045623155237_11.jpg",active,Beige,8087412
5045623155350,5045623155237_1.jpg,"5045623155237_1.jpg,5045623155237_2.jpg,5045623155237_3.jpg,5045623155237_4.jpg,5045623155237_5.jpg,5045623155237_6.jpg,5045623155237_7.jpg,5045623155237_8.jpg,5045623155237_9.jpg,5045623155237_10.jpg,5045623155237_11.jpg",active,Beige,8087412
5045623155381,5045623155237_1.jpg,"5045623155237_1.jpg,5045623155237_2.jpg,5045623155237_3.jpg,5045623155237_4.jpg,5045623155237_5.jpg,5045623155237_6.jpg,5045623155237_7.jpg,5045623155237_8.jpg,5045623155237_9.jpg,5045623155237_10.jpg,5045623155237_11.jpg",active,Beige,8087412
5045623155411,5045623155237_1.jpg,"5045623155237_1.jpg,5045623155237_2.jpg,5045623155237_3.jpg,5045623155237_4.jpg,5045623155237_5.jpg,5045623155237_6.jpg,5045623155237_7.jpg,5045623155237_8.jpg,5045623155237_9.jpg,5045623155237_10.jpg,5045623155237_11.jpg",active,Beige,8087412
5045623155442,5045623155237_1.jpg,"5045623155237_1.jpg,5045623155237_2.jpg,5045623155237_3.jpg,5045623155237_4.jpg,5045623155237_5.jpg,5045623155237_6.jpg,5045623155237_7.jpg,5045623155237_8.jpg,5045623155237_9.jpg,5045623155237_10.jpg,5045623155237_11.jpg",active,Beige,8087412
5045559161791,5045559161791_1.jpg,"5045559161791_1.jpg,5045559161791_2.jpg,5045559161791_3.jpg,5045559161791_4.jpg,5045559161791_5.jpg,5045559161791_11.jpg",active,Black,8089307
5045559161821,5045559161791_1.jpg,"5045559161791_1.jpg,5045559161791_2.jpg,5045559161791_3.jpg,5045559161791_4.jpg,5045559161791_5.jpg,5045559161791_11.jpg",active,Black,8089307
5045559161852,5045559161791_1.jpg,"5045559161791_1.jpg,5045559161791_2.jpg,5045559161791_3.jpg,5045559161791_4.jpg,5045559161791_5.jpg,5045559161791_11.jpg",active,Black,8089307
5045559161883,5045559161791_1.jpg,"5045559161791_1.jpg,5045559161791_2.jpg,5045559161791_3.jpg,5045559161791_4.jpg,5045559161791_5.jpg,5045559161791_11.jpg",active,Black,8089307
5045559161913,5045559161791_1.jpg,"5045559161791_1.jpg,5045559161791_2.jpg,5045559161791_3.jpg,5045559161791_4.jpg,5045559161791_5.jpg,5045559161791_11.jpg",active,Black,8089307
5045559161944,5045559161791_1.jpg,"5045559161791_1.jpg,5045559161791_2.jpg,5045559161791_3.jpg,5045559161791_4.jpg,5045559161791_5.jpg,5045559161791_11.jpg",active,Black,8089307
5045559161975,5045559161791_1.jpg,"5045559161791_1.jpg,5045559161791_2.jpg,5045559161791_3.jpg,5045559161791_4.jpg,5045559161791_5.jpg,5045559161791_11.jpg",active,Black,8089307
5045559162002,5045559161791_1.jpg,"5045559161791_1.jpg,5045559161791_2.jpg,5045559161791_3.jpg,5045559161791_4.jpg,5045559161791_5.jpg,5045559161791_11.jpg",active,Black,8089307
5045559162033,5045559161791_1.jpg,"5045559161791_1.jpg,5045559161791_2.jpg,5045559161791_3.jpg,5045559161791_4.jpg,5045559161791_5.jpg,5045559161791_11.jpg",active,Black,8089307
5045627393215,5045627393215_1.jpg,"5045627393215_1.jpg,5045627393215_2.jpg,5045627393215_3.jpg,5045627393215_4.jpg,5045627393215_5.jpg,5045627393215_6.jpg,5045627393215_7.jpg,5045627393215_11.jpg",active,Beige,8087409
5045627393246,5045627393215_1.jpg,"5045627393215_1.jpg,5045627393215_2.jpg,5045627393215_3.jpg,5045627393215_4.jpg,5045627393215_5.jpg,5045627393215_6.jpg,5045627393215_7.jpg,5045627393215_11.jpg",active,Beige,8087409
5045627393277,5045627393215_1.jpg,"5045627393215_1.jpg,5045627393215_2.jpg,5045627393215_3.jpg,5045627393215_4.jpg,5045627393215_5.jpg,5045627393215_6.jpg,5045627393215_7.jpg,5045627393215_11.jpg",active,Beige,8087409
5045627393307,5045627393215_1.jpg,"5045627393215_1.jpg,5045627393215_2.jpg,5045627393215_3.jpg,5045627393215_4.jpg,5045627393215_5.jpg,5045627393215_6.jpg,5045627393215_7.jpg,5045627393215_11.jpg",active,Beige,8087409
5045627393338,5045627393215_1.jpg,"5045627393215_1.jpg,5045627393215_2.jpg,5045627393215_3.jpg,5045627393215_4.jpg,5045627393215_5.jpg,5045627393215_6.jpg,5045627393215_7.jpg,5045627393215_11.jpg",active,Beige,8087409
5045627393369,5045627393215_1.jpg,"5045627393215_1.jpg,5045627393215_2.jpg,5045627393215_3.jpg,5045627393215_4.jpg,5045627393215_5.jpg,5045627393215_6.jpg,5045627393215_7.jpg,5045627393215_11.jpg",active,Beige,8087409
5045627393390,5045627393215_1.jpg,"5045627393215_1.jpg,5045627393215_2.jpg,5045627393215_3.jpg,5045627393215_4.jpg,5045627393215_5.jpg,5045627393215_6.jpg,5045627393215_7.jpg,5045627393215_11.jpg",active,Beige,8087409
5045626061139,5045626061139_1.jpg,"5045626061139_1.jpg,5045626061139_2.jpg,5045626061139_3.jpg,5045626061139_4.jpg,5045626061139_5.jpg,5045626061139_6.jpg,5045626061139_7.jpg,5045626061139_11.jpg",active,Blue,8087317
5045626061160,5045626061139_1.jpg,"5045626061139_1.jpg,5045626061139_2.jpg,5045626061139_3.jpg,5045626061139_4.jpg,5045626061139_5.jpg,5045626061139_6.jpg,5045626061139_7.jpg,5045626061139_11.jpg",active,Blue,8087317
5045626061191,5045626061139_1.jpg,"5045626061139_1.jpg,5045626061139_2.jpg,5045626061139_3.jpg,5045626061139_4.jpg,5045626061139_5.jpg,5045626061139_6.jpg,5045626061139_7.jpg,5045626061139_11.jpg",active,Blue,8087317
5045626061221,5045626061139_1.jpg,"5045626061139_1.jpg,5045626061139_2.jpg,5045626061139_3.jpg,5045626061139_4.jpg,5045626061139_5.jpg,5045626061139_6.jpg,5045626061139_7.jpg,5045626061139_11.jpg",active,Blue,8087317
5045626061252,5045626061139_1.jpg,"5045626061139_1.jpg,5045626061139_2.jpg,5045626061139_3.jpg,5045626061139_4.jpg,5045626061139_5.jpg,5045626061139_6.jpg,5045626061139_7.jpg,5045626061139_11.jpg",active,Blue,8087317
5045626061283,5045626061139_1.jpg,"5045626061139_1.jpg,5045626061139_2.jpg,5045626061139_3.jpg,5045626061139_4.jpg,5045626061139_5.jpg,5045626061139_6.jpg,5045626061139_7.jpg,5045626061139_11.jpg",active,Blue,8087317
5045626061313,5045626061139_1.jpg,"5045626061139_1.jpg,5045626061139_2.jpg,5045626061139_3.jpg,5045626061139_4.jpg,5045626061139_5.jpg,5045626061139_6.jpg,5045626061139_7.jpg,5045626061139_11.jpg",active,Blue,8087317
5045626061344,5045626061139_1.jpg,"5045626061139_1.jpg,5045626061139_2.jpg,5045626061139_3.jpg,5045626061139_4.jpg,5045626061139_5.jpg,5045626061139_6.jpg,5045626061139_7.jpg,5045626061139_11.jpg",active,Blue,8087317
5045626901619,5045626901619_1.jpg,"5045626901619_1.jpg,5045626901619_2.jpg,5045626901619_3.jpg,5045626901619_4.jpg,5045626901619_5.jpg,5045626901619_6.jpg,5045626901619_7.jpg,5045626901619_8.jpg,5045626901619_11.jpg",active,Black,8089409
5045626901640,5045626901619_1.jpg,"5045626901619_1.jpg,5045626901619_2.jpg,5045626901619_3.jpg,5045626901619_4.jpg,5045626901619_5.jpg,5045626901619_6.jpg,5045626901619_7.jpg,5045626901619_8.jpg,5045626901619_11.jpg",active,Black,8089409
5045626901671,5045626901619_1.jpg,"5045626901619_1.jpg,5045626901619_2.jpg,5045626901619_3.jpg,5045626901619_4.jpg,5045626901619_5.jpg,5045626901619_6.jpg,5045626901619_7.jpg,5045626901619_8.jpg,5045626901619_11.jpg",active,Black,8089409
5045625858969,5045625858969_1.jpg,"5045625858969_1.jpg,5045625858969_2.jpg,5045625858969_3.jpg,5045625858969_4.jpg,5045625858969_5.jpg,5045625858969_6.jpg,5045625858969_7.jpg,5045625858969_8.jpg,5045625858969_9.jpg,5045625858969_11.jpg",active,Beige,8089494
5045625455403,5045625455403_1.jpg,"5045625455403_1.jpg,5045625455403_2.jpg,5045625455403_3.jpg,5045625455403_4.jpg,5045625455403_5.jpg,5045625455403_6.jpg,5045625455403_11.jpg",active,White,8087324
5045625455434,5045625455403_1.jpg,"5045625455403_1.jpg,5045625455403_2.jpg,5045625455403_3.jpg,5045625455403_4.jpg,5045625455403_5.jpg,5045625455403_6.jpg,5045625455403_11.jpg",active,White,8087324
5045625455465,5045625455403_1.jpg,"5045625455403_1.jpg,5045625455403_2.jpg,5045625455403_3.jpg,5045625455403_4.jpg,5045625455403_5.jpg,5045625455403_6.jpg,5045625455403_11.jpg",active,White,8087324
5045625455496,5045625455403_1.jpg,"5045625455403_1.jpg,5045625455403_2.jpg,5045625455403_3.jpg,5045625455403_4.jpg,5045625455403_5.jpg,5045625455403_6.jpg,5045625455403_11.jpg",active,White,8087324
5045626372846,5045626372846_1.jpg,"5045626372846_1.jpg,5045626372846_2.jpg,5045626372846_3.jpg,5045626372846_4.jpg,5045626372846_5.jpg,5045626372846_6.jpg,5045626372846_7.jpg,5045626372846_8.jpg,5045626372846_9.jpg,5045626372846_10.jpg,5045626372846_11.jpg",active,Beige,8089493
5045626414140,5045626414140_1.jpg,"5045626414140_1.jpg,5045626414140_2.jpg,5045626414140_3.jpg,5045626414140_4.jpg,5045626414140_5.jpg,5045626414140_6.jpg,5045626414140_7.jpg,5045626414140_8.jpg,5045626414140_9.jpg,5045626414140_11.jpg",active,Brown,8089418
5045627408322,5045627408322_1.jpg,"5045627408322_1.jpg,5045627408322_2.jpg,5045627408322_3.jpg,5045627408322_4.jpg,5045627408322_5.jpg,5045627408322_11.jpg",active,Black,8089293
5045626971988,5045626971988_1.jpg,"5045626971988_1.jpg,5045626971988_2.jpg,5045626971988_3.jpg,5045626971988_4.jpg,5045626971988_5.jpg,5045626971988_11.jpg",active,Black,8087372
5045626972015,5045626971988_1.jpg,"5045626971988_1.jpg,5045626971988_2.jpg,5045626971988_3.jpg,5045626971988_4.jpg,5045626971988_5.jpg,5045626971988_11.jpg",active,Black,8087372
5045626972046,5045626971988_1.jpg,"5045626971988_1.jpg,5045626971988_2.jpg,5045626971988_3.jpg,5045626971988_4.jpg,5045626971988_5.jpg,5045626971988_11.jpg",active,Black,8087372
5045626972077,5045626971988_1.jpg,"5045626971988_1.jpg,5045626971988_2.jpg,5045626971988_3.jpg,5045626971988_4.jpg,5045626971988_5.jpg,5045626971988_11.jpg",active,Black,8087372
5045626972107,5045626971988_1.jpg,"5045626971988_1.jpg,5045626971988_2.jpg,5045626971988_3.jpg,5045626971988_4.jpg,5045626971988_5.jpg,5045626971988_11.jpg",active,Black,8087372
5045626972138,5045626971988_1.jpg,"5045626971988_1.jpg,5045626971988_2.jpg,5045626971988_3.jpg,5045626971988_4.jpg,5045626971988_5.jpg,5045626971988_11.jpg",active,Black,8087372
5045626972169,5045626971988_1.jpg,"5045626971988_1.jpg,5045626971988_2.jpg,5045626971988_3.jpg,5045626971988_4.jpg,5045626971988_5.jpg,5045626971988_11.jpg",active,Black,8087372
5045626170725,5045626170725_1.jpg,"5045626170725_1.jpg,5045626170725_2.jpg,5045626170725_3.jpg,5045626170725_4.jpg,5045626170725_5.jpg,5045626170725_6.jpg,5045626170725_11.jpg",active,Grey,8087529
5045626170756,5045626170725_1.jpg,"5045626170725_1.jpg,5045626170725_2.jpg,5045626170725_3.jpg,5045626170725_4.jpg,5045626170725_5.jpg,5045626170725_6.jpg,5045626170725_11.jpg",active,Grey,8087529
5045626170787,5045626170725_1.jpg,"5045626170725_1.jpg,5045626170725_2.jpg,5045626170725_3.jpg,5045626170725_4.jpg,5045626170725_5.jpg,5045626170725_6.jpg,5045626170725_11.jpg",active,Grey,8087529
5045626170817,5045626170725_1.jpg,"5045626170725_1.jpg,5045626170725_2.jpg,5045626170725_3.jpg,5045626170725_4.jpg,5045626170725_5.jpg,5045626170725_6.jpg,5045626170725_11.jpg",active,Grey,8087529
5045626170848,5045626170725_1.jpg,"5045626170725_1.jpg,5045626170725_2.jpg,5045626170725_3.jpg,5045626170725_4.jpg,5045626170725_5.jpg,5045626170725_6.jpg,5045626170725_11.jpg",active,Grey,8087529
5045626170879,5045626170725_1.jpg,"5045626170725_1.jpg,5045626170725_2.jpg,5045626170725_3.jpg,5045626170725_4.jpg,5045626170725_5.jpg,5045626170725_6.jpg,5045626170725_11.jpg",active,Grey,8087529
5045626170909,5045626170725_1.jpg,"5045626170725_1.jpg,5045626170725_2.jpg,5045626170725_3.jpg,5045626170725_4.jpg,5045626170725_5.jpg,5045626170725_6.jpg,5045626170725_11.jpg",active,Grey,8087529
5045627571057,5045627571057_1.jpg,"5045627571057_1.jpg,5045627571057_2.jpg,5045627571057_3.jpg,5045627571057_4.jpg,5045627571057_5.jpg,5045627571057_6.jpg,5045627571057_7.jpg,5045627571057_8.jpg,5045627571057_9.jpg,5045627571057_11.jpg",active,Pink,8089425
5045625206357,5045625206357_1.jpg,"5045625206357_1.jpg,5045625206357_2.jpg,5045625206357_3.jpg,5045625206357_4.jpg,5045625206357_5.jpg,5045625206357_6.jpg,5045625206357_7.jpg,5045625206357_8.jpg,5045625206357_9.jpg,5045625206357_11.jpg",active,Black,8089466
5045626763453,5045626763453_1.jpg,"5045626763453_1.jpg,5045626763453_2.jpg,5045626763453_3.jpg,5045626763453_4.jpg,5045626763453_5.jpg,5045626763453_6.jpg,5045626763453_11.jpg",active,Grey,8089495
5045626763484,5045626763453_1.jpg,"5045626763453_1.jpg,5045626763453_2.jpg,5045626763453_3.jpg,5045626763453_4.jpg,5045626763453_5.jpg,5045626763453_6.jpg,5045626763453_11.jpg",active,Grey,8089495
5045626763514,5045626763453_1.jpg,"5045626763453_1.jpg,5045626763453_2.jpg,5045626763453_3.jpg,5045626763453_4.jpg,5045626763453_5.jpg,5045626763453_6.jpg,5045626763453_11.jpg",active,Grey,8089495
5045553778988,5045553778988_1.jpg,"5045553778988_1.jpg,5045553778988_2.jpg,5045553778988_3.jpg,5045553778988_4.jpg,5045553778988_5.jpg,5045553778988_6.jpg,5045553778988_7.jpg,5045553778988_11.jpg",active,Black,8087370
5045553779015,5045553778988_1.jpg,"5045553778988_1.jpg,5045553778988_2.jpg,5045553778988_3.jpg,5045553778988_4.jpg,5045553778988_5.jpg,5045553778988_6.jpg,5045553778988_7.jpg,5045553778988_11.jpg",active,Black,8087370
5045553779046,5045553778988_1.jpg,"5045553778988_1.jpg,5045553778988_2.jpg,5045553778988_3.jpg,5045553778988_4.jpg,5045553778988_5.jpg,5045553778988_6.jpg,5045553778988_7.jpg,5045553778988_11.jpg",active,Black,8087370
5045553779077,5045553778988_1.jpg,"5045553778988_1.jpg,5045553778988_2.jpg,5045553778988_3.jpg,5045553778988_4.jpg,5045553778988_5.jpg,5045553778988_6.jpg,5045553778988_7.jpg,5045553778988_11.jpg",active,Black,8087370
5045553779107,5045553778988_1.jpg,"5045553778988_1.jpg,5045553778988_2.jpg,5045553778988_3.jpg,5045553778988_4.jpg,5045553778988_5.jpg,5045553778988_6.jpg,5045553778988_7.jpg,5045553778988_11.jpg",active,Black,8087370
5045553779138,5045553778988_1.jpg,"5045553778988_1.jpg,5045553778988_2.jpg,5045553778988_3.jpg,5045553778988_4.jpg,5045553778988_5.jpg,5045553778988_6.jpg,5045553778988_7.jpg,5045553778988_11.jpg",active,Black,8087370
5045553779169,5045553778988_1.jpg,"5045553778988_1.jpg,5045553778988_2.jpg,5045553778988_3.jpg,5045553778988_4.jpg,5045553778988_5.jpg,5045553778988_6.jpg,5045553778988_7.jpg,5045553778988_11.jpg",active,Black,8087370
5045553779190,5045553778988_1.jpg,"5045553778988_1.jpg,5045553778988_2.jpg,5045553778988_3.jpg,5045553778988_4.jpg,5045553778988_5.jpg,5045553778988_6.jpg,5045553778988_7.jpg,5045553778988_11.jpg",active,Black,8087370
5045553779220,5045553778988_1.jpg,"5045553778988_1.jpg,5045553778988_2.jpg,5045553778988_3.jpg,5045553778988_4.jpg,5045553778988_5.jpg,5045553778988_6.jpg,5045553778988_7.jpg,5045553778988_11.jpg",active,Black,8087370
5045622963024,5045553778988_1.jpg,"5045553778988_1.jpg,5045553778988_2.jpg,5045553778988_3.jpg,5045553778988_4.jpg,5045553778988_5.jpg,5045553778988_6.jpg,5045553778988_7.jpg,5045553778988_11.jpg",active,Black,8087370
5045626731094,5045626731094_1.jpg,"5045626731094_1.jpg,5045626731094_2.jpg,5045626731094_3.jpg,5045626731094_11.jpg",active,Grey,8089349
5045626731124,5045626731094_1.jpg,"5045626731094_1.jpg,5045626731094_2.jpg,5045626731094_3.jpg,5045626731094_11.jpg",active,Grey,8089349
5045626731155,5045626731094_1.jpg,"5045626731094_1.jpg,5045626731094_2.jpg,5045626731094_3.jpg,5045626731094_11.jpg",active,Grey,8089349
5045626731186,5045626731094_1.jpg,"5045626731094_1.jpg,5045626731094_2.jpg,5045626731094_3.jpg,5045626731094_11.jpg",active,Grey,8089349
5045626731216,5045626731094_1.jpg,"5045626731094_1.jpg,5045626731094_2.jpg,5045626731094_3.jpg,5045626731094_11.jpg",active,Grey,8089349
5045624515023,5045624515023_1.jpg,"5045624515023_1.jpg,5045624515023_2.jpg,5045624515023_3.jpg,5045624515023_4.jpg,5045624515023_5.jpg,5045624515023_6.jpg,5045624515023_7.jpg,5045624515023_8.jpg,5045624515023_11.jpg",active,Brown,8087335
5045624515054,5045624515023_1.jpg,"5045624515023_1.jpg,5045624515023_2.jpg,5045624515023_3.jpg,5045624515023_4.jpg,5045624515023_5.jpg,5045624515023_6.jpg,5045624515023_7.jpg,5045624515023_8.jpg,5045624515023_11.jpg",active,Brown,8087335
5045624515085,5045624515023_1.jpg,"5045624515023_1.jpg,5045624515023_2.jpg,5045624515023_3.jpg,5045624515023_4.jpg,5045624515023_5.jpg,5045624515023_6.jpg,5045624515023_7.jpg,5045624515023_8.jpg,5045624515023_11.jpg",active,Brown,8087335
5045624515115,5045624515023_1.jpg,"5045624515023_1.jpg,5045624515023_2.jpg,5045624515023_3.jpg,5045624515023_4.jpg,5045624515023_5.jpg,5045624515023_6.jpg,5045624515023_7.jpg,5045624515023_8.jpg,5045624515023_11.jpg",active,Brown,8087335
5045624515146,5045624515023_1.jpg,"5045624515023_1.jpg,5045624515023_2.jpg,5045624515023_3.jpg,5045624515023_4.jpg,5045624515023_5.jpg,5045624515023_6.jpg,5045624515023_7.jpg,5045624515023_8.jpg,5045624515023_11.jpg",active,Brown,8087335
5045624515177,5045624515023_1.jpg,"5045624515023_1.jpg,5045624515023_2.jpg,5045624515023_3.jpg,5045624515023_4.jpg,5045624515023_5.jpg,5045624515023_6.jpg,5045624515023_7.jpg,5045624515023_8.jpg,5045624515023_11.jpg",active,Brown,8087335
5045624515207,5045624515023_1.jpg,"5045624515023_1.jpg,5045624515023_2.jpg,5045624515023_3.jpg,5045624515023_4.jpg,5045624515023_5.jpg,5045624515023_6.jpg,5045624515023_7.jpg,5045624515023_8.jpg,5045624515023_11.jpg",active,Brown,8087335
5045625947779,5045625947779_1.jpg,"5045625947779_1.jpg,5045625947779_2.jpg,5045625947779_3.jpg,5045625947779_4.jpg,5045625947779_5.jpg,5045625947779_6.jpg,5045625947779_7.jpg,5045625947779_11.jpg",active,Black,8087393
5045625947809,5045625947779_1.jpg,"5045625947779_1.jpg,5045625947779_2.jpg,5045625947779_3.jpg,5045625947779_4.jpg,5045625947779_5.jpg,5045625947779_6.jpg,5045625947779_7.jpg,5045625947779_11.jpg",active,Black,8087393
5045625947830,5045625947779_1.jpg,"5045625947779_1.jpg,5045625947779_2.jpg,5045625947779_3.jpg,5045625947779_4.jpg,5045625947779_5.jpg,5045625947779_6.jpg,5045625947779_7.jpg,5045625947779_11.jpg",active,Black,8087393
5045625947861,5045625947779_1.jpg,"5045625947779_1.jpg,5045625947779_2.jpg,5045625947779_3.jpg,5045625947779_4.jpg,5045625947779_5.jpg,5045625947779_6.jpg,5045625947779_7.jpg,5045625947779_11.jpg",active,Black,8087393
5045625947892,5045625947779_1.jpg,"5045625947779_1.jpg,5045625947779_2.jpg,5045625947779_3.jpg,5045625947779_4.jpg,5045625947779_5.jpg,5045625947779_6.jpg,5045625947779_7.jpg,5045625947779_11.jpg",active,Black,8087393
5045625947922,5045625947779_1.jpg,"5045625947779_1.jpg,5045625947779_2.jpg,5045625947779_3.jpg,5045625947779_4.jpg,5045625947779_5.jpg,5045625947779_6.jpg,5045625947779_7.jpg,5045625947779_11.jpg",active,Black,8087393
5045625947953,5045625947779_1.jpg,"5045625947779_1.jpg,5045625947779_2.jpg,5045625947779_3.jpg,5045625947779_4.jpg,5045625947779_5.jpg,5045625947779_6.jpg,5045625947779_7.jpg,5045625947779_11.jpg",active,Black,8087393
5045625947984,5045625947779_1.jpg,"5045625947779_1.jpg,5045625947779_2.jpg,5045625947779_3.jpg,5045625947779_4.jpg,5045625947779_5.jpg,5045625947779_6.jpg,5045625947779_7.jpg,5045625947779_11.jpg",active,Black,8087393
5045626181189,5045626181189_1.jpg,"5045626181189_1.jpg,5045626181189_2.jpg,5045626181189_3.jpg,5045626181189_4.jpg,5045626181189_5.jpg,5045626181189_6.jpg,5045626181189_11.jpg",active,Brown,8087531
5045626181219,5045626181189_1.jpg,"5045626181189_1.jpg,5045626181189_2.jpg,5045626181189_3.jpg,5045626181189_4.jpg,5045626181189_5.jpg,5045626181189_6.jpg,5045626181189_11.jpg",active,Brown,8087531
5045626181240,5045626181189_1.jpg,"5045626181189_1.jpg,5045626181189_2.jpg,5045626181189_3.jpg,5045626181189_4.jpg,5045626181189_5.jpg,5045626181189_6.jpg,5045626181189_11.jpg",active,Brown,8087531
5045626181271,5045626181189_1.jpg,"5045626181189_1.jpg,5045626181189_2.jpg,5045626181189_3.jpg,5045626181189_4.jpg,5045626181189_5.jpg,5045626181189_6.jpg,5045626181189_11.jpg",active,Brown,8087531
5045626181301,5045626181189_1.jpg,"5045626181189_1.jpg,5045626181189_2.jpg,5045626181189_3.jpg,5045626181189_4.jpg,5045626181189_5.jpg,5045626181189_6.jpg,5045626181189_11.jpg",active,Brown,8087531
5045626181332,5045626181189_1.jpg,"5045626181189_1.jpg,5045626181189_2.jpg,5045626181189_3.jpg,5045626181189_4.jpg,5045626181189_5.jpg,5045626181189_6.jpg,5045626181189_11.jpg",active,Brown,8087531
5045626181363,5045626181189_1.jpg,"5045626181189_1.jpg,5045626181189_2.jpg,5045626181189_3.jpg,5045626181189_4.jpg,5045626181189_5.jpg,5045626181189_6.jpg,5045626181189_11.jpg",active,Brown,8087531
5045626181394,5045626181189_1.jpg,"5045626181189_1.jpg,5045626181189_2.jpg,5045626181189_3.jpg,5045626181189_4.jpg,5045626181189_5.jpg,5045626181189_6.jpg,5045626181189_11.jpg",active,Brown,8087531
5045626181424,5045626181189_1.jpg,"5045626181189_1.jpg,5045626181189_2.jpg,5045626181189_3.jpg,5045626181189_4.jpg,5045626181189_5.jpg,5045626181189_6.jpg,5045626181189_11.jpg",active,Brown,8087531
5045621856105,5045621856105_1.jpg,"5045621856105_1.jpg,5045621856105_2.jpg,5045621856105_3.jpg,5045621856105_4.jpg,5045621856105_11.jpg",active,Yellow,8089474
5045626054568,5045626054568_1.jpg,"5045626054568_1.jpg,5045626054568_2.jpg,5045626054568_3.jpg,5045626054568_4.jpg,5045626054568_5.jpg,5045626054568_11.jpg",active,Brown,8087445
5045626054599,5045626054568_1.jpg,"5045626054568_1.jpg,5045626054568_2.jpg,5045626054568_3.jpg,5045626054568_4.jpg,5045626054568_5.jpg,5045626054568_11.jpg",active,Brown,8087445
5045626054629,5045626054568_1.jpg,"5045626054568_1.jpg,5045626054568_2.jpg,5045626054568_3.jpg,5045626054568_4.jpg,5045626054568_5.jpg,5045626054568_11.jpg",active,Brown,8087445
5045626054650,5045626054568_1.jpg,"5045626054568_1.jpg,5045626054568_2.jpg,5045626054568_3.jpg,5045626054568_4.jpg,5045626054568_5.jpg,5045626054568_11.jpg",active,Brown,8087445
5045626054681,5045626054568_1.jpg,"5045626054568_1.jpg,5045626054568_2.jpg,5045626054568_3.jpg,5045626054568_4.jpg,5045626054568_5.jpg,5045626054568_11.jpg",active,Brown,8087445
5045626054711,5045626054568_1.jpg,"5045626054568_1.jpg,5045626054568_2.jpg,5045626054568_3.jpg,5045626054568_4.jpg,5045626054568_5.jpg,5045626054568_11.jpg",active,Brown,8087445
5045626054742,5045626054568_1.jpg,"5045626054568_1.jpg,5045626054568_2.jpg,5045626054568_3.jpg,5045626054568_4.jpg,5045626054568_5.jpg,5045626054568_11.jpg",active,Brown,8087445
5045626052250,5045626052250_1.jpg,"5045626052250_1.jpg,5045626052250_2.jpg,5045626052250_3.jpg,5045626052250_4.jpg,5045626052250_5.jpg,5045626052250_6.jpg,5045626052250_11.jpg",active,Brown,8089218
5045626052281,5045626052250_1.jpg,"5045626052250_1.jpg,5045626052250_2.jpg,5045626052250_3.jpg,5045626052250_4.jpg,5045626052250_5.jpg,5045626052250_6.jpg,5045626052250_11.jpg",active,Brown,8089218
5045626052311,5045626052250_1.jpg,"5045626052250_1.jpg,5045626052250_2.jpg,5045626052250_3.jpg,5045626052250_4.jpg,5045626052250_5.jpg,5045626052250_6.jpg,5045626052250_11.jpg",active,Brown,8089218
5045626052342,5045626052250_1.jpg,"5045626052250_1.jpg,5045626052250_2.jpg,5045626052250_3.jpg,5045626052250_4.jpg,5045626052250_5.jpg,5045626052250_6.jpg,5045626052250_11.jpg",active,Brown,8089218
5045626052373,5045626052250_1.jpg,"5045626052250_1.jpg,5045626052250_2.jpg,5045626052250_3.jpg,5045626052250_4.jpg,5045626052250_5.jpg,5045626052250_6.jpg,5045626052250_11.jpg",active,Brown,8089218
5045626052403,5045626052250_1.jpg,"5045626052250_1.jpg,5045626052250_2.jpg,5045626052250_3.jpg,5045626052250_4.jpg,5045626052250_5.jpg,5045626052250_6.jpg,5045626052250_11.jpg",active,Brown,8089218
5045626052434,5045626052250_1.jpg,"5045626052250_1.jpg,5045626052250_2.jpg,5045626052250_3.jpg,5045626052250_4.jpg,5045626052250_5.jpg,5045626052250_6.jpg,5045626052250_11.jpg",active,Brown,8089218
5045626052465,5045626052250_1.jpg,"5045626052250_1.jpg,5045626052250_2.jpg,5045626052250_3.jpg,5045626052250_4.jpg,5045626052250_5.jpg,5045626052250_6.jpg,5045626052250_11.jpg",active,Brown,8089218
5045626052496,5045626052250_1.jpg,"5045626052250_1.jpg,5045626052250_2.jpg,5045626052250_3.jpg,5045626052250_4.jpg,5045626052250_5.jpg,5045626052250_6.jpg,5045626052250_11.jpg",active,Brown,8089218
5045627306376,5045627306376_1.jpg,"5045627306376_1.jpg,5045627306376_2.jpg,5045627306376_3.jpg,5045627306376_4.jpg,5045627306376_5.jpg,5045627306376_11.jpg",active,Black,8087380
5045627306406,5045627306376_1.jpg,"5045627306376_1.jpg,5045627306376_2.jpg,5045627306376_3.jpg,5045627306376_4.jpg,5045627306376_5.jpg,5045627306376_11.jpg",active,Black,8087380
5045627306437,5045627306376_1.jpg,"5045627306376_1.jpg,5045627306376_2.jpg,5045627306376_3.jpg,5045627306376_4.jpg,5045627306376_5.jpg,5045627306376_11.jpg",active,Black,8087380
5045627306468,5045627306376_1.jpg,"5045627306376_1.jpg,5045627306376_2.jpg,5045627306376_3.jpg,5045627306376_4.jpg,5045627306376_5.jpg,5045627306376_11.jpg",active,Black,8087380
5045627306499,5045627306376_1.jpg,"5045627306376_1.jpg,5045627306376_2.jpg,5045627306376_3.jpg,5045627306376_4.jpg,5045627306376_5.jpg,5045627306376_11.jpg",active,Black,8087380
5045627306529,5045627306376_1.jpg,"5045627306376_1.jpg,5045627306376_2.jpg,5045627306376_3.jpg,5045627306376_4.jpg,5045627306376_5.jpg,5045627306376_11.jpg",active,Black,8087380
5045627306550,5045627306376_1.jpg,"5045627306376_1.jpg,5045627306376_2.jpg,5045627306376_3.jpg,5045627306376_4.jpg,5045627306376_5.jpg,5045627306376_11.jpg",active,Black,8087380
5045627306581,5045627306376_1.jpg,"5045627306376_1.jpg,5045627306376_2.jpg,5045627306376_3.jpg,5045627306376_4.jpg,5045627306376_5.jpg,5045627306376_11.jpg",active,Black,8087380
5045625445527,5045625445527_1.jpg,"5045625445527_1.jpg,5045625445527_2.jpg,5045625445527_3.jpg,5045625445527_4.jpg,5045625445527_5.jpg,5045625445527_11.jpg",active,Beige,8087319
5045625445558,5045625445527_1.jpg,"5045625445527_1.jpg,5045625445527_2.jpg,5045625445527_3.jpg,5045625445527_4.jpg,5045625445527_5.jpg,5045625445527_11.jpg",active,Beige,8087319
5045625445589,5045625445527_1.jpg,"5045625445527_1.jpg,5045625445527_2.jpg,5045625445527_3.jpg,5045625445527_4.jpg,5045625445527_5.jpg,5045625445527_11.jpg",active,Beige,8087319
5045625445619,5045625445527_1.jpg,"5045625445527_1.jpg,5045625445527_2.jpg,5045625445527_3.jpg,5045625445527_4.jpg,5045625445527_5.jpg,5045625445527_11.jpg",active,Beige,8087319
5045627406106,5045627406106_1.jpg,"5045627406106_1.jpg,5045627406106_2.jpg,5045627406106_3.jpg,5045627406106_4.jpg,5045627406106_5.jpg,5045627406106_11.jpg",active,Brown,8089262
5045626109947,5045626109947_1.jpg,"5045626109947_1.jpg,5045626109947_2.jpg,5045626109947_3.jpg,5045626109947_4.jpg,5045626109947_5.jpg,5045626109947_11.jpg",active,Blue,8089252
5045626109978,5045626109947_1.jpg,"5045626109947_1.jpg,5045626109947_2.jpg,5045626109947_3.jpg,5045626109947_4.jpg,5045626109947_5.jpg,5045626109947_11.jpg",active,Blue,8089252
5045626110004,5045626109947_1.jpg,"5045626109947_1.jpg,5045626109947_2.jpg,5045626109947_3.jpg,5045626109947_4.jpg,5045626109947_5.jpg,5045626109947_11.jpg",active,Blue,8089252
5045626110035,5045626109947_1.jpg,"5045626109947_1.jpg,5045626109947_2.jpg,5045626109947_3.jpg,5045626109947_4.jpg,5045626109947_5.jpg,5045626109947_11.jpg",active,Blue,8089252
5045626923635,5045626923635_1.jpg,"5045626923635_1.jpg,5045626923635_2.jpg,5045626923635_3.jpg,5045626923635_4.jpg,5045626923635_5.jpg,5045626923635_11.jpg",active,Beige,8087408
5045626923666,5045626923635_1.jpg,"5045626923635_1.jpg,5045626923635_2.jpg,5045626923635_3.jpg,5045626923635_4.jpg,5045626923635_5.jpg,5045626923635_11.jpg",active,Beige,8087408
5045626923697,5045626923635_1.jpg,"5045626923635_1.jpg,5045626923635_2.jpg,5045626923635_3.jpg,5045626923635_4.jpg,5045626923635_5.jpg,5045626923635_11.jpg",active,Beige,8087408
5045626923727,5045626923635_1.jpg,"5045626923635_1.jpg,5045626923635_2.jpg,5045626923635_3.jpg,5045626923635_4.jpg,5045626923635_5.jpg,5045626923635_11.jpg",active,Beige,8087408
5045626923758,5045626923635_1.jpg,"5045626923635_1.jpg,5045626923635_2.jpg,5045626923635_3.jpg,5045626923635_4.jpg,5045626923635_5.jpg,5045626923635_11.jpg",active,Beige,8087408
5045626923789,5045626923635_1.jpg,"5045626923635_1.jpg,5045626923635_2.jpg,5045626923635_3.jpg,5045626923635_4.jpg,5045626923635_5.jpg,5045626923635_11.jpg",active,Beige,8087408
5045626923819,5045626923635_1.jpg,"5045626923635_1.jpg,5045626923635_2.jpg,5045626923635_3.jpg,5045626923635_4.jpg,5045626923635_5.jpg,5045626923635_11.jpg",active,Beige,8087408
5045625903287,5045625903287_1.jpg,"5045625903287_1.jpg,5045625903287_2.jpg,5045625903287_3.jpg,5045625903287_4.jpg,5045625903287_5.jpg,5045625903287_11.jpg",inactive,Beige,8087280
5045625903317,5045625903287_1.jpg,"5045625903287_1.jpg,5045625903287_2.jpg,5045625903287_3.jpg,5045625903287_4.jpg,5045625903287_5.jpg,5045625903287_11.jpg",inactive,Beige,8087280
5045625903348,5045625903287_1.jpg,"5045625903287_1.jpg,5045625903287_2.jpg,5045625903287_3.jpg,5045625903287_4.jpg,5045625903287_5.jpg,5045625903287_11.jpg",inactive,Beige,8087280
5045625903379,5045625903287_1.jpg,"5045625903287_1.jpg,5045625903287_2.jpg,5045625903287_3.jpg,5045625903287_4.jpg,5045625903287_5.jpg,5045625903287_11.jpg",inactive,Beige,8087280
5045625823059,5045625823059_1.jpg,"5045625823059_1.jpg,5045625823059_2.jpg,5045625823059_3.jpg,5045625823059_4.jpg,5045625823059_5.jpg,5045625823059_6.jpg,5045625823059_7.jpg,5045625823059_8.jpg,5045625823059_11.jpg",inactive,Red,8089438
5045625823080,5045625823059_1.jpg,"5045625823059_1.jpg,5045625823059_2.jpg,5045625823059_3.jpg,5045625823059_4.jpg,5045625823059_5.jpg,5045625823059_6.jpg,5045625823059_7.jpg,5045625823059_8.jpg,5045625823059_11.jpg",inactive,Red,8089438
5045625823110,5045625823059_1.jpg,"5045625823059_1.jpg,5045625823059_2.jpg,5045625823059_3.jpg,5045625823059_4.jpg,5045625823059_5.jpg,5045625823059_6.jpg,5045625823059_7.jpg,5045625823059_8.jpg,5045625823059_11.jpg",inactive,Red,8089438
5045621566455,5045621566455_1.jpg,"5045621566455_1.jpg,5045621566455_2.jpg,5045621566455_3.jpg,5045621566455_4.jpg,5045621566455_5.jpg,5045621566455_6.jpg,5045621566455_7.jpg,5045621566455_8.jpg,5045621566455_11.jpg",active,Beige,8089358
5045621566486,5045621566455_1.jpg,"5045621566455_1.jpg,5045621566455_2.jpg,5045621566455_3.jpg,5045621566455_4.jpg,5045621566455_5.jpg,5045621566455_6.jpg,5045621566455_7.jpg,5045621566455_8.jpg,5045621566455_11.jpg",active,Beige,8089358
5045621566516,5045621566455_1.jpg,"5045621566455_1.jpg,5045621566455_2.jpg,5045621566455_3.jpg,5045621566455_4.jpg,5045621566455_5.jpg,5045621566455_6.jpg,5045621566455_7.jpg,5045621566455_8.jpg,5045621566455_11.jpg",active,Beige,8089358
5045621566547,5045621566455_1.jpg,"5045621566455_1.jpg,5045621566455_2.jpg,5045621566455_3.jpg,5045621566455_4.jpg,5045621566455_5.jpg,5045621566455_6.jpg,5045621566455_7.jpg,5045621566455_8.jpg,5045621566455_11.jpg",active,Beige,8089358
5045621566721,5045621566455_1.jpg,"5045621566455_1.jpg,5045621566455_2.jpg,5045621566455_3.jpg,5045621566455_4.jpg,5045621566455_5.jpg,5045621566455_6.jpg,5045621566455_7.jpg,5045621566455_8.jpg,5045621566455_11.jpg",active,Beige,8089358
5045627307458,5045627307458_1.jpg,"5045627307458_1.jpg,5045627307458_2.jpg,5045627307458_3.jpg,5045627307458_4.jpg,5045627307458_5.jpg,5045627307458_11.jpg",active,Black,8087271
5045627307489,5045627307458_1.jpg,"5045627307458_1.jpg,5045627307458_2.jpg,5045627307458_3.jpg,5045627307458_4.jpg,5045627307458_5.jpg,5045627307458_11.jpg",active,Black,8087271
5045627307519,5045627307458_1.jpg,"5045627307458_1.jpg,5045627307458_2.jpg,5045627307458_3.jpg,5045627307458_4.jpg,5045627307458_5.jpg,5045627307458_11.jpg",active,Black,8087271
5045627307540,5045627307458_1.jpg,"5045627307458_1.jpg,5045627307458_2.jpg,5045627307458_3.jpg,5045627307458_4.jpg,5045627307458_5.jpg,5045627307458_11.jpg",active,Black,8087271
5045627307571,5045627307458_1.jpg,"5045627307458_1.jpg,5045627307458_2.jpg,5045627307458_3.jpg,5045627307458_4.jpg,5045627307458_5.jpg,5045627307458_11.jpg",active,Black,8087271
5045627307601,5045627307458_1.jpg,"5045627307458_1.jpg,5045627307458_2.jpg,5045627307458_3.jpg,5045627307458_4.jpg,5045627307458_5.jpg,5045627307458_11.jpg",active,Black,8087271
5045627307632,5045627307458_1.jpg,"5045627307458_1.jpg,5045627307458_2.jpg,5045627307458_3.jpg,5045627307458_4.jpg,5045627307458_5.jpg,5045627307458_11.jpg",active,Black,8087271
5045627307663,5045627307458_1.jpg,"5045627307458_1.jpg,5045627307458_2.jpg,5045627307458_3.jpg,5045627307458_4.jpg,5045627307458_5.jpg,5045627307458_11.jpg",active,Black,8087271
5045627414798,5045627414798_1.jpg,"5045627414798_1.jpg,5045627414798_2.jpg,5045627414798_3.jpg,5045627414798_4.jpg,5045627414798_5.jpg,5045627414798_6.jpg,5045627414798_11.jpg",active,Black,8089269
5045626119540,5045626119540_1.jpg,"5045626119540_1.jpg,5045626119540_2.jpg,5045626119540_3.jpg,5045626119540_4.jpg,5045626119540_5.jpg,5045626119540_11.jpg",active,Black,8087278
5045626119571,5045626119540_1.jpg,"5045626119540_1.jpg,5045626119540_2.jpg,5045626119540_3.jpg,5045626119540_4.jpg,5045626119540_5.jpg,5045626119540_11.jpg",active,Black,8087278
5045626119601,5045626119540_1.jpg,"5045626119540_1.jpg,5045626119540_2.jpg,5045626119540_3.jpg,5045626119540_4.jpg,5045626119540_5.jpg,5045626119540_11.jpg",active,Black,8087278
5045626119632,5045626119540_1.jpg,"5045626119540_1.jpg,5045626119540_2.jpg,5045626119540_3.jpg,5045626119540_4.jpg,5045626119540_5.jpg,5045626119540_11.jpg",active,Black,8087278
5045626119663,5045626119540_1.jpg,"5045626119540_1.jpg,5045626119540_2.jpg,5045626119540_3.jpg,5045626119540_4.jpg,5045626119540_5.jpg,5045626119540_11.jpg",active,Black,8087278
5045626119694,5045626119540_1.jpg,"5045626119540_1.jpg,5045626119540_2.jpg,5045626119540_3.jpg,5045626119540_4.jpg,5045626119540_5.jpg,5045626119540_11.jpg",active,Black,8087278
5045626119724,5045626119540_1.jpg,"5045626119540_1.jpg,5045626119540_2.jpg,5045626119540_3.jpg,5045626119540_4.jpg,5045626119540_5.jpg,5045626119540_11.jpg",active,Black,8087278
5045626738895,5045626738895_1.jpg,"5045626738895_1.jpg,5045626738895_2.jpg,5045626738895_3.jpg,5045626738895_4.jpg,5045626738895_5.jpg,5045626738895_6.jpg,5045626738895_7.jpg,5045626738895_8.jpg,5045626738895_9.jpg,5045626738895_11.jpg",active,Yellow,8089342
5045623908475,5045623908475_1.jpg,"5045623908475_1.jpg,5045623908475_2.jpg,5045623908475_3.jpg,5045623908475_4.jpg,5045623908475_5.jpg,5045623908475_6.jpg,5045623908475_11.jpg",active,Black,8087347
5045623908505,5045623908475_1.jpg,"5045623908475_1.jpg,5045623908475_2.jpg,5045623908475_3.jpg,5045623908475_4.jpg,5045623908475_5.jpg,5045623908475_6.jpg,5045623908475_11.jpg",active,Black,8087347
5045623908536,5045623908475_1.jpg,"5045623908475_1.jpg,5045623908475_2.jpg,5045623908475_3.jpg,5045623908475_4.jpg,5045623908475_5.jpg,5045623908475_6.jpg,5045623908475_11.jpg",active,Black,8087347
5045623908567,5045623908475_1.jpg,"5045623908475_1.jpg,5045623908475_2.jpg,5045623908475_3.jpg,5045623908475_4.jpg,5045623908475_5.jpg,5045623908475_6.jpg,5045623908475_11.jpg",active,Black,8087347
5045623908598,5045623908475_1.jpg,"5045623908475_1.jpg,5045623908475_2.jpg,5045623908475_3.jpg,5045623908475_4.jpg,5045623908475_5.jpg,5045623908475_6.jpg,5045623908475_11.jpg",active,Black,8087347
5045623908628,5045623908475_1.jpg,"5045623908475_1.jpg,5045623908475_2.jpg,5045623908475_3.jpg,5045623908475_4.jpg,5045623908475_5.jpg,5045623908475_6.jpg,5045623908475_11.jpg",active,Black,8087347
5045623908659,5045623908475_1.jpg,"5045623908475_1.jpg,5045623908475_2.jpg,5045623908475_3.jpg,5045623908475_4.jpg,5045623908475_5.jpg,5045623908475_6.jpg,5045623908475_11.jpg",active,Black,8087347
5045623908680,5045623908475_1.jpg,"5045623908475_1.jpg,5045623908475_2.jpg,5045623908475_3.jpg,5045623908475_4.jpg,5045623908475_5.jpg,5045623908475_6.jpg,5045623908475_11.jpg",active,Black,8087347
5045623908710,5045623908475_1.jpg,"5045623908475_1.jpg,5045623908475_2.jpg,5045623908475_3.jpg,5045623908475_4.jpg,5045623908475_5.jpg,5045623908475_6.jpg,5045623908475_11.jpg",active,Black,8087347
5045623908741,5045623908475_1.jpg,"5045623908475_1.jpg,5045623908475_2.jpg,5045623908475_3.jpg,5045623908475_4.jpg,5045623908475_5.jpg,5045623908475_6.jpg,5045623908475_11.jpg",active,Black,8087347
5045625876154,5045625876154_1.jpg,"5045625876154_1.jpg,5045625876154_2.jpg,5045625876154_3.jpg,5045625876154_4.jpg,5045625876154_5.jpg,5045625876154_6.jpg,5045625876154_7.jpg,5045625876154_11.jpg",active,Grey,8087576
5045625876185,5045625876154_1.jpg,"5045625876154_1.jpg,5045625876154_2.jpg,5045625876154_3.jpg,5045625876154_4.jpg,5045625876154_5.jpg,5045625876154_6.jpg,5045625876154_7.jpg,5045625876154_11.jpg",active,Grey,8087576
5045625876215,5045625876154_1.jpg,"5045625876154_1.jpg,5045625876154_2.jpg,5045625876154_3.jpg,5045625876154_4.jpg,5045625876154_5.jpg,5045625876154_6.jpg,5045625876154_7.jpg,5045625876154_11.jpg",active,Grey,8087576
5045625876246,5045625876154_1.jpg,"5045625876154_1.jpg,5045625876154_2.jpg,5045625876154_3.jpg,5045625876154_4.jpg,5045625876154_5.jpg,5045625876154_6.jpg,5045625876154_7.jpg,5045625876154_11.jpg",active,Grey,8087576
5045625876277,5045625876154_1.jpg,"5045625876154_1.jpg,5045625876154_2.jpg,5045625876154_3.jpg,5045625876154_4.jpg,5045625876154_5.jpg,5045625876154_6.jpg,5045625876154_7.jpg,5045625876154_11.jpg",active,Grey,8087576
5045625876307,5045625876154_1.jpg,"5045625876154_1.jpg,5045625876154_2.jpg,5045625876154_3.jpg,5045625876154_4.jpg,5045625876154_5.jpg,5045625876154_6.jpg,5045625876154_7.jpg,5045625876154_11.jpg",active,Grey,8087576
5045625876338,5045625876154_1.jpg,"5045625876154_1.jpg,5045625876154_2.jpg,5045625876154_3.jpg,5045625876154_4.jpg,5045625876154_5.jpg,5045625876154_6.jpg,5045625876154_7.jpg,5045625876154_11.jpg",active,Grey,8087576
5045625876369,5045625876154_1.jpg,"5045625876154_1.jpg,5045625876154_2.jpg,5045625876154_3.jpg,5045625876154_4.jpg,5045625876154_5.jpg,5045625876154_6.jpg,5045625876154_7.jpg,5045625876154_11.jpg",active,Grey,8087576
5045625876390,5045625876154_1.jpg,"5045625876154_1.jpg,5045625876154_2.jpg,5045625876154_3.jpg,5045625876154_4.jpg,5045625876154_5.jpg,5045625876154_6.jpg,5045625876154_7.jpg,5045625876154_11.jpg",active,Grey,8087576
5045625876420,5045625876154_1.jpg,"5045625876154_1.jpg,5045625876154_2.jpg,5045625876154_3.jpg,5045625876154_4.jpg,5045625876154_5.jpg,5045625876154_6.jpg,5045625876154_7.jpg,5045625876154_11.jpg",active,Grey,8087576
5045625876451,5045625876154_1.jpg,"5045625876154_1.jpg,5045625876154_2.jpg,5045625876154_3.jpg,5045625876154_4.jpg,5045625876154_5.jpg,5045625876154_6.jpg,5045625876154_7.jpg,5045625876154_11.jpg",active,Grey,8087576
5045625876482,5045625876154_1.jpg,"5045625876154_1.jpg,5045625876154_2.jpg,5045625876154_3.jpg,5045625876154_4.jpg,5045625876154_5.jpg,5045625876154_6.jpg,5045625876154_7.jpg,5045625876154_11.jpg",active,Grey,8087576
5045625876512,5045625876154_1.jpg,"5045625876154_1.jpg,5045625876154_2.jpg,5045625876154_3.jpg,5045625876154_4.jpg,5045625876154_5.jpg,5045625876154_6.jpg,5045625876154_7.jpg,5045625876154_11.jpg",active,Grey,8087576
5045625876543,5045625876154_1.jpg,"5045625876154_1.jpg,5045625876154_2.jpg,5045625876154_3.jpg,5045625876154_4.jpg,5045625876154_5.jpg,5045625876154_6.jpg,5045625876154_7.jpg,5045625876154_11.jpg",active,Grey,8087576
5045625876574,5045625876154_1.jpg,"5045625876154_1.jpg,5045625876154_2.jpg,5045625876154_3.jpg,5045625876154_4.jpg,5045625876154_5.jpg,5045625876154_6.jpg,5045625876154_7.jpg,5045625876154_11.jpg",active,Grey,8087576
5045625876604,5045625876154_1.jpg,"5045625876154_1.jpg,5045625876154_2.jpg,5045625876154_3.jpg,5045625876154_4.jpg,5045625876154_5.jpg,5045625876154_6.jpg,5045625876154_7.jpg,5045625876154_11.jpg",active,Grey,8087576
5045625876635,5045625876154_1.jpg,"5045625876154_1.jpg,5045625876154_2.jpg,5045625876154_3.jpg,5045625876154_4.jpg,5045625876154_5.jpg,5045625876154_6.jpg,5045625876154_7.jpg,5045625876154_11.jpg",active,Grey,8087576
5045625876666,5045625876154_1.jpg,"5045625876154_1.jpg,5045625876154_2.jpg,5045625876154_3.jpg,5045625876154_4.jpg,5045625876154_5.jpg,5045625876154_6.jpg,5045625876154_7.jpg,5045625876154_11.jpg",active,Grey,8087576
5045625876697,5045625876154_1.jpg,"5045625876154_1.jpg,5045625876154_2.jpg,5045625876154_3.jpg,5045625876154_4.jpg,5045625876154_5.jpg,5045625876154_6.jpg,5045625876154_7.jpg,5045625876154_11.jpg",active,Grey,8087576
5045625876727,5045625876154_1.jpg,"5045625876154_1.jpg,5045625876154_2.jpg,5045625876154_3.jpg,5045625876154_4.jpg,5045625876154_5.jpg,5045625876154_6.jpg,5045625876154_7.jpg,5045625876154_11.jpg",active,Grey,8087576
5045625876758,5045625876154_1.jpg,"5045625876154_1.jpg,5045625876154_2.jpg,5045625876154_3.jpg,5045625876154_4.jpg,5045625876154_5.jpg,5045625876154_6.jpg,5045625876154_7.jpg,5045625876154_11.jpg",active,Grey,8087576
5045627556177,5045627556177_1.jpg,"5045627556177_1.jpg,5045627556177_2.jpg,5045627556177_3.jpg,5045627556177_4.jpg,5045627556177_5.jpg,5045627556177_11.jpg",active,Brown,8087609
5045627556207,5045627556177_1.jpg,"5045627556177_1.jpg,5045627556177_2.jpg,5045627556177_3.jpg,5045627556177_4.jpg,5045627556177_5.jpg,5045627556177_11.jpg",active,Brown,8087609
5045627556238,5045627556177_1.jpg,"5045627556177_1.jpg,5045627556177_2.jpg,5045627556177_3.jpg,5045627556177_4.jpg,5045627556177_5.jpg,5045627556177_11.jpg",active,Brown,8087609
5045627556269,5045627556177_1.jpg,"5045627556177_1.jpg,5045627556177_2.jpg,5045627556177_3.jpg,5045627556177_4.jpg,5045627556177_5.jpg,5045627556177_11.jpg",active,Brown,8087609
5045627556290,5045627556177_1.jpg,"5045627556177_1.jpg,5045627556177_2.jpg,5045627556177_3.jpg,5045627556177_4.jpg,5045627556177_5.jpg,5045627556177_11.jpg",active,Brown,8087609
5045627556320,5045627556177_1.jpg,"5045627556177_1.jpg,5045627556177_2.jpg,5045627556177_3.jpg,5045627556177_4.jpg,5045627556177_5.jpg,5045627556177_11.jpg",active,Brown,8087609
5045627556351,5045627556177_1.jpg,"5045627556177_1.jpg,5045627556177_2.jpg,5045627556177_3.jpg,5045627556177_4.jpg,5045627556177_5.jpg,5045627556177_11.jpg",active,Brown,8087609
5045627556382,5045627556177_1.jpg,"5045627556177_1.jpg,5045627556177_2.jpg,5045627556177_3.jpg,5045627556177_4.jpg,5045627556177_5.jpg,5045627556177_11.jpg",active,Brown,8087609
5045627556412,5045627556177_1.jpg,"5045627556177_1.jpg,5045627556177_2.jpg,5045627556177_3.jpg,5045627556177_4.jpg,5045627556177_5.jpg,5045627556177_11.jpg",active,Brown,8087609
5045627556443,5045627556177_1.jpg,"5045627556177_1.jpg,5045627556177_2.jpg,5045627556177_3.jpg,5045627556177_4.jpg,5045627556177_5.jpg,5045627556177_11.jpg",active,Brown,8087609
5045627556474,5045627556177_1.jpg,"5045627556177_1.jpg,5045627556177_2.jpg,5045627556177_3.jpg,5045627556177_4.jpg,5045627556177_5.jpg,5045627556177_11.jpg",active,Brown,8087609
5045627556504,5045627556177_1.jpg,"5045627556177_1.jpg,5045627556177_2.jpg,5045627556177_3.jpg,5045627556177_4.jpg,5045627556177_5.jpg,5045627556177_11.jpg",active,Brown,8087609
5045627556535,5045627556177_1.jpg,"5045627556177_1.jpg,5045627556177_2.jpg,5045627556177_3.jpg,5045627556177_4.jpg,5045627556177_5.jpg,5045627556177_11.jpg",active,Brown,8087609
5045553999741,5045553999741_1.jpg,"5045553999741_1.jpg,5045553999741_2.jpg,5045553999741_3.jpg,5045553999741_4.jpg,5045553999741_5.jpg,5045553999741_6.jpg,5045553999741_7.jpg,5045553999741_8.jpg,5045553999741_11.jpg",active,Yellow,8087369
5045553999772,5045553999741_1.jpg,"5045553999741_1.jpg,5045553999741_2.jpg,5045553999741_3.jpg,5045553999741_4.jpg,5045553999741_5.jpg,5045553999741_6.jpg,5045553999741_7.jpg,5045553999741_8.jpg,5045553999741_11.jpg",active,Yellow,8087369
5045553999802,5045553999741_1.jpg,"5045553999741_1.jpg,5045553999741_2.jpg,5045553999741_3.jpg,5045553999741_4.jpg,5045553999741_5.jpg,5045553999741_6.jpg,5045553999741_7.jpg,5045553999741_8.jpg,5045553999741_11.jpg",active,Yellow,8087369
5045553999833,5045553999741_1.jpg,"5045553999741_1.jpg,5045553999741_2.jpg,5045553999741_3.jpg,5045553999741_4.jpg,5045553999741_5.jpg,5045553999741_6.jpg,5045553999741_7.jpg,5045553999741_8.jpg,5045553999741_11.jpg",active,Yellow,8087369
5045553999895,5045553999741_1.jpg,"5045553999741_1.jpg,5045553999741_2.jpg,5045553999741_3.jpg,5045553999741_4.jpg,5045553999741_5.jpg,5045553999741_6.jpg,5045553999741_7.jpg,5045553999741_8.jpg,5045553999741_11.jpg",active,Yellow,8087369
5045553999956,5045553999741_1.jpg,"5045553999741_1.jpg,5045553999741_2.jpg,5045553999741_3.jpg,5045553999741_4.jpg,5045553999741_5.jpg,5045553999741_6.jpg,5045553999741_7.jpg,5045553999741_8.jpg,5045553999741_11.jpg",active,Yellow,8087369
5045556648325,5045553999741_1.jpg,"5045553999741_1.jpg,5045553999741_2.jpg,5045553999741_3.jpg,5045553999741_4.jpg,5045553999741_5.jpg,5045553999741_6.jpg,5045553999741_7.jpg,5045553999741_8.jpg,5045553999741_11.jpg",active,Yellow,8087369
5045625466041,5045625466041_1.jpg,"5045625466041_1.jpg,5045625466041_2.jpg,5045625466041_3.jpg,5045625466041_4.jpg,5045625466041_5.jpg,5045625466041_11.jpg",active,Beige,8087285
5045625466072,5045625466041_1.jpg,"5045625466041_1.jpg,5045625466041_2.jpg,5045625466041_3.jpg,5045625466041_4.jpg,5045625466041_5.jpg,5045625466041_11.jpg",active,Beige,8087285
5045625466102,5045625466041_1.jpg,"5045625466041_1.jpg,5045625466041_2.jpg,5045625466041_3.jpg,5045625466041_4.jpg,5045625466041_5.jpg,5045625466041_11.jpg",active,Beige,8087285
5045625466133,5045625466041_1.jpg,"5045625466041_1.jpg,5045625466041_2.jpg,5045625466041_3.jpg,5045625466041_4.jpg,5045625466041_5.jpg,5045625466041_11.jpg",active,Beige,8087285
5045622971456,5045622971456_1.jpg,"5045622971456_1.jpg,5045622971456_2.jpg,5045622971456_3.jpg,5045622971456_4.jpg,5045622971456_5.jpg,5045622971456_6.jpg,5045622971456_11.jpg",active,Grey,8087596
5045622971487,5045622971456_1.jpg,"5045622971456_1.jpg,5045622971456_2.jpg,5045622971456_3.jpg,5045622971456_4.jpg,5045622971456_5.jpg,5045622971456_6.jpg,5045622971456_11.jpg",active,Grey,8087596
5045622971517,5045622971456_1.jpg,"5045622971456_1.jpg,5045622971456_2.jpg,5045622971456_3.jpg,5045622971456_4.jpg,5045622971456_5.jpg,5045622971456_6.jpg,5045622971456_11.jpg",active,Grey,8087596
5045622971548,5045622971456_1.jpg,"5045622971456_1.jpg,5045622971456_2.jpg,5045622971456_3.jpg,5045622971456_4.jpg,5045622971456_5.jpg,5045622971456_6.jpg,5045622971456_11.jpg",active,Grey,8087596
5045622971579,5045622971456_1.jpg,"5045622971456_1.jpg,5045622971456_2.jpg,5045622971456_3.jpg,5045622971456_4.jpg,5045622971456_5.jpg,5045622971456_6.jpg,5045622971456_11.jpg",active,Grey,8087596
5045622971609,5045622971456_1.jpg,"5045622971456_1.jpg,5045622971456_2.jpg,5045622971456_3.jpg,5045622971456_4.jpg,5045622971456_5.jpg,5045622971456_6.jpg,5045622971456_11.jpg",active,Grey,8087596
5045622971630,5045622971456_1.jpg,"5045622971456_1.jpg,5045622971456_2.jpg,5045622971456_3.jpg,5045622971456_4.jpg,5045622971456_5.jpg,5045622971456_6.jpg,5045622971456_11.jpg",active,Grey,8087596
5045622971661,5045622971456_1.jpg,"5045622971456_1.jpg,5045622971456_2.jpg,5045622971456_3.jpg,5045622971456_4.jpg,5045622971456_5.jpg,5045622971456_6.jpg,5045622971456_11.jpg",active,Grey,8087596
5045622971692,5045622971456_1.jpg,"5045622971456_1.jpg,5045622971456_2.jpg,5045622971456_3.jpg,5045622971456_4.jpg,5045622971456_5.jpg,5045622971456_6.jpg,5045622971456_11.jpg",active,Grey,8087596
5045622971722,5045622971456_1.jpg,"5045622971456_1.jpg,5045622971456_2.jpg,5045622971456_3.jpg,5045622971456_4.jpg,5045622971456_5.jpg,5045622971456_6.jpg,5045622971456_11.jpg",active,Grey,8087596
5045622971753,5045622971456_1.jpg,"5045622971456_1.jpg,5045622971456_2.jpg,5045622971456_3.jpg,5045622971456_4.jpg,5045622971456_5.jpg,5045622971456_6.jpg,5045622971456_11.jpg",active,Grey,8087596
5045622971784,5045622971456_1.jpg,"5045622971456_1.jpg,5045622971456_2.jpg,5045622971456_3.jpg,5045622971456_4.jpg,5045622971456_5.jpg,5045622971456_6.jpg,5045622971456_11.jpg",active,Grey,8087596
5045622971814,5045622971456_1.jpg,"5045622971456_1.jpg,5045622971456_2.jpg,5045622971456_3.jpg,5045622971456_4.jpg,5045622971456_5.jpg,5045622971456_6.jpg,5045622971456_11.jpg",active,Grey,8087596
5045627337615,5045627337615_1.jpg,"5045627337615_1.jpg,5045627337615_2.jpg,5045627337615_3.jpg,5045627337615_4.jpg,5045627337615_5.jpg,5045627337615_6.jpg,5045627337615_11.jpg",active,Blue,8087288
5045627337646,5045627337615_1.jpg,"5045627337615_1.jpg,5045627337615_2.jpg,5045627337615_3.jpg,5045627337615_4.jpg,5045627337615_5.jpg,5045627337615_6.jpg,5045627337615_11.jpg",active,Blue,8087288
5045627337677,5045627337615_1.jpg,"5045627337615_1.jpg,5045627337615_2.jpg,5045627337615_3.jpg,5045627337615_4.jpg,5045627337615_5.jpg,5045627337615_6.jpg,5045627337615_11.jpg",active,Blue,8087288
5045627337707,5045627337615_1.jpg,"5045627337615_1.jpg,5045627337615_2.jpg,5045627337615_3.jpg,5045627337615_4.jpg,5045627337615_5.jpg,5045627337615_6.jpg,5045627337615_11.jpg",active,Blue,8087288
5045627337738,5045627337615_1.jpg,"5045627337615_1.jpg,5045627337615_2.jpg,5045627337615_3.jpg,5045627337615_4.jpg,5045627337615_5.jpg,5045627337615_6.jpg,5045627337615_11.jpg",active,Blue,8087288
5045627337769,5045627337615_1.jpg,"5045627337615_1.jpg,5045627337615_2.jpg,5045627337615_3.jpg,5045627337615_4.jpg,5045627337615_5.jpg,5045627337615_6.jpg,5045627337615_11.jpg",active,Blue,8087288
5045627337790,5045627337615_1.jpg,"5045627337615_1.jpg,5045627337615_2.jpg,5045627337615_3.jpg,5045627337615_4.jpg,5045627337615_5.jpg,5045627337615_6.jpg,5045627337615_11.jpg",active,Blue,8087288
5045559257470,5045559257470_1.jpg,"5045559257470_1.jpg,5045559257470_2.jpg,5045559257470_3.jpg,5045559257470_4.jpg,5045559257470_5.jpg,5045559257470_11.jpg",active,Beige,8087526
5045559257531,5045559257470_1.jpg,"5045559257470_1.jpg,5045559257470_2.jpg,5045559257470_3.jpg,5045559257470_4.jpg,5045559257470_5.jpg,5045559257470_11.jpg",active,Beige,8087526
5045559257593,5045559257470_1.jpg,"5045559257470_1.jpg,5045559257470_2.jpg,5045559257470_3.jpg,5045559257470_4.jpg,5045559257470_5.jpg,5045559257470_11.jpg",active,Beige,8087526
5045559257654,5045559257470_1.jpg,"5045559257470_1.jpg,5045559257470_2.jpg,5045559257470_3.jpg,5045559257470_4.jpg,5045559257470_5.jpg,5045559257470_11.jpg",active,Beige,8087526
5045559257715,5045559257470_1.jpg,"5045559257470_1.jpg,5045559257470_2.jpg,5045559257470_3.jpg,5045559257470_4.jpg,5045559257470_5.jpg,5045559257470_11.jpg",active,Beige,8087526
5045559257777,5045559257470_1.jpg,"5045559257470_1.jpg,5045559257470_2.jpg,5045559257470_3.jpg,5045559257470_4.jpg,5045559257470_5.jpg,5045559257470_11.jpg",active,Beige,8087526
5045559257838,5045559257470_1.jpg,"5045559257470_1.jpg,5045559257470_2.jpg,5045559257470_3.jpg,5045559257470_4.jpg,5045559257470_5.jpg,5045559257470_11.jpg",active,Beige,8087526
5045625955514,5045625955514_1.jpg,"5045625955514_1.jpg,5045625955514_2.jpg,5045625955514_3.jpg,5045625955514_4.jpg,5045625955514_5.jpg,5045625955514_6.jpg,5045625955514_11.jpg",inactive,Green,8089371
5045625955545,5045625955514_1.jpg,"5045625955514_1.jpg,5045625955514_2.jpg,5045625955514_3.jpg,5045625955514_4.jpg,5045625955514_5.jpg,5045625955514_6.jpg,5045625955514_11.jpg",inactive,Green,8089371
5045625955576,5045625955514_1.jpg,"5045625955514_1.jpg,5045625955514_2.jpg,5045625955514_3.jpg,5045625955514_4.jpg,5045625955514_5.jpg,5045625955514_6.jpg,5045625955514_11.jpg",inactive,Green,8089371
5045625955606,5045625955514_1.jpg,"5045625955514_1.jpg,5045625955514_2.jpg,5045625955514_3.jpg,5045625955514_4.jpg,5045625955514_5.jpg,5045625955514_6.jpg,5045625955514_11.jpg",inactive,Green,8089371
5045625955637,5045625955514_1.jpg,"5045625955514_1.jpg,5045625955514_2.jpg,5045625955514_3.jpg,5045625955514_4.jpg,5045625955514_5.jpg,5045625955514_6.jpg,5045625955514_11.jpg",inactive,Green,8089371
5045625955729,5045625955514_1.jpg,"5045625955514_1.jpg,5045625955514_2.jpg,5045625955514_3.jpg,5045625955514_4.jpg,5045625955514_5.jpg,5045625955514_6.jpg,5045625955514_11.jpg",inactive,Green,8089371
5045625955750,5045625955514_1.jpg,"5045625955514_1.jpg,5045625955514_2.jpg,5045625955514_3.jpg,5045625955514_4.jpg,5045625955514_5.jpg,5045625955514_6.jpg,5045625955514_11.jpg",inactive,Green,8089371
5045625955781,5045625955514_1.jpg,"5045625955514_1.jpg,5045625955514_2.jpg,5045625955514_3.jpg,5045625955514_4.jpg,5045625955514_5.jpg,5045625955514_6.jpg,5045625955514_11.jpg",inactive,Green,8089371
5045625955811,5045625955514_1.jpg,"5045625955514_1.jpg,5045625955514_2.jpg,5045625955514_3.jpg,5045625955514_4.jpg,5045625955514_5.jpg,5045625955514_6.jpg,5045625955514_11.jpg",inactive,Green,8089371
5045625955842,5045625955514_1.jpg,"5045625955514_1.jpg,5045625955514_2.jpg,5045625955514_3.jpg,5045625955514_4.jpg,5045625955514_5.jpg,5045625955514_6.jpg,5045625955514_11.jpg",inactive,Green,8089371
5045627019641,5045627019641_1.jpg,"5045627019641_1.jpg,5045627019641_2.jpg,5045627019641_3.jpg,5045627019641_4.jpg,5045627019641_5.jpg,5045627019641_6.jpg,5045627019641_11.jpg",active,Beige,8087320
5045627019672,5045627019641_1.jpg,"5045627019641_1.jpg,5045627019641_2.jpg,5045627019641_3.jpg,5045627019641_4.jpg,5045627019641_5.jpg,5045627019641_6.jpg,5045627019641_11.jpg",active,Beige,8087320
5045627019702,5045627019641_1.jpg,"5045627019641_1.jpg,5045627019641_2.jpg,5045627019641_3.jpg,5045627019641_4.jpg,5045627019641_5.jpg,5045627019641_6.jpg,5045627019641_11.jpg",active,Beige,8087320
5045627019733,5045627019641_1.jpg,"5045627019641_1.jpg,5045627019641_2.jpg,5045627019641_3.jpg,5045627019641_4.jpg,5045627019641_5.jpg,5045627019641_6.jpg,5045627019641_11.jpg",active,Beige,8087320
5045627019764,5045627019641_1.jpg,"5045627019641_1.jpg,5045627019641_2.jpg,5045627019641_3.jpg,5045627019641_4.jpg,5045627019641_5.jpg,5045627019641_6.jpg,5045627019641_11.jpg",active,Beige,8087320
5045627019795,5045627019641_1.jpg,"5045627019641_1.jpg,5045627019641_2.jpg,5045627019641_3.jpg,5045627019641_4.jpg,5045627019641_5.jpg,5045627019641_6.jpg,5045627019641_11.jpg",active,Beige,8087320
5045627019825,5045627019641_1.jpg,"5045627019641_1.jpg,5045627019641_2.jpg,5045627019641_3.jpg,5045627019641_4.jpg,5045627019641_5.jpg,5045627019641_6.jpg,5045627019641_11.jpg",active,Beige,8087320
5045627019856,5045627019641_1.jpg,"5045627019641_1.jpg,5045627019641_2.jpg,5045627019641_3.jpg,5045627019641_4.jpg,5045627019641_5.jpg,5045627019641_6.jpg,5045627019641_11.jpg",active,Beige,8087320
5045627019887,5045627019641_1.jpg,"5045627019641_1.jpg,5045627019641_2.jpg,5045627019641_3.jpg,5045627019641_4.jpg,5045627019641_5.jpg,5045627019641_6.jpg,5045627019641_11.jpg",active,Beige,8087320
5045627019917,5045627019641_1.jpg,"5045627019641_1.jpg,5045627019641_2.jpg,5045627019641_3.jpg,5045627019641_4.jpg,5045627019641_5.jpg,5045627019641_6.jpg,5045627019641_11.jpg",active,Beige,8087320
5045627405116,5045627405116_1.jpg,"5045627405116_1.jpg,5045627405116_2.jpg,5045627405116_3.jpg,5045627405116_4.jpg,5045627405116_5.jpg,5045627405116_6.jpg,5045627405116_7.jpg,5045627405116_8.jpg,5045627405116_11.jpg",active,Black,8087527
5045627405147,5045627405116_1.jpg,"5045627405116_1.jpg,5045627405116_2.jpg,5045627405116_3.jpg,5045627405116_4.jpg,5045627405116_5.jpg,5045627405116_6.jpg,5045627405116_7.jpg,5045627405116_8.jpg,5045627405116_11.jpg",active,Black,8087527
5045627405178,5045627405116_1.jpg,"5045627405116_1.jpg,5045627405116_2.jpg,5045627405116_3.jpg,5045627405116_4.jpg,5045627405116_5.jpg,5045627405116_6.jpg,5045627405116_7.jpg,5045627405116_8.jpg,5045627405116_11.jpg",active,Black,8087527
5045627405208,5045627405116_1.jpg,"5045627405116_1.jpg,5045627405116_2.jpg,5045627405116_3.jpg,5045627405116_4.jpg,5045627405116_5.jpg,5045627405116_6.jpg,5045627405116_7.jpg,5045627405116_8.jpg,5045627405116_11.jpg",active,Black,8087527
5045627405239,5045627405116_1.jpg,"5045627405116_1.jpg,5045627405116_2.jpg,5045627405116_3.jpg,5045627405116_4.jpg,5045627405116_5.jpg,5045627405116_6.jpg,5045627405116_7.jpg,5045627405116_8.jpg,5045627405116_11.jpg",active,Black,8087527
5045627405260,5045627405116_1.jpg,"5045627405116_1.jpg,5045627405116_2.jpg,5045627405116_3.jpg,5045627405116_4.jpg,5045627405116_5.jpg,5045627405116_6.jpg,5045627405116_7.jpg,5045627405116_8.jpg,5045627405116_11.jpg",active,Black,8087527
5045627405291,5045627405116_1.jpg,"5045627405116_1.jpg,5045627405116_2.jpg,5045627405116_3.jpg,5045627405116_4.jpg,5045627405116_5.jpg,5045627405116_6.jpg,5045627405116_7.jpg,5045627405116_8.jpg,5045627405116_11.jpg",active,Black,8087527
5045627095140,5045627095140_1.jpg,"5045627095140_1.jpg,5045627095140_2.jpg,5045627095140_3.jpg,5045627095140_4.jpg,5045627095140_5.jpg,5045627095140_11.jpg",active,Grey,8089309
5045627095171,5045627095140_1.jpg,"5045627095140_1.jpg,5045627095140_2.jpg,5045627095140_3.jpg,5045627095140_4.jpg,5045627095140_5.jpg,5045627095140_11.jpg",active,Grey,8089309
5045627095201,5045627095140_1.jpg,"5045627095140_1.jpg,5045627095140_2.jpg,5045627095140_3.jpg,5045627095140_4.jpg,5045627095140_5.jpg,5045627095140_11.jpg",active,Grey,8089309
5045627095232,5045627095140_1.jpg,"5045627095140_1.jpg,5045627095140_2.jpg,5045627095140_3.jpg,5045627095140_4.jpg,5045627095140_5.jpg,5045627095140_11.jpg",active,Grey,8089309
5045627095263,5045627095140_1.jpg,"5045627095140_1.jpg,5045627095140_2.jpg,5045627095140_3.jpg,5045627095140_4.jpg,5045627095140_5.jpg,5045627095140_11.jpg",active,Grey,8089309
5045627095294,5045627095140_1.jpg,"5045627095140_1.jpg,5045627095140_2.jpg,5045627095140_3.jpg,5045627095140_4.jpg,5045627095140_5.jpg,5045627095140_11.jpg",active,Grey,8089309
5045627095324,5045627095140_1.jpg,"5045627095140_1.jpg,5045627095140_2.jpg,5045627095140_3.jpg,5045627095140_4.jpg,5045627095140_5.jpg,5045627095140_11.jpg",active,Grey,8089309
5045627095355,5045627095140_1.jpg,"5045627095140_1.jpg,5045627095140_2.jpg,5045627095140_3.jpg,5045627095140_4.jpg,5045627095140_5.jpg,5045627095140_11.jpg",active,Grey,8089309
5045624577625,5045624577625_1.jpg,"5045624577625_1.jpg,5045624577625_2.jpg,5045624577625_3.jpg,5045624577625_4.jpg,5045624577625_5.jpg,5045624577625_6.jpg,5045624577625_7.jpg,5045624577625_8.jpg,5045624577625_9.jpg,5045624577625_11.jpg",inactive,Brown,8089465
5045627621776,5045627621776_1.jpg,"5045627621776_1.jpg,5045627621776_2.jpg,5045627621776_3.jpg,5045627621776_4.jpg,5045627621776_5.jpg,5045627621776_6.jpg,5045627621776_11.jpg",active,Grey,8087312
5045625438598,5045625438598_1.jpg,"5045625438598_1.jpg,5045625438598_2.jpg,5045625438598_3.jpg,5045625438598_4.jpg,5045625438598_5.jpg,5045625438598_11.jpg",active,White,8087315
5045625438628,5045625438598_1.jpg,"5045625438598_1.jpg,5045625438598_2.jpg,5045625438598_3.jpg,5045625438598_4.jpg,5045625438598_5.jpg,5045625438598_11.jpg",active,White,8087315
5045625438659,5045625438598_1.jpg,"5045625438598_1.jpg,5045625438598_2.jpg,5045625438598_3.jpg,5045625438598_4.jpg,5045625438598_5.jpg,5045625438598_11.jpg",active,White,8087315
5045625438680,5045625438598_1.jpg,"5045625438598_1.jpg,5045625438598_2.jpg,5045625438598_3.jpg,5045625438598_4.jpg,5045625438598_5.jpg,5045625438598_11.jpg",active,White,8087315
5045625438710,5045625438598_1.jpg,"5045625438598_1.jpg,5045625438598_2.jpg,5045625438598_3.jpg,5045625438598_4.jpg,5045625438598_5.jpg,5045625438598_11.jpg",active,White,8087315
5045625438741,5045625438598_1.jpg,"5045625438598_1.jpg,5045625438598_2.jpg,5045625438598_3.jpg,5045625438598_4.jpg,5045625438598_5.jpg,5045625438598_11.jpg",active,White,8087315
5045625438772,5045625438598_1.jpg,"5045625438598_1.jpg,5045625438598_2.jpg,5045625438598_3.jpg,5045625438598_4.jpg,5045625438598_5.jpg,5045625438598_11.jpg",active,White,8087315
5045626138329,5045626138329_1.jpg,"5045626138329_1.jpg,5045626138329_2.jpg,5045626138329_3.jpg,5045626138329_11.jpg",active,Green,8089236
5045626138350,5045626138329_1.jpg,"5045626138329_1.jpg,5045626138329_2.jpg,5045626138329_3.jpg,5045626138329_11.jpg",active,Green,8089236
5045626138381,5045626138329_1.jpg,"5045626138329_1.jpg,5045626138329_2.jpg,5045626138329_3.jpg,5045626138329_11.jpg",active,Green,8089236
5045626138411,5045626138329_1.jpg,"5045626138329_1.jpg,5045626138329_2.jpg,5045626138329_3.jpg,5045626138329_11.jpg",active,Green,8089236
5045626138442,5045626138329_1.jpg,"5045626138329_1.jpg,5045626138329_2.jpg,5045626138329_3.jpg,5045626138329_11.jpg",active,Green,8089236
5045626138473,5045626138329_1.jpg,"5045626138329_1.jpg,5045626138329_2.jpg,5045626138329_3.jpg,5045626138329_11.jpg",active,Green,8089236
5045626138503,5045626138329_1.jpg,"5045626138329_1.jpg,5045626138329_2.jpg,5045626138329_3.jpg,5045626138329_11.jpg",active,Green,8089236
5045626054988,5045626054988_1.jpg,"5045626054988_1.jpg,5045626054988_2.jpg,5045626054988_3.jpg,5045626054988_4.jpg,5045626054988_5.jpg,5045626054988_6.jpg,5045626054988_11.jpg",active,Black,8087512
5045626055015,5045626054988_1.jpg,"5045626054988_1.jpg,5045626054988_2.jpg,5045626054988_3.jpg,5045626054988_4.jpg,5045626054988_5.jpg,5045626054988_6.jpg,5045626054988_11.jpg",active,Black,8087512
5045626055046,5045626054988_1.jpg,"5045626054988_1.jpg,5045626054988_2.jpg,5045626054988_3.jpg,5045626054988_4.jpg,5045626054988_5.jpg,5045626054988_6.jpg,5045626054988_11.jpg",active,Black,8087512
5045626055077,5045626054988_1.jpg,"5045626054988_1.jpg,5045626054988_2.jpg,5045626054988_3.jpg,5045626054988_4.jpg,5045626054988_5.jpg,5045626054988_6.jpg,5045626054988_11.jpg",active,Black,8087512
5045626055107,5045626054988_1.jpg,"5045626054988_1.jpg,5045626054988_2.jpg,5045626054988_3.jpg,5045626054988_4.jpg,5045626054988_5.jpg,5045626054988_6.jpg,5045626054988_11.jpg",active,Black,8087512
5045626055138,5045626054988_1.jpg,"5045626054988_1.jpg,5045626054988_2.jpg,5045626054988_3.jpg,5045626054988_4.jpg,5045626054988_5.jpg,5045626054988_6.jpg,5045626054988_11.jpg",active,Black,8087512
5045626055169,5045626054988_1.jpg,"5045626054988_1.jpg,5045626054988_2.jpg,5045626054988_3.jpg,5045626054988_4.jpg,5045626054988_5.jpg,5045626054988_6.jpg,5045626054988_11.jpg",active,Black,8087512
5045622965844,5045622965844_1.jpg,"5045622965844_1.jpg,5045622965844_2.jpg,5045622965844_3.jpg,5045622965844_4.jpg,5045622965844_5.jpg,5045622965844_6.jpg,5045622965844_7.jpg,5045622965844_8.jpg,5045622965844_11.jpg",active,Black,8087518
5045622965875,5045622965844_1.jpg,"5045622965844_1.jpg,5045622965844_2.jpg,5045622965844_3.jpg,5045622965844_4.jpg,5045622965844_5.jpg,5045622965844_6.jpg,5045622965844_7.jpg,5045622965844_8.jpg,5045622965844_11.jpg",active,Black,8087518
5045622965905,5045622965844_1.jpg,"5045622965844_1.jpg,5045622965844_2.jpg,5045622965844_3.jpg,5045622965844_4.jpg,5045622965844_5.jpg,5045622965844_6.jpg,5045622965844_7.jpg,5045622965844_8.jpg,5045622965844_11.jpg",active,Black,8087518
5045622965936,5045622965844_1.jpg,"5045622965844_1.jpg,5045622965844_2.jpg,5045622965844_3.jpg,5045622965844_4.jpg,5045622965844_5.jpg,5045622965844_6.jpg,5045622965844_7.jpg,5045622965844_8.jpg,5045622965844_11.jpg",active,Black,8087518
5045622965967,5045622965844_1.jpg,"5045622965844_1.jpg,5045622965844_2.jpg,5045622965844_3.jpg,5045622965844_4.jpg,5045622965844_5.jpg,5045622965844_6.jpg,5045622965844_7.jpg,5045622965844_8.jpg,5045622965844_11.jpg",active,Black,8087518
5045622965998,5045622965844_1.jpg,"5045622965844_1.jpg,5045622965844_2.jpg,5045622965844_3.jpg,5045622965844_4.jpg,5045622965844_5.jpg,5045622965844_6.jpg,5045622965844_7.jpg,5045622965844_8.jpg,5045622965844_11.jpg",active,Black,8087518
5045622966025,5045622965844_1.jpg,"5045622965844_1.jpg,5045622965844_2.jpg,5045622965844_3.jpg,5045622965844_4.jpg,5045622965844_5.jpg,5045622965844_6.jpg,5045622965844_7.jpg,5045622965844_8.jpg,5045622965844_11.jpg",active,Black,8087518
5045622966056,5045622965844_1.jpg,"5045622965844_1.jpg,5045622965844_2.jpg,5045622965844_3.jpg,5045622965844_4.jpg,5045622965844_5.jpg,5045622965844_6.jpg,5045622965844_7.jpg,5045622965844_8.jpg,5045622965844_11.jpg",active,Black,8087518
5045622966087,5045622965844_1.jpg,"5045622965844_1.jpg,5045622965844_2.jpg,5045622965844_3.jpg,5045622965844_4.jpg,5045622965844_5.jpg,5045622965844_6.jpg,5045622965844_7.jpg,5045622965844_8.jpg,5045622965844_11.jpg",active,Black,8087518
5045625678321,5045625678321_1.jpg,"5045625678321_1.jpg,5045625678321_2.jpg,5045625678321_3.jpg,5045625678321_4.jpg,5045625678321_5.jpg,5045625678321_6.jpg,5045625678321_7.jpg,5045625678321_11.jpg",inactive,Brown,8089370
5045626873022,5045626873022_1.jpg,"5045626873022_1.jpg,5045626873022_2.jpg,5045626873022_3.jpg,5045626873022_4.jpg,5045626873022_5.jpg,5045626873022_6.jpg,5045626873022_7.jpg,5045626873022_11.jpg",active,Pink,8087519
5045626873053,5045626873022_1.jpg,"5045626873022_1.jpg,5045626873022_2.jpg,5045626873022_3.jpg,5045626873022_4.jpg,5045626873022_5.jpg,5045626873022_6.jpg,5045626873022_7.jpg,5045626873022_11.jpg",active,Pink,8087519
5045626873084,5045626873022_1.jpg,"5045626873022_1.jpg,5045626873022_2.jpg,5045626873022_3.jpg,5045626873022_4.jpg,5045626873022_5.jpg,5045626873022_6.jpg,5045626873022_7.jpg,5045626873022_11.jpg",active,Pink,8087519
5045626873114,5045626873022_1.jpg,"5045626873022_1.jpg,5045626873022_2.jpg,5045626873022_3.jpg,5045626873022_4.jpg,5045626873022_5.jpg,5045626873022_6.jpg,5045626873022_7.jpg,5045626873022_11.jpg",active,Pink,8087519
5045626873145,5045626873022_1.jpg,"5045626873022_1.jpg,5045626873022_2.jpg,5045626873022_3.jpg,5045626873022_4.jpg,5045626873022_5.jpg,5045626873022_6.jpg,5045626873022_7.jpg,5045626873022_11.jpg",active,Pink,8087519
5045626873176,5045626873022_1.jpg,"5045626873022_1.jpg,5045626873022_2.jpg,5045626873022_3.jpg,5045626873022_4.jpg,5045626873022_5.jpg,5045626873022_6.jpg,5045626873022_7.jpg,5045626873022_11.jpg",active,Pink,8087519
5045626873206,5045626873022_1.jpg,"5045626873022_1.jpg,5045626873022_2.jpg,5045626873022_3.jpg,5045626873022_4.jpg,5045626873022_5.jpg,5045626873022_6.jpg,5045626873022_7.jpg,5045626873022_11.jpg",active,Pink,8087519
5045626873237,5045626873022_1.jpg,"5045626873022_1.jpg,5045626873022_2.jpg,5045626873022_3.jpg,5045626873022_4.jpg,5045626873022_5.jpg,5045626873022_6.jpg,5045626873022_7.jpg,5045626873022_11.jpg",active,Pink,8087519
5045624526067,5045624526067_1.jpg,"5045624526067_1.jpg,5045624526067_2.jpg,5045624526067_3.jpg,5045624526067_4.jpg,5045624526067_5.jpg,5045624526067_6.jpg,5045624526067_7.jpg,5045624526067_11.jpg",active,Brown,8089360
5045624526098,5045624526067_1.jpg,"5045624526067_1.jpg,5045624526067_2.jpg,5045624526067_3.jpg,5045624526067_4.jpg,5045624526067_5.jpg,5045624526067_6.jpg,5045624526067_7.jpg,5045624526067_11.jpg",active,Brown,8089360
5045624526128,5045624526067_1.jpg,"5045624526067_1.jpg,5045624526067_2.jpg,5045624526067_3.jpg,5045624526067_4.jpg,5045624526067_5.jpg,5045624526067_6.jpg,5045624526067_7.jpg,5045624526067_11.jpg",active,Brown,8089360
5045624526159,5045624526067_1.jpg,"5045624526067_1.jpg,5045624526067_2.jpg,5045624526067_3.jpg,5045624526067_4.jpg,5045624526067_5.jpg,5045624526067_6.jpg,5045624526067_7.jpg,5045624526067_11.jpg",active,Brown,8089360
5045624526180,5045624526067_1.jpg,"5045624526067_1.jpg,5045624526067_2.jpg,5045624526067_3.jpg,5045624526067_4.jpg,5045624526067_5.jpg,5045624526067_6.jpg,5045624526067_7.jpg,5045624526067_11.jpg",active,Brown,8089360
5045626966793,5045626966793_1.jpg,"5045626966793_1.jpg,5045626966793_2.jpg,5045626966793_3.jpg,5045626966793_4.jpg,5045626966793_5.jpg,5045626966793_11.jpg",active,Beige,8089231
5045626966823,5045626966793_1.jpg,"5045626966793_1.jpg,5045626966793_2.jpg,5045626966793_3.jpg,5045626966793_4.jpg,5045626966793_5.jpg,5045626966793_11.jpg",active,Beige,8089231
5045626966854,5045626966793_1.jpg,"5045626966793_1.jpg,5045626966793_2.jpg,5045626966793_3.jpg,5045626966793_4.jpg,5045626966793_5.jpg,5045626966793_11.jpg",active,Beige,8089231
5045626966885,5045626966793_1.jpg,"5045626966793_1.jpg,5045626966793_2.jpg,5045626966793_3.jpg,5045626966793_4.jpg,5045626966793_5.jpg,5045626966793_11.jpg",active,Beige,8089231
5045627479803,5045627479803_1.jpg,"5045627479803_1.jpg,5045627479803_2.jpg,5045627479803_3.jpg,5045627479803_11.jpg",active,Miscellaneous,8089367
5045626325897,5045626325897_1.jpg,"5045626325897_1.jpg,5045626325897_2.jpg,5045626325897_3.jpg,5045626325897_4.jpg,5045626325897_5.jpg,5045626325897_6.jpg,5045626325897_11.jpg",active,Black,8087467
5045626325927,5045626325897_1.jpg,"5045626325897_1.jpg,5045626325897_2.jpg,5045626325897_3.jpg,5045626325897_4.jpg,5045626325897_5.jpg,5045626325897_6.jpg,5045626325897_11.jpg",active,Black,8087467
5045626325958,5045626325897_1.jpg,"5045626325897_1.jpg,5045626325897_2.jpg,5045626325897_3.jpg,5045626325897_4.jpg,5045626325897_5.jpg,5045626325897_6.jpg,5045626325897_11.jpg",active,Black,8087467
5045626325989,5045626325897_1.jpg,"5045626325897_1.jpg,5045626325897_2.jpg,5045626325897_3.jpg,5045626325897_4.jpg,5045626325897_5.jpg,5045626325897_6.jpg,5045626325897_11.jpg",active,Black,8087467
5045626326016,5045626325897_1.jpg,"5045626325897_1.jpg,5045626325897_2.jpg,5045626325897_3.jpg,5045626325897_4.jpg,5045626325897_5.jpg,5045626325897_6.jpg,5045626325897_11.jpg",active,Black,8087467
5045626326047,5045626325897_1.jpg,"5045626325897_1.jpg,5045626325897_2.jpg,5045626325897_3.jpg,5045626325897_4.jpg,5045626325897_5.jpg,5045626325897_6.jpg,5045626325897_11.jpg",active,Black,8087467
5045626326078,5045626325897_1.jpg,"5045626325897_1.jpg,5045626325897_2.jpg,5045626325897_3.jpg,5045626325897_4.jpg,5045626325897_5.jpg,5045626325897_6.jpg,5045626325897_11.jpg",active,Black,8087467
5045626326108,5045626325897_1.jpg,"5045626325897_1.jpg,5045626325897_2.jpg,5045626325897_3.jpg,5045626325897_4.jpg,5045626325897_5.jpg,5045626325897_6.jpg,5045626325897_11.jpg",active,Black,8087467
5045626326139,5045626325897_1.jpg,"5045626325897_1.jpg,5045626325897_2.jpg,5045626325897_3.jpg,5045626325897_4.jpg,5045626325897_5.jpg,5045626325897_6.jpg,5045626325897_11.jpg",active,Black,8087467
5045626855516,5045626855516_1.jpg,"5045626855516_1.jpg,5045626855516_2.jpg,5045626855516_3.jpg,5045626855516_4.jpg,5045626855516_5.jpg,5045626855516_6.jpg,5045626855516_7.jpg,5045626855516_8.jpg,5045626855516_9.jpg,5045626855516_10.jpg,5045626855516_11.jpg",active,Yellow,8089315
5045626325088,5045626325088_1.jpg,"5045626325088_1.jpg,5045626325088_2.jpg,5045626325088_3.jpg,5045626325088_4.jpg,5045626325088_5.jpg,5045626325088_11.jpg",active,Black,8087551
5045626325118,5045626325088_1.jpg,"5045626325088_1.jpg,5045626325088_2.jpg,5045626325088_3.jpg,5045626325088_4.jpg,5045626325088_5.jpg,5045626325088_11.jpg",active,Black,8087551
5045626325149,5045626325088_1.jpg,"5045626325088_1.jpg,5045626325088_2.jpg,5045626325088_3.jpg,5045626325088_4.jpg,5045626325088_5.jpg,5045626325088_11.jpg",active,Black,8087551
5045626325170,5045626325088_1.jpg,"5045626325088_1.jpg,5045626325088_2.jpg,5045626325088_3.jpg,5045626325088_4.jpg,5045626325088_5.jpg,5045626325088_11.jpg",active,Black,8087551
5045626325200,5045626325088_1.jpg,"5045626325088_1.jpg,5045626325088_2.jpg,5045626325088_3.jpg,5045626325088_4.jpg,5045626325088_5.jpg,5045626325088_11.jpg",active,Black,8087551
5045626325231,5045626325088_1.jpg,"5045626325088_1.jpg,5045626325088_2.jpg,5045626325088_3.jpg,5045626325088_4.jpg,5045626325088_5.jpg,5045626325088_11.jpg",active,Black,8087551
5045626325262,5045626325088_1.jpg,"5045626325088_1.jpg,5045626325088_2.jpg,5045626325088_3.jpg,5045626325088_4.jpg,5045626325088_5.jpg,5045626325088_11.jpg",active,Black,8087551
5045626325293,5045626325088_1.jpg,"5045626325088_1.jpg,5045626325088_2.jpg,5045626325088_3.jpg,5045626325088_4.jpg,5045626325088_5.jpg,5045626325088_11.jpg",active,Black,8087551
5045626325323,5045626325088_1.jpg,"5045626325088_1.jpg,5045626325088_2.jpg,5045626325088_3.jpg,5045626325088_4.jpg,5045626325088_5.jpg,5045626325088_11.jpg",active,Black,8087551
5045626182087,5045626182087_1.jpg,"5045626182087_1.jpg,5045626182087_2.jpg,5045626182087_3.jpg,5045626182087_11.jpg",active,Black,8089195
5045624575652,5045624575652_1.jpg,"5045624575652_1.jpg,5045624575652_2.jpg,5045624575652_3.jpg,5045624575652_4.jpg,5045624575652_5.jpg,5045624575652_6.jpg,5045624575652_7.jpg,5045624575652_8.jpg,5045624575652_9.jpg,5045624575652_10.jpg,5045624575652_11.jpg",active,Brown,8089345
5045625417609,5045625417609_1.jpg,"5045625417609_1.jpg,5045625417609_2.jpg,5045625417609_3.jpg,5045625417609_4.jpg,5045625417609_5.jpg,5045625417609_11.jpg",active,Black,8087624
5045625417630,5045625417609_1.jpg,"5045625417609_1.jpg,5045625417609_2.jpg,5045625417609_3.jpg,5045625417609_4.jpg,5045625417609_5.jpg,5045625417609_11.jpg",active,Black,8087624
5045625417661,5045625417609_1.jpg,"5045625417609_1.jpg,5045625417609_2.jpg,5045625417609_3.jpg,5045625417609_4.jpg,5045625417609_5.jpg,5045625417609_11.jpg",active,Black,8087624
5045625417692,5045625417609_1.jpg,"5045625417609_1.jpg,5045625417609_2.jpg,5045625417609_3.jpg,5045625417609_4.jpg,5045625417609_5.jpg,5045625417609_11.jpg",active,Black,8087624
5045625417722,5045625417609_1.jpg,"5045625417609_1.jpg,5045625417609_2.jpg,5045625417609_3.jpg,5045625417609_4.jpg,5045625417609_5.jpg,5045625417609_11.jpg",active,Black,8087624
5045625417753,5045625417609_1.jpg,"5045625417609_1.jpg,5045625417609_2.jpg,5045625417609_3.jpg,5045625417609_4.jpg,5045625417609_5.jpg,5045625417609_11.jpg",active,Black,8087624
5045625417784,5045625417609_1.jpg,"5045625417609_1.jpg,5045625417609_2.jpg,5045625417609_3.jpg,5045625417609_4.jpg,5045625417609_5.jpg,5045625417609_11.jpg",active,Black,8087624
5045625417814,5045625417609_1.jpg,"5045625417609_1.jpg,5045625417609_2.jpg,5045625417609_3.jpg,5045625417609_4.jpg,5045625417609_5.jpg,5045625417609_11.jpg",active,Black,8087624
5045625417845,5045625417609_1.jpg,"5045625417609_1.jpg,5045625417609_2.jpg,5045625417609_3.jpg,5045625417609_4.jpg,5045625417609_5.jpg,5045625417609_11.jpg",active,Black,8087624
5045627310427,5045627310427_1.jpg,"5045627310427_1.jpg,5045627310427_2.jpg,5045627310427_3.jpg,5045627310427_4.jpg,5045627310427_5.jpg,5045627310427_11.jpg",active,Black,8087502
5045627310458,5045627310427_1.jpg,"5045627310427_1.jpg,5045627310427_2.jpg,5045627310427_3.jpg,5045627310427_4.jpg,5045627310427_5.jpg,5045627310427_11.jpg",active,Black,8087502
5045627310489,5045627310427_1.jpg,"5045627310427_1.jpg,5045627310427_2.jpg,5045627310427_3.jpg,5045627310427_4.jpg,5045627310427_5.jpg,5045627310427_11.jpg",active,Black,8087502
5045627310519,5045627310427_1.jpg,"5045627310427_1.jpg,5045627310427_2.jpg,5045627310427_3.jpg,5045627310427_4.jpg,5045627310427_5.jpg,5045627310427_11.jpg",active,Black,8087502
5045627310540,5045627310427_1.jpg,"5045627310427_1.jpg,5045627310427_2.jpg,5045627310427_3.jpg,5045627310427_4.jpg,5045627310427_5.jpg,5045627310427_11.jpg",active,Black,8087502
5045627310571,5045627310427_1.jpg,"5045627310427_1.jpg,5045627310427_2.jpg,5045627310427_3.jpg,5045627310427_4.jpg,5045627310427_5.jpg,5045627310427_11.jpg",active,Black,8087502
5045627310601,5045627310427_1.jpg,"5045627310427_1.jpg,5045627310427_2.jpg,5045627310427_3.jpg,5045627310427_4.jpg,5045627310427_5.jpg,5045627310427_11.jpg",active,Black,8087502
5045627310632,5045627310427_1.jpg,"5045627310427_1.jpg,5045627310427_2.jpg,5045627310427_3.jpg,5045627310427_4.jpg,5045627310427_5.jpg,5045627310427_11.jpg",active,Black,8087502
5045627310663,5045627310427_1.jpg,"5045627310427_1.jpg,5045627310427_2.jpg,5045627310427_3.jpg,5045627310427_4.jpg,5045627310427_5.jpg,5045627310427_11.jpg",active,Black,8087502
5045626278285,5045626278285_1.jpg,"5045626278285_1.jpg,5045626278285_2.jpg,5045626278285_3.jpg,5045626278285_4.jpg,5045626278285_5.jpg,5045626278285_6.jpg,5045626278285_7.jpg,5045626278285_11.jpg",active,Brown,8087599
5045626278315,5045626278285_1.jpg,"5045626278285_1.jpg,5045626278285_2.jpg,5045626278285_3.jpg,5045626278285_4.jpg,5045626278285_5.jpg,5045626278285_6.jpg,5045626278285_7.jpg,5045626278285_11.jpg",active,Brown,8087599
5045626278346,5045626278285_1.jpg,"5045626278285_1.jpg,5045626278285_2.jpg,5045626278285_3.jpg,5045626278285_4.jpg,5045626278285_5.jpg,5045626278285_6.jpg,5045626278285_7.jpg,5045626278285_11.jpg",active,Brown,8087599
5045626278377,5045626278285_1.jpg,"5045626278285_1.jpg,5045626278285_2.jpg,5045626278285_3.jpg,5045626278285_4.jpg,5045626278285_5.jpg,5045626278285_6.jpg,5045626278285_7.jpg,5045626278285_11.jpg",active,Brown,8087599
5045626278407,5045626278285_1.jpg,"5045626278285_1.jpg,5045626278285_2.jpg,5045626278285_3.jpg,5045626278285_4.jpg,5045626278285_5.jpg,5045626278285_6.jpg,5045626278285_7.jpg,5045626278285_11.jpg",active,Brown,8087599
5045626278438,5045626278285_1.jpg,"5045626278285_1.jpg,5045626278285_2.jpg,5045626278285_3.jpg,5045626278285_4.jpg,5045626278285_5.jpg,5045626278285_6.jpg,5045626278285_7.jpg,5045626278285_11.jpg",active,Brown,8087599
5045626278469,5045626278285_1.jpg,"5045626278285_1.jpg,5045626278285_2.jpg,5045626278285_3.jpg,5045626278285_4.jpg,5045626278285_5.jpg,5045626278285_6.jpg,5045626278285_7.jpg,5045626278285_11.jpg",active,Brown,8087599
5045626207315,5045626207315_1.jpg,"5045626207315_1.jpg,5045626207315_2.jpg,5045626207315_3.jpg,5045626207315_4.jpg,5045626207315_5.jpg,5045626207315_6.jpg,5045626207315_11.jpg",active,Grey,8087495
5045626207346,5045626207315_1.jpg,"5045626207315_1.jpg,5045626207315_2.jpg,5045626207315_3.jpg,5045626207315_4.jpg,5045626207315_5.jpg,5045626207315_6.jpg,5045626207315_11.jpg",active,Grey,8087495
5045626207377,5045626207315_1.jpg,"5045626207315_1.jpg,5045626207315_2.jpg,5045626207315_3.jpg,5045626207315_4.jpg,5045626207315_5.jpg,5045626207315_6.jpg,5045626207315_11.jpg",active,Grey,8087495
5045626207407,5045626207315_1.jpg,"5045626207315_1.jpg,5045626207315_2.jpg,5045626207315_3.jpg,5045626207315_4.jpg,5045626207315_5.jpg,5045626207315_6.jpg,5045626207315_11.jpg",active,Grey,8087495
5045626207438,5045626207315_1.jpg,"5045626207315_1.jpg,5045626207315_2.jpg,5045626207315_3.jpg,5045626207315_4.jpg,5045626207315_5.jpg,5045626207315_6.jpg,5045626207315_11.jpg",active,Grey,8087495
5045626207469,5045626207315_1.jpg,"5045626207315_1.jpg,5045626207315_2.jpg,5045626207315_3.jpg,5045626207315_4.jpg,5045626207315_5.jpg,5045626207315_6.jpg,5045626207315_11.jpg",active,Grey,8087495
5045626207490,5045626207315_1.jpg,"5045626207315_1.jpg,5045626207315_2.jpg,5045626207315_3.jpg,5045626207315_4.jpg,5045626207315_5.jpg,5045626207315_6.jpg,5045626207315_11.jpg",active,Grey,8087495
5045626207520,5045626207315_1.jpg,"5045626207315_1.jpg,5045626207315_2.jpg,5045626207315_3.jpg,5045626207315_4.jpg,5045626207315_5.jpg,5045626207315_6.jpg,5045626207315_11.jpg",active,Grey,8087495
5045626414294,5045626414294_1.jpg,"5045626414294_1.jpg,5045626414294_2.jpg,5045626414294_3.jpg,5045626414294_4.jpg,5045626414294_5.jpg,5045626414294_6.jpg,5045626414294_7.jpg,5045626414294_8.jpg,5045626414294_11.jpg",active,Miscellaneous,8089384
5045626035420,5045626035420_1.jpg,"5045626035420_1.jpg,5045626035420_2.jpg,5045626035420_3.jpg,5045626035420_4.jpg,5045626035420_5.jpg,5045626035420_6.jpg,5045626035420_7.jpg,5045626035420_8.jpg,5045626035420_11.jpg",active,Grey,8089282
5045626339498,5045626339498_1.jpg,"5045626339498_1.jpg,5045626339498_2.jpg,5045626339498_3.jpg,5045626339498_4.jpg,5045626339498_5.jpg,5045626339498_6.jpg,5045626339498_7.jpg,5045626339498_11.jpg",active,Miscellaneous,8087504
5045626339528,5045626339498_1.jpg,"5045626339498_1.jpg,5045626339498_2.jpg,5045626339498_3.jpg,5045626339498_4.jpg,5045626339498_5.jpg,5045626339498_6.jpg,5045626339498_7.jpg,5045626339498_11.jpg",active,Miscellaneous,8087504
5045626339559,5045626339498_1.jpg,"5045626339498_1.jpg,5045626339498_2.jpg,5045626339498_3.jpg,5045626339498_4.jpg,5045626339498_5.jpg,5045626339498_6.jpg,5045626339498_7.jpg,5045626339498_11.jpg",active,Miscellaneous,8087504
5045626339580,5045626339498_1.jpg,"5045626339498_1.jpg,5045626339498_2.jpg,5045626339498_3.jpg,5045626339498_4.jpg,5045626339498_5.jpg,5045626339498_6.jpg,5045626339498_7.jpg,5045626339498_11.jpg",active,Miscellaneous,8087504
5045626339610,5045626339498_1.jpg,"5045626339498_1.jpg,5045626339498_2.jpg,5045626339498_3.jpg,5045626339498_4.jpg,5045626339498_5.jpg,5045626339498_6.jpg,5045626339498_7.jpg,5045626339498_11.jpg",active,Miscellaneous,8087504
5045626339641,5045626339498_1.jpg,"5045626339498_1.jpg,5045626339498_2.jpg,5045626339498_3.jpg,5045626339498_4.jpg,5045626339498_5.jpg,5045626339498_6.jpg,5045626339498_7.jpg,5045626339498_11.jpg",active,Miscellaneous,8087504
5045626339672,5045626339498_1.jpg,"5045626339498_1.jpg,5045626339498_2.jpg,5045626339498_3.jpg,5045626339498_4.jpg,5045626339498_5.jpg,5045626339498_6.jpg,5045626339498_7.jpg,5045626339498_11.jpg",active,Miscellaneous,8087504
5045626339702,5045626339498_1.jpg,"5045626339498_1.jpg,5045626339498_2.jpg,5045626339498_3.jpg,5045626339498_4.jpg,5045626339498_5.jpg,5045626339498_6.jpg,5045626339498_7.jpg,5045626339498_11.jpg",active,Miscellaneous,8087504
5045558181165,5045558181165_1.jpg,"5045558181165_1.jpg,5045558181165_2.jpg,5045558181165_3.jpg,5045558181165_4.jpg,5045558181165_5.jpg,5045558181165_6.jpg,5045558181165_11.jpg",inactive,White,8087506
5045558181196,5045558181165_1.jpg,"5045558181165_1.jpg,5045558181165_2.jpg,5045558181165_3.jpg,5045558181165_4.jpg,5045558181165_5.jpg,5045558181165_6.jpg,5045558181165_11.jpg",inactive,White,8087506
5045558181226,5045558181165_1.jpg,"5045558181165_1.jpg,5045558181165_2.jpg,5045558181165_3.jpg,5045558181165_4.jpg,5045558181165_5.jpg,5045558181165_6.jpg,5045558181165_11.jpg",inactive,White,8087506
5045558181257,5045558181165_1.jpg,"5045558181165_1.jpg,5045558181165_2.jpg,5045558181165_3.jpg,5045558181165_4.jpg,5045558181165_5.jpg,5045558181165_6.jpg,5045558181165_11.jpg",inactive,White,8087506
5045558181288,5045558181165_1.jpg,"5045558181165_1.jpg,5045558181165_2.jpg,5045558181165_3.jpg,5045558181165_4.jpg,5045558181165_5.jpg,5045558181165_6.jpg,5045558181165_11.jpg",inactive,White,8087506
5045558181318,5045558181165_1.jpg,"5045558181165_1.jpg,5045558181165_2.jpg,5045558181165_3.jpg,5045558181165_4.jpg,5045558181165_5.jpg,5045558181165_6.jpg,5045558181165_11.jpg",inactive,White,8087506
5045558181349,5045558181165_1.jpg,"5045558181165_1.jpg,5045558181165_2.jpg,5045558181165_3.jpg,5045558181165_4.jpg,5045558181165_5.jpg,5045558181165_6.jpg,5045558181165_11.jpg",inactive,White,8087506
5045558181370,5045558181165_1.jpg,"5045558181165_1.jpg,5045558181165_2.jpg,5045558181165_3.jpg,5045558181165_4.jpg,5045558181165_5.jpg,5045558181165_6.jpg,5045558181165_11.jpg",inactive,White,8087506
5045558181400,5045558181165_1.jpg,"5045558181165_1.jpg,5045558181165_2.jpg,5045558181165_3.jpg,5045558181165_4.jpg,5045558181165_5.jpg,5045558181165_6.jpg,5045558181165_11.jpg",inactive,White,8087506
5045622964700,5045558181165_1.jpg,"5045558181165_1.jpg,5045558181165_2.jpg,5045558181165_3.jpg,5045558181165_4.jpg,5045558181165_5.jpg,5045558181165_6.jpg,5045558181165_11.jpg",inactive,White,8087506
5045626822518,5045626822518_1.jpg,"5045626822518_1.jpg,5045626822518_2.jpg,5045626822518_3.jpg,5045626822518_4.jpg,5045626822518_5.jpg,5045626822518_6.jpg,5045626822518_7.jpg,5045626822518_11.jpg",active,Black,8087427
5045626822549,5045626822518_1.jpg,"5045626822518_1.jpg,5045626822518_2.jpg,5045626822518_3.jpg,5045626822518_4.jpg,5045626822518_5.jpg,5045626822518_6.jpg,5045626822518_7.jpg,5045626822518_11.jpg",active,Black,8087427
5045626822570,5045626822518_1.jpg,"5045626822518_1.jpg,5045626822518_2.jpg,5045626822518_3.jpg,5045626822518_4.jpg,5045626822518_5.jpg,5045626822518_6.jpg,5045626822518_7.jpg,5045626822518_11.jpg",active,Black,8087427
5045626822600,5045626822518_1.jpg,"5045626822518_1.jpg,5045626822518_2.jpg,5045626822518_3.jpg,5045626822518_4.jpg,5045626822518_5.jpg,5045626822518_6.jpg,5045626822518_7.jpg,5045626822518_11.jpg",active,Black,8087427
5045626822631,5045626822518_1.jpg,"5045626822518_1.jpg,5045626822518_2.jpg,5045626822518_3.jpg,5045626822518_4.jpg,5045626822518_5.jpg,5045626822518_6.jpg,5045626822518_7.jpg,5045626822518_11.jpg",active,Black,8087427
5045626822662,5045626822518_1.jpg,"5045626822518_1.jpg,5045626822518_2.jpg,5045626822518_3.jpg,5045626822518_4.jpg,5045626822518_5.jpg,5045626822518_6.jpg,5045626822518_7.jpg,5045626822518_11.jpg",active,Black,8087427
5045626822693,5045626822518_1.jpg,"5045626822518_1.jpg,5045626822518_2.jpg,5045626822518_3.jpg,5045626822518_4.jpg,5045626822518_5.jpg,5045626822518_6.jpg,5045626822518_7.jpg,5045626822518_11.jpg",active,Black,8087427
5045626822723,5045626822518_1.jpg,"5045626822518_1.jpg,5045626822518_2.jpg,5045626822518_3.jpg,5045626822518_4.jpg,5045626822518_5.jpg,5045626822518_6.jpg,5045626822518_7.jpg,5045626822518_11.jpg",active,Black,8087427
5045625678352,5045625678352_1.jpg,"5045625678352_1.jpg,5045625678352_2.jpg,5045625678352_3.jpg,5045625678352_4.jpg,5045625678352_5.jpg,5045625678352_6.jpg,5045625678352_7.jpg,5045625678352_11.jpg",active,Beige,8089417
5045625793574,5045625793574_1.jpg,"5045625793574_1.jpg,5045625793574_2.jpg,5045625793574_3.jpg,5045625793574_4.jpg,5045625793574_5.jpg,5045625793574_6.jpg,5045625793574_7.jpg,5045625793574_8.jpg,5045625793574_9.jpg,5045625793574_10.jpg,5045625793574_11.jpg",active,Black,8089314
5045559265123,5045559265123_1.jpg,"5045559265123_1.jpg,5045559265123_2.jpg,5045559265123_3.jpg,5045559265123_4.jpg,5045559265123_5.jpg,5045559265123_11.jpg",active,Blue,8087508
5045559265154,5045559265123_1.jpg,"5045559265123_1.jpg,5045559265123_2.jpg,5045559265123_3.jpg,5045559265123_4.jpg,5045559265123_5.jpg,5045559265123_11.jpg",active,Blue,8087508
5045559265185,5045559265123_1.jpg,"5045559265123_1.jpg,5045559265123_2.jpg,5045559265123_3.jpg,5045559265123_4.jpg,5045559265123_5.jpg,5045559265123_11.jpg",active,Blue,8087508
5045559265215,5045559265123_1.jpg,"5045559265123_1.jpg,5045559265123_2.jpg,5045559265123_3.jpg,5045559265123_4.jpg,5045559265123_5.jpg,5045559265123_11.jpg",active,Blue,8087508
5045559265246,5045559265123_1.jpg,"5045559265123_1.jpg,5045559265123_2.jpg,5045559265123_3.jpg,5045559265123_4.jpg,5045559265123_5.jpg,5045559265123_11.jpg",active,Blue,8087508
5045559265277,5045559265123_1.jpg,"5045559265123_1.jpg,5045559265123_2.jpg,5045559265123_3.jpg,5045559265123_4.jpg,5045559265123_5.jpg,5045559265123_11.jpg",active,Blue,8087508
5045559265307,5045559265123_1.jpg,"5045559265123_1.jpg,5045559265123_2.jpg,5045559265123_3.jpg,5045559265123_4.jpg,5045559265123_5.jpg,5045559265123_11.jpg",active,Blue,8087508
5045627460238,5045627460238_1.jpg,"5045627460238_1.jpg,5045627460238_2.jpg,5045627460238_3.jpg,5045627460238_4.jpg,5045627460238_5.jpg,5045627460238_6.jpg,5045627460238_11.jpg",active,Black,8087600
5045627460269,5045627460238_1.jpg,"5045627460238_1.jpg,5045627460238_2.jpg,5045627460238_3.jpg,5045627460238_4.jpg,5045627460238_5.jpg,5045627460238_6.jpg,5045627460238_11.jpg",active,Black,8087600
5045627460290,5045627460238_1.jpg,"5045627460238_1.jpg,5045627460238_2.jpg,5045627460238_3.jpg,5045627460238_4.jpg,5045627460238_5.jpg,5045627460238_6.jpg,5045627460238_11.jpg",active,Black,8087600
5045627460320,5045627460238_1.jpg,"5045627460238_1.jpg,5045627460238_2.jpg,5045627460238_3.jpg,5045627460238_4.jpg,5045627460238_5.jpg,5045627460238_6.jpg,5045627460238_11.jpg",active,Black,8087600
5045627460351,5045627460238_1.jpg,"5045627460238_1.jpg,5045627460238_2.jpg,5045627460238_3.jpg,5045627460238_4.jpg,5045627460238_5.jpg,5045627460238_6.jpg,5045627460238_11.jpg",active,Black,8087600
5045627460382,5045627460238_1.jpg,"5045627460238_1.jpg,5045627460238_2.jpg,5045627460238_3.jpg,5045627460238_4.jpg,5045627460238_5.jpg,5045627460238_6.jpg,5045627460238_11.jpg",active,Black,8087600
5045627460412,5045627460238_1.jpg,"5045627460238_1.jpg,5045627460238_2.jpg,5045627460238_3.jpg,5045627460238_4.jpg,5045627460238_5.jpg,5045627460238_6.jpg,5045627460238_11.jpg",active,Black,8087600
5045627460443,5045627460238_1.jpg,"5045627460238_1.jpg,5045627460238_2.jpg,5045627460238_3.jpg,5045627460238_4.jpg,5045627460238_5.jpg,5045627460238_6.jpg,5045627460238_11.jpg",active,Black,8087600
5045627460474,5045627460238_1.jpg,"5045627460238_1.jpg,5045627460238_2.jpg,5045627460238_3.jpg,5045627460238_4.jpg,5045627460238_5.jpg,5045627460238_6.jpg,5045627460238_11.jpg",active,Black,8087600
5045627460504,5045627460238_1.jpg,"5045627460238_1.jpg,5045627460238_2.jpg,5045627460238_3.jpg,5045627460238_4.jpg,5045627460238_5.jpg,5045627460238_6.jpg,5045627460238_11.jpg",active,Black,8087600
5045627460535,5045627460238_1.jpg,"5045627460238_1.jpg,5045627460238_2.jpg,5045627460238_3.jpg,5045627460238_4.jpg,5045627460238_5.jpg,5045627460238_6.jpg,5045627460238_11.jpg",active,Black,8087600
5045627460566,5045627460238_1.jpg,"5045627460238_1.jpg,5045627460238_2.jpg,5045627460238_3.jpg,5045627460238_4.jpg,5045627460238_5.jpg,5045627460238_6.jpg,5045627460238_11.jpg",active,Black,8087600
5045627460597,5045627460238_1.jpg,"5045627460238_1.jpg,5045627460238_2.jpg,5045627460238_3.jpg,5045627460238_4.jpg,5045627460238_5.jpg,5045627460238_6.jpg,5045627460238_11.jpg",active,Black,8087600
5045627460658,5045627460238_1.jpg,"5045627460238_1.jpg,5045627460238_2.jpg,5045627460238_3.jpg,5045627460238_4.jpg,5045627460238_5.jpg,5045627460238_6.jpg,5045627460238_11.jpg",active,Black,8087600
5045626134093,5045626134093_1.jpg,"5045626134093_1.jpg,5045626134093_2.jpg,5045626134093_3.jpg,5045626134093_4.jpg,5045626134093_5.jpg,5045626134093_11.jpg",active,White,8087546
5045626134123,5045626134093_1.jpg,"5045626134093_1.jpg,5045626134093_2.jpg,5045626134093_3.jpg,5045626134093_4.jpg,5045626134093_5.jpg,5045626134093_11.jpg",active,White,8087546
5045626134154,5045626134093_1.jpg,"5045626134093_1.jpg,5045626134093_2.jpg,5045626134093_3.jpg,5045626134093_4.jpg,5045626134093_5.jpg,5045626134093_11.jpg",active,White,8087546
5045626134185,5045626134093_1.jpg,"5045626134093_1.jpg,5045626134093_2.jpg,5045626134093_3.jpg,5045626134093_4.jpg,5045626134093_5.jpg,5045626134093_11.jpg",active,White,8087546
5045626134215,5045626134093_1.jpg,"5045626134093_1.jpg,5045626134093_2.jpg,5045626134093_3.jpg,5045626134093_4.jpg,5045626134093_5.jpg,5045626134093_11.jpg",active,White,8087546
5045626134246,5045626134093_1.jpg,"5045626134093_1.jpg,5045626134093_2.jpg,5045626134093_3.jpg,5045626134093_4.jpg,5045626134093_5.jpg,5045626134093_11.jpg",active,White,8087546
5045626134277,5045626134093_1.jpg,"5045626134093_1.jpg,5045626134093_2.jpg,5045626134093_3.jpg,5045626134093_4.jpg,5045626134093_5.jpg,5045626134093_11.jpg",active,White,8087546
5045625204315,5045625204315_1.jpg,"5045625204315_1.jpg,5045625204315_2.jpg,5045625204315_3.jpg,5045625204315_4.jpg,5045625204315_5.jpg,5045625204315_6.jpg,5045625204315_7.jpg,5045625204315_8.jpg,5045625204315_11.jpg",inactive,Yellow,8089469
5045627505694,5045627505694_1.jpg,"5045627505694_1.jpg,5045627505694_2.jpg,5045627505694_3.jpg,5045627505694_4.jpg,5045627505694_5.jpg,5045627505694_6.jpg,5045627505694_7.jpg,5045627505694_8.jpg,5045627505694_11.jpg",active,Beige,8089317
5045625796575,5045625796575_1.jpg,"5045625796575_1.jpg,5045625796575_2.jpg,5045625796575_3.jpg,5045625796575_4.jpg,5045625796575_5.jpg,5045625796575_6.jpg,5045625796575_7.jpg,5045625796575_8.jpg,5045625796575_9.jpg,5045625796575_10.jpg,5045625796575_11.jpg",inactive,Red,8089298
5045625893786,5045625893786_1.jpg,"5045625893786_1.jpg,5045625893786_2.jpg,5045625893786_3.jpg,5045625893786_4.jpg,5045625893786_5.jpg,5045625893786_6.jpg,5045625893786_11.jpg",active,Beige,8087450
5045625893816,5045625893786_1.jpg,"5045625893786_1.jpg,5045625893786_2.jpg,5045625893786_3.jpg,5045625893786_4.jpg,5045625893786_5.jpg,5045625893786_6.jpg,5045625893786_11.jpg",active,Beige,8087450
5045625893847,5045625893786_1.jpg,"5045625893786_1.jpg,5045625893786_2.jpg,5045625893786_3.jpg,5045625893786_4.jpg,5045625893786_5.jpg,5045625893786_6.jpg,5045625893786_11.jpg",active,Beige,8087450
5045625893878,5045625893786_1.jpg,"5045625893786_1.jpg,5045625893786_2.jpg,5045625893786_3.jpg,5045625893786_4.jpg,5045625893786_5.jpg,5045625893786_6.jpg,5045625893786_11.jpg",active,Beige,8087450
5045626035727,5045626035727_1.jpg,"5045626035727_1.jpg,5045626035727_2.jpg,5045626035727_3.jpg,5045626035727_4.jpg,5045626035727_5.jpg,5045626035727_11.jpg",active,Brown,8089346
5045626940496,5045626940496_1.jpg,"5045626940496_1.jpg,5045626940496_2.jpg,5045626940496_3.jpg,5045626940496_4.jpg,5045626940496_5.jpg,5045626940496_11.jpg",active,Beige,8089232
5045626940526,5045626940496_1.jpg,"5045626940496_1.jpg,5045626940496_2.jpg,5045626940496_3.jpg,5045626940496_4.jpg,5045626940496_5.jpg,5045626940496_11.jpg",active,Beige,8089232
5045626940557,5045626940496_1.jpg,"5045626940496_1.jpg,5045626940496_2.jpg,5045626940496_3.jpg,5045626940496_4.jpg,5045626940496_5.jpg,5045626940496_11.jpg",active,Beige,8089232
5045626940588,5045626940496_1.jpg,"5045626940496_1.jpg,5045626940496_2.jpg,5045626940496_3.jpg,5045626940496_4.jpg,5045626940496_5.jpg,5045626940496_11.jpg",active,Beige,8089232
5045626940618,5045626940496_1.jpg,"5045626940496_1.jpg,5045626940496_2.jpg,5045626940496_3.jpg,5045626940496_4.jpg,5045626940496_5.jpg,5045626940496_11.jpg",active,Beige,8089232
5045626940649,5045626940496_1.jpg,"5045626940496_1.jpg,5045626940496_2.jpg,5045626940496_3.jpg,5045626940496_4.jpg,5045626940496_5.jpg,5045626940496_11.jpg",active,Beige,8089232
5045626940670,5045626940496_1.jpg,"5045626940496_1.jpg,5045626940496_2.jpg,5045626940496_3.jpg,5045626940496_4.jpg,5045626940496_5.jpg,5045626940496_11.jpg",active,Beige,8089232
5045625945331,5045625945331_1.jpg,"5045625945331_1.jpg,5045625945331_2.jpg,5045625945331_3.jpg,5045625945331_4.jpg,5045625945331_5.jpg,5045625945331_6.jpg,5045625945331_11.jpg",inactive,Green,8089276
5045624781084,5045624781084_1.jpg,"5045624781084_1.jpg,5045624781084_2.jpg,5045624781084_3.jpg,5045624781084_4.jpg,5045624781084_5.jpg,5045624781084_6.jpg,5045624781084_7.jpg,5045624781084_8.jpg,5045624781084_9.jpg,5045624781084_10.jpg,5045624781084_11.jpg",active,Beige,8087590
5045624781114,5045624781084_1.jpg,"5045624781084_1.jpg,5045624781084_2.jpg,5045624781084_3.jpg,5045624781084_4.jpg,5045624781084_5.jpg,5045624781084_6.jpg,5045624781084_7.jpg,5045624781084_8.jpg,5045624781084_9.jpg,5045624781084_10.jpg,5045624781084_11.jpg",active,Beige,8087590
5045624781145,5045624781084_1.jpg,"5045624781084_1.jpg,5045624781084_2.jpg,5045624781084_3.jpg,5045624781084_4.jpg,5045624781084_5.jpg,5045624781084_6.jpg,5045624781084_7.jpg,5045624781084_8.jpg,5045624781084_9.jpg,5045624781084_10.jpg,5045624781084_11.jpg",active,Beige,8087590
5045624781176,5045624781084_1.jpg,"5045624781084_1.jpg,5045624781084_2.jpg,5045624781084_3.jpg,5045624781084_4.jpg,5045624781084_5.jpg,5045624781084_6.jpg,5045624781084_7.jpg,5045624781084_8.jpg,5045624781084_9.jpg,5045624781084_10.jpg,5045624781084_11.jpg",active,Beige,8087590
5045624781206,5045624781084_1.jpg,"5045624781084_1.jpg,5045624781084_2.jpg,5045624781084_3.jpg,5045624781084_4.jpg,5045624781084_5.jpg,5045624781084_6.jpg,5045624781084_7.jpg,5045624781084_8.jpg,5045624781084_9.jpg,5045624781084_10.jpg,5045624781084_11.jpg",active,Beige,8087590
5045624781237,5045624781084_1.jpg,"5045624781084_1.jpg,5045624781084_2.jpg,5045624781084_3.jpg,5045624781084_4.jpg,5045624781084_5.jpg,5045624781084_6.jpg,5045624781084_7.jpg,5045624781084_8.jpg,5045624781084_9.jpg,5045624781084_10.jpg,5045624781084_11.jpg",active,Beige,8087590
5045624781268,5045624781084_1.jpg,"5045624781084_1.jpg,5045624781084_2.jpg,5045624781084_3.jpg,5045624781084_4.jpg,5045624781084_5.jpg,5045624781084_6.jpg,5045624781084_7.jpg,5045624781084_8.jpg,5045624781084_9.jpg,5045624781084_10.jpg,5045624781084_11.jpg",active,Beige,8087590
5045624781299,5045624781084_1.jpg,"5045624781084_1.jpg,5045624781084_2.jpg,5045624781084_3.jpg,5045624781084_4.jpg,5045624781084_5.jpg,5045624781084_6.jpg,5045624781084_7.jpg,5045624781084_8.jpg,5045624781084_9.jpg,5045624781084_10.jpg,5045624781084_11.jpg",active,Beige,8087590
5045624781329,5045624781084_1.jpg,"5045624781084_1.jpg,5045624781084_2.jpg,5045624781084_3.jpg,5045624781084_4.jpg,5045624781084_5.jpg,5045624781084_6.jpg,5045624781084_7.jpg,5045624781084_8.jpg,5045624781084_9.jpg,5045624781084_10.jpg,5045624781084_11.jpg",active,Beige,8087590
5045624781350,5045624781084_1.jpg,"5045624781084_1.jpg,5045624781084_2.jpg,5045624781084_3.jpg,5045624781084_4.jpg,5045624781084_5.jpg,5045624781084_6.jpg,5045624781084_7.jpg,5045624781084_8.jpg,5045624781084_9.jpg,5045624781084_10.jpg,5045624781084_11.jpg",active,Beige,8087590
5045624781381,5045624781084_1.jpg,"5045624781084_1.jpg,5045624781084_2.jpg,5045624781084_3.jpg,5045624781084_4.jpg,5045624781084_5.jpg,5045624781084_6.jpg,5045624781084_7.jpg,5045624781084_8.jpg,5045624781084_9.jpg,5045624781084_10.jpg,5045624781084_11.jpg",active,Beige,8087590
5045624781411,5045624781084_1.jpg,"5045624781084_1.jpg,5045624781084_2.jpg,5045624781084_3.jpg,5045624781084_4.jpg,5045624781084_5.jpg,5045624781084_6.jpg,5045624781084_7.jpg,5045624781084_8.jpg,5045624781084_9.jpg,5045624781084_10.jpg,5045624781084_11.jpg",active,Beige,8087590
5045624781442,5045624781084_1.jpg,"5045624781084_1.jpg,5045624781084_2.jpg,5045624781084_3.jpg,5045624781084_4.jpg,5045624781084_5.jpg,5045624781084_6.jpg,5045624781084_7.jpg,5045624781084_8.jpg,5045624781084_9.jpg,5045624781084_10.jpg,5045624781084_11.jpg",active,Beige,8087590
5045624781473,5045624781084_1.jpg,"5045624781084_1.jpg,5045624781084_2.jpg,5045624781084_3.jpg,5045624781084_4.jpg,5045624781084_5.jpg,5045624781084_6.jpg,5045624781084_7.jpg,5045624781084_8.jpg,5045624781084_9.jpg,5045624781084_10.jpg,5045624781084_11.jpg",active,Beige,8087590
5045624781503,5045624781084_1.jpg,"5045624781084_1.jpg,5045624781084_2.jpg,5045624781084_3.jpg,5045624781084_4.jpg,5045624781084_5.jpg,5045624781084_6.jpg,5045624781084_7.jpg,5045624781084_8.jpg,5045624781084_9.jpg,5045624781084_10.jpg,5045624781084_11.jpg",active,Beige,8087590
5045624781534,5045624781084_1.jpg,"5045624781084_1.jpg,5045624781084_2.jpg,5045624781084_3.jpg,5045624781084_4.jpg,5045624781084_5.jpg,5045624781084_6.jpg,5045624781084_7.jpg,5045624781084_8.jpg,5045624781084_9.jpg,5045624781084_10.jpg,5045624781084_11.jpg",active,Beige,8087590
5045624781565,5045624781084_1.jpg,"5045624781084_1.jpg,5045624781084_2.jpg,5045624781084_3.jpg,5045624781084_4.jpg,5045624781084_5.jpg,5045624781084_6.jpg,5045624781084_7.jpg,5045624781084_8.jpg,5045624781084_9.jpg,5045624781084_10.jpg,5045624781084_11.jpg",active,Beige,8087590
5045624781596,5045624781084_1.jpg,"5045624781084_1.jpg,5045624781084_2.jpg,5045624781084_3.jpg,5045624781084_4.jpg,5045624781084_5.jpg,5045624781084_6.jpg,5045624781084_7.jpg,5045624781084_8.jpg,5045624781084_9.jpg,5045624781084_10.jpg,5045624781084_11.jpg",active,Beige,8087590
5045624781626,5045624781084_1.jpg,"5045624781084_1.jpg,5045624781084_2.jpg,5045624781084_3.jpg,5045624781084_4.jpg,5045624781084_5.jpg,5045624781084_6.jpg,5045624781084_7.jpg,5045624781084_8.jpg,5045624781084_9.jpg,5045624781084_10.jpg,5045624781084_11.jpg",active,Beige,8087590
5045624781657,5045624781084_1.jpg,"5045624781084_1.jpg,5045624781084_2.jpg,5045624781084_3.jpg,5045624781084_4.jpg,5045624781084_5.jpg,5045624781084_6.jpg,5045624781084_7.jpg,5045624781084_8.jpg,5045624781084_9.jpg,5045624781084_10.jpg,5045624781084_11.jpg",active,Beige,8087590
5045624781688,5045624781084_1.jpg,"5045624781084_1.jpg,5045624781084_2.jpg,5045624781084_3.jpg,5045624781084_4.jpg,5045624781084_5.jpg,5045624781084_6.jpg,5045624781084_7.jpg,5045624781084_8.jpg,5045624781084_9.jpg,5045624781084_10.jpg,5045624781084_11.jpg",active,Beige,8087590
5045621047145,5045621047145_1.jpg,"5045621047145_1.jpg,5045621047145_2.jpg,5045621047145_3.jpg,5045621047145_4.jpg,5045621047145_5.jpg,5045621047145_6.jpg,5045621047145_7.jpg,5045621047145_8.jpg,5045621047145_11.jpg",active,Blue,8087348
5045621047176,5045621047145_1.jpg,"5045621047145_1.jpg,5045621047145_2.jpg,5045621047145_3.jpg,5045621047145_4.jpg,5045621047145_5.jpg,5045621047145_6.jpg,5045621047145_7.jpg,5045621047145_8.jpg,5045621047145_11.jpg",active,Blue,8087348
5045621047206,5045621047145_1.jpg,"5045621047145_1.jpg,5045621047145_2.jpg,5045621047145_3.jpg,5045621047145_4.jpg,5045621047145_5.jpg,5045621047145_6.jpg,5045621047145_7.jpg,5045621047145_8.jpg,5045621047145_11.jpg",active,Blue,8087348
5045621047237,5045621047145_1.jpg,"5045621047145_1.jpg,5045621047145_2.jpg,5045621047145_3.jpg,5045621047145_4.jpg,5045621047145_5.jpg,5045621047145_6.jpg,5045621047145_7.jpg,5045621047145_8.jpg,5045621047145_11.jpg",active,Blue,8087348
5045621047268,5045621047145_1.jpg,"5045621047145_1.jpg,5045621047145_2.jpg,5045621047145_3.jpg,5045621047145_4.jpg,5045621047145_5.jpg,5045621047145_6.jpg,5045621047145_7.jpg,5045621047145_8.jpg,5045621047145_11.jpg",active,Blue,8087348
5045621047299,5045621047145_1.jpg,"5045621047145_1.jpg,5045621047145_2.jpg,5045621047145_3.jpg,5045621047145_4.jpg,5045621047145_5.jpg,5045621047145_6.jpg,5045621047145_7.jpg,5045621047145_8.jpg,5045621047145_11.jpg",active,Blue,8087348
5045621047350,5045621047145_1.jpg,"5045621047145_1.jpg,5045621047145_2.jpg,5045621047145_3.jpg,5045621047145_4.jpg,5045621047145_5.jpg,5045621047145_6.jpg,5045621047145_7.jpg,5045621047145_8.jpg,5045621047145_11.jpg",active,Blue,8087348
5045626170459,5045626170459_1.jpg,"5045626170459_1.jpg,5045626170459_2.jpg,5045626170459_3.jpg,5045626170459_4.jpg,5045626170459_5.jpg,5045626170459_6.jpg,5045626170459_11.jpg",active,Grey,8089226
5045626170480,5045626170459_1.jpg,"5045626170459_1.jpg,5045626170459_2.jpg,5045626170459_3.jpg,5045626170459_4.jpg,5045626170459_5.jpg,5045626170459_6.jpg,5045626170459_11.jpg",active,Grey,8089226
5045626170510,5045626170459_1.jpg,"5045626170459_1.jpg,5045626170459_2.jpg,5045626170459_3.jpg,5045626170459_4.jpg,5045626170459_5.jpg,5045626170459_6.jpg,5045626170459_11.jpg",active,Grey,8089226
5045626170541,5045626170459_1.jpg,"5045626170459_1.jpg,5045626170459_2.jpg,5045626170459_3.jpg,5045626170459_4.jpg,5045626170459_5.jpg,5045626170459_6.jpg,5045626170459_11.jpg",active,Grey,8089226
5045626170572,5045626170459_1.jpg,"5045626170459_1.jpg,5045626170459_2.jpg,5045626170459_3.jpg,5045626170459_4.jpg,5045626170459_5.jpg,5045626170459_6.jpg,5045626170459_11.jpg",active,Grey,8089226
5045626170602,5045626170459_1.jpg,"5045626170459_1.jpg,5045626170459_2.jpg,5045626170459_3.jpg,5045626170459_4.jpg,5045626170459_5.jpg,5045626170459_6.jpg,5045626170459_11.jpg",active,Grey,8089226
5045626170633,5045626170459_1.jpg,"5045626170459_1.jpg,5045626170459_2.jpg,5045626170459_3.jpg,5045626170459_4.jpg,5045626170459_5.jpg,5045626170459_6.jpg,5045626170459_11.jpg",active,Grey,8089226
5045626170664,5045626170459_1.jpg,"5045626170459_1.jpg,5045626170459_2.jpg,5045626170459_3.jpg,5045626170459_4.jpg,5045626170459_5.jpg,5045626170459_6.jpg,5045626170459_11.jpg",active,Grey,8089226
5045626170695,5045626170459_1.jpg,"5045626170459_1.jpg,5045626170459_2.jpg,5045626170459_3.jpg,5045626170459_4.jpg,5045626170459_5.jpg,5045626170459_6.jpg,5045626170459_11.jpg",active,Grey,8089226
5045626224923,5045626224923_1.jpg,"5045626224923_1.jpg,5045626224923_2.jpg,5045626224923_3.jpg,5045626224923_4.jpg,5045626224923_5.jpg,5045626224923_6.jpg,5045626224923_11.jpg",active,Brown,8087458
5045626224954,5045626224923_1.jpg,"5045626224923_1.jpg,5045626224923_2.jpg,5045626224923_3.jpg,5045626224923_4.jpg,5045626224923_5.jpg,5045626224923_6.jpg,5045626224923_11.jpg",active,Brown,8087458
5045626224985,5045626224923_1.jpg,"5045626224923_1.jpg,5045626224923_2.jpg,5045626224923_3.jpg,5045626224923_4.jpg,5045626224923_5.jpg,5045626224923_6.jpg,5045626224923_11.jpg",active,Brown,8087458
5045626225012,5045626224923_1.jpg,"5045626224923_1.jpg,5045626224923_2.jpg,5045626224923_3.jpg,5045626224923_4.jpg,5045626224923_5.jpg,5045626224923_6.jpg,5045626224923_11.jpg",active,Brown,8087458
5045626225043,5045626224923_1.jpg,"5045626224923_1.jpg,5045626224923_2.jpg,5045626224923_3.jpg,5045626224923_4.jpg,5045626224923_5.jpg,5045626224923_6.jpg,5045626224923_11.jpg",active,Brown,8087458
5045626225074,5045626224923_1.jpg,"5045626224923_1.jpg,5045626224923_2.jpg,5045626224923_3.jpg,5045626224923_4.jpg,5045626224923_5.jpg,5045626224923_6.jpg,5045626224923_11.jpg",active,Brown,8087458
5045626225104,5045626224923_1.jpg,"5045626224923_1.jpg,5045626224923_2.jpg,5045626224923_3.jpg,5045626224923_4.jpg,5045626224923_5.jpg,5045626224923_6.jpg,5045626224923_11.jpg",active,Brown,8087458
5045625711141,5045625711141_1.jpg,"5045625711141_1.jpg,5045625711141_2.jpg,5045625711141_3.jpg,5045625711141_4.jpg,5045625711141_5.jpg,5045625711141_6.jpg,5045625711141_11.jpg",active,Black,8087378
5045625711172,5045625711141_1.jpg,"5045625711141_1.jpg,5045625711141_2.jpg,5045625711141_3.jpg,5045625711141_4.jpg,5045625711141_5.jpg,5045625711141_6.jpg,5045625711141_11.jpg",active,Black,8087378
5045625711202,5045625711141_1.jpg,"5045625711141_1.jpg,5045625711141_2.jpg,5045625711141_3.jpg,5045625711141_4.jpg,5045625711141_5.jpg,5045625711141_6.jpg,5045625711141_11.jpg",active,Black,8087378
5045625711233,5045625711141_1.jpg,"5045625711141_1.jpg,5045625711141_2.jpg,5045625711141_3.jpg,5045625711141_4.jpg,5045625711141_5.jpg,5045625711141_6.jpg,5045625711141_11.jpg",active,Black,8087378
5045625711264,5045625711141_1.jpg,"5045625711141_1.jpg,5045625711141_2.jpg,5045625711141_3.jpg,5045625711141_4.jpg,5045625711141_5.jpg,5045625711141_6.jpg,5045625711141_11.jpg",active,Black,8087378
5045625711295,5045625711141_1.jpg,"5045625711141_1.jpg,5045625711141_2.jpg,5045625711141_3.jpg,5045625711141_4.jpg,5045625711141_5.jpg,5045625711141_6.jpg,5045625711141_11.jpg",active,Black,8087378
5045625711325,5045625711141_1.jpg,"5045625711141_1.jpg,5045625711141_2.jpg,5045625711141_3.jpg,5045625711141_4.jpg,5045625711141_5.jpg,5045625711141_6.jpg,5045625711141_11.jpg",active,Black,8087378
5045625711356,5045625711141_1.jpg,"5045625711141_1.jpg,5045625711141_2.jpg,5045625711141_3.jpg,5045625711141_4.jpg,5045625711141_5.jpg,5045625711141_6.jpg,5045625711141_11.jpg",active,Black,8087378
5045625711387,5045625711141_1.jpg,"5045625711141_1.jpg,5045625711141_2.jpg,5045625711141_3.jpg,5045625711141_4.jpg,5045625711141_5.jpg,5045625711141_6.jpg,5045625711141_11.jpg",active,Black,8087378
5045625183283,5045625183283_1.jpg,"5045625183283_1.jpg,5045625183283_2.jpg,5045625183283_3.jpg,5045625183283_4.jpg,5045625183283_5.jpg,5045625183283_6.jpg,5045625183283_11.jpg",active,Pink,8087598
5045625183313,5045625183283_1.jpg,"5045625183283_1.jpg,5045625183283_2.jpg,5045625183283_3.jpg,5045625183283_4.jpg,5045625183283_5.jpg,5045625183283_6.jpg,5045625183283_11.jpg",active,Pink,8087598
5045625183344,5045625183283_1.jpg,"5045625183283_1.jpg,5045625183283_2.jpg,5045625183283_3.jpg,5045625183283_4.jpg,5045625183283_5.jpg,5045625183283_6.jpg,5045625183283_11.jpg",active,Pink,8087598
5045625183375,5045625183283_1.jpg,"5045625183283_1.jpg,5045625183283_2.jpg,5045625183283_3.jpg,5045625183283_4.jpg,5045625183283_5.jpg,5045625183283_6.jpg,5045625183283_11.jpg",active,Pink,8087598
5045625183405,5045625183283_1.jpg,"5045625183283_1.jpg,5045625183283_2.jpg,5045625183283_3.jpg,5045625183283_4.jpg,5045625183283_5.jpg,5045625183283_6.jpg,5045625183283_11.jpg",active,Pink,8087598
5045625183436,5045625183283_1.jpg,"5045625183283_1.jpg,5045625183283_2.jpg,5045625183283_3.jpg,5045625183283_4.jpg,5045625183283_5.jpg,5045625183283_6.jpg,5045625183283_11.jpg",active,Pink,8087598
5045625183467,5045625183283_1.jpg,"5045625183283_1.jpg,5045625183283_2.jpg,5045625183283_3.jpg,5045625183283_4.jpg,5045625183283_5.jpg,5045625183283_6.jpg,5045625183283_11.jpg",active,Pink,8087598
5045625796247,5045625796247_1.jpg,"5045625796247_1.jpg,5045625796247_2.jpg,5045625796247_3.jpg,5045625796247_4.jpg,5045625796247_5.jpg,5045625796247_6.jpg,5045625796247_7.jpg,5045625796247_8.jpg,5045625796247_9.jpg,5045625796247_10.jpg,5045625796247_11.jpg",inactive,Red,8089288
5045627340257,5045627340257_1.jpg,"5045627340257_1.jpg,5045627340257_2.jpg,5045627340257_3.jpg,5045627340257_4.jpg,5045627340257_5.jpg,5045627340257_6.jpg,5045627340257_11.jpg",active,Grey,8087428
5045627340288,5045627340257_1.jpg,"5045627340257_1.jpg,5045627340257_2.jpg,5045627340257_3.jpg,5045627340257_4.jpg,5045627340257_5.jpg,5045627340257_6.jpg,5045627340257_11.jpg",active,Grey,8087428
5045627340318,5045627340257_1.jpg,"5045627340257_1.jpg,5045627340257_2.jpg,5045627340257_3.jpg,5045627340257_4.jpg,5045627340257_5.jpg,5045627340257_6.jpg,5045627340257_11.jpg",active,Grey,8087428
5045627340349,5045627340257_1.jpg,"5045627340257_1.jpg,5045627340257_2.jpg,5045627340257_3.jpg,5045627340257_4.jpg,5045627340257_5.jpg,5045627340257_6.jpg,5045627340257_11.jpg",active,Grey,8087428
5045627340370,5045627340257_1.jpg,"5045627340257_1.jpg,5045627340257_2.jpg,5045627340257_3.jpg,5045627340257_4.jpg,5045627340257_5.jpg,5045627340257_6.jpg,5045627340257_11.jpg",active,Grey,8087428
5045627340400,5045627340257_1.jpg,"5045627340257_1.jpg,5045627340257_2.jpg,5045627340257_3.jpg,5045627340257_4.jpg,5045627340257_5.jpg,5045627340257_6.jpg,5045627340257_11.jpg",active,Grey,8087428
5045627340431,5045627340257_1.jpg,"5045627340257_1.jpg,5045627340257_2.jpg,5045627340257_3.jpg,5045627340257_4.jpg,5045627340257_5.jpg,5045627340257_6.jpg,5045627340257_11.jpg",active,Grey,8087428
5045620961046,5045620961046_1.jpg,"5045620961046_1.jpg,5045620961046_2.jpg,5045620961046_3.jpg,5045620961046_4.jpg,5045620961046_5.jpg,5045620961046_6.jpg,5045620961046_11.jpg",active,Beige,8087569
5045620961077,5045620961046_1.jpg,"5045620961046_1.jpg,5045620961046_2.jpg,5045620961046_3.jpg,5045620961046_4.jpg,5045620961046_5.jpg,5045620961046_6.jpg,5045620961046_11.jpg",active,Beige,8087569
5045620961107,5045620961046_1.jpg,"5045620961046_1.jpg,5045620961046_2.jpg,5045620961046_3.jpg,5045620961046_4.jpg,5045620961046_5.jpg,5045620961046_6.jpg,5045620961046_11.jpg",active,Beige,8087569
5045620961138,5045620961046_1.jpg,"5045620961046_1.jpg,5045620961046_2.jpg,5045620961046_3.jpg,5045620961046_4.jpg,5045620961046_5.jpg,5045620961046_6.jpg,5045620961046_11.jpg",active,Beige,8087569
5045620961169,5045620961046_1.jpg,"5045620961046_1.jpg,5045620961046_2.jpg,5045620961046_3.jpg,5045620961046_4.jpg,5045620961046_5.jpg,5045620961046_6.jpg,5045620961046_11.jpg",active,Beige,8087569
5045620961190,5045620961046_1.jpg,"5045620961046_1.jpg,5045620961046_2.jpg,5045620961046_3.jpg,5045620961046_4.jpg,5045620961046_5.jpg,5045620961046_6.jpg,5045620961046_11.jpg",active,Beige,8087569
5045620961220,5045620961046_1.jpg,"5045620961046_1.jpg,5045620961046_2.jpg,5045620961046_3.jpg,5045620961046_4.jpg,5045620961046_5.jpg,5045620961046_6.jpg,5045620961046_11.jpg",active,Beige,8087569
5045620961251,5045620961046_1.jpg,"5045620961046_1.jpg,5045620961046_2.jpg,5045620961046_3.jpg,5045620961046_4.jpg,5045620961046_5.jpg,5045620961046_6.jpg,5045620961046_11.jpg",active,Beige,8087569
5045620961282,5045620961046_1.jpg,"5045620961046_1.jpg,5045620961046_2.jpg,5045620961046_3.jpg,5045620961046_4.jpg,5045620961046_5.jpg,5045620961046_6.jpg,5045620961046_11.jpg",active,Beige,8087569
5045620961312,5045620961046_1.jpg,"5045620961046_1.jpg,5045620961046_2.jpg,5045620961046_3.jpg,5045620961046_4.jpg,5045620961046_5.jpg,5045620961046_6.jpg,5045620961046_11.jpg",active,Beige,8087569
5045620961343,5045620961046_1.jpg,"5045620961046_1.jpg,5045620961046_2.jpg,5045620961046_3.jpg,5045620961046_4.jpg,5045620961046_5.jpg,5045620961046_6.jpg,5045620961046_11.jpg",active,Beige,8087569
5045620961374,5045620961046_1.jpg,"5045620961046_1.jpg,5045620961046_2.jpg,5045620961046_3.jpg,5045620961046_4.jpg,5045620961046_5.jpg,5045620961046_6.jpg,5045620961046_11.jpg",active,Beige,8087569
5045620961404,5045620961046_1.jpg,"5045620961046_1.jpg,5045620961046_2.jpg,5045620961046_3.jpg,5045620961046_4.jpg,5045620961046_5.jpg,5045620961046_6.jpg,5045620961046_11.jpg",active,Beige,8087569
5045620961435,5045620961046_1.jpg,"5045620961046_1.jpg,5045620961046_2.jpg,5045620961046_3.jpg,5045620961046_4.jpg,5045620961046_5.jpg,5045620961046_6.jpg,5045620961046_11.jpg",active,Beige,8087569
5045620961466,5045620961046_1.jpg,"5045620961046_1.jpg,5045620961046_2.jpg,5045620961046_3.jpg,5045620961046_4.jpg,5045620961046_5.jpg,5045620961046_6.jpg,5045620961046_11.jpg",active,Beige,8087569
5045626061375,5045626061375_1.jpg,"5045626061375_1.jpg,5045626061375_2.jpg,5045626061375_3.jpg,5045626061375_4.jpg,5045626061375_5.jpg,5045626061375_6.jpg,5045626061375_7.jpg,5045626061375_8.jpg,5045626061375_9.jpg,5045626061375_11.jpg",active,Brown,8087466
5045626061405,5045626061375_1.jpg,"5045626061375_1.jpg,5045626061375_2.jpg,5045626061375_3.jpg,5045626061375_4.jpg,5045626061375_5.jpg,5045626061375_6.jpg,5045626061375_7.jpg,5045626061375_8.jpg,5045626061375_9.jpg,5045626061375_11.jpg",active,Brown,8087466
5045626061436,5045626061375_1.jpg,"5045626061375_1.jpg,5045626061375_2.jpg,5045626061375_3.jpg,5045626061375_4.jpg,5045626061375_5.jpg,5045626061375_6.jpg,5045626061375_7.jpg,5045626061375_8.jpg,5045626061375_9.jpg,5045626061375_11.jpg",active,Brown,8087466
5045626061467,5045626061375_1.jpg,"5045626061375_1.jpg,5045626061375_2.jpg,5045626061375_3.jpg,5045626061375_4.jpg,5045626061375_5.jpg,5045626061375_6.jpg,5045626061375_7.jpg,5045626061375_8.jpg,5045626061375_9.jpg,5045626061375_11.jpg",active,Brown,8087466
5045626061498,5045626061375_1.jpg,"5045626061375_1.jpg,5045626061375_2.jpg,5045626061375_3.jpg,5045626061375_4.jpg,5045626061375_5.jpg,5045626061375_6.jpg,5045626061375_7.jpg,5045626061375_8.jpg,5045626061375_9.jpg,5045626061375_11.jpg",active,Brown,8087466
5045626061528,5045626061375_1.jpg,"5045626061375_1.jpg,5045626061375_2.jpg,5045626061375_3.jpg,5045626061375_4.jpg,5045626061375_5.jpg,5045626061375_6.jpg,5045626061375_7.jpg,5045626061375_8.jpg,5045626061375_9.jpg,5045626061375_11.jpg",active,Brown,8087466
5045626061559,5045626061375_1.jpg,"5045626061375_1.jpg,5045626061375_2.jpg,5045626061375_3.jpg,5045626061375_4.jpg,5045626061375_5.jpg,5045626061375_6.jpg,5045626061375_7.jpg,5045626061375_8.jpg,5045626061375_9.jpg,5045626061375_11.jpg",active,Brown,8087466
5045626061580,5045626061375_1.jpg,"5045626061375_1.jpg,5045626061375_2.jpg,5045626061375_3.jpg,5045626061375_4.jpg,5045626061375_5.jpg,5045626061375_6.jpg,5045626061375_7.jpg,5045626061375_8.jpg,5045626061375_9.jpg,5045626061375_11.jpg",active,Brown,8087466
5045621017933,5045621017933_1.jpg,"5045621017933_1.jpg,5045621017933_2.jpg,5045621017933_3.jpg,5045621017933_4.jpg,5045621017933_11.jpg",active,Yellow,8089473
5045626083827,5045626083827_1.jpg,"5045626083827_1.jpg,5045626083827_2.jpg,5045626083827_3.jpg,5045626083827_4.jpg,5045626083827_5.jpg,5045626083827_6.jpg,5045626083827_7.jpg,5045626083827_11.jpg",active,Black,8087449
5045626083858,5045626083827_1.jpg,"5045626083827_1.jpg,5045626083827_2.jpg,5045626083827_3.jpg,5045626083827_4.jpg,5045626083827_5.jpg,5045626083827_6.jpg,5045626083827_7.jpg,5045626083827_11.jpg",active,Black,8087449
5045626083889,5045626083827_1.jpg,"5045626083827_1.jpg,5045626083827_2.jpg,5045626083827_3.jpg,5045626083827_4.jpg,5045626083827_5.jpg,5045626083827_6.jpg,5045626083827_7.jpg,5045626083827_11.jpg",active,Black,8087449
5045626083919,5045626083827_1.jpg,"5045626083827_1.jpg,5045626083827_2.jpg,5045626083827_3.jpg,5045626083827_4.jpg,5045626083827_5.jpg,5045626083827_6.jpg,5045626083827_7.jpg,5045626083827_11.jpg",active,Black,8087449
5045626083940,5045626083827_1.jpg,"5045626083827_1.jpg,5045626083827_2.jpg,5045626083827_3.jpg,5045626083827_4.jpg,5045626083827_5.jpg,5045626083827_6.jpg,5045626083827_7.jpg,5045626083827_11.jpg",active,Black,8087449
5045626083971,5045626083827_1.jpg,"5045626083827_1.jpg,5045626083827_2.jpg,5045626083827_3.jpg,5045626083827_4.jpg,5045626083827_5.jpg,5045626083827_6.jpg,5045626083827_7.jpg,5045626083827_11.jpg",active,Black,8087449
5045626084008,5045626083827_1.jpg,"5045626083827_1.jpg,5045626083827_2.jpg,5045626083827_3.jpg,5045626083827_4.jpg,5045626083827_5.jpg,5045626083827_6.jpg,5045626083827_7.jpg,5045626083827_11.jpg",active,Black,8087449
5045626004259,5045626004259_1.jpg,"5045626004259_1.jpg,5045626004259_2.jpg,5045626004259_3.jpg,5045626004259_4.jpg,5045626004259_5.jpg,5045626004259_11.jpg",active,Brown,8089235
5045626004280,5045626004259_1.jpg,"5045626004259_1.jpg,5045626004259_2.jpg,5045626004259_3.jpg,5045626004259_4.jpg,5045626004259_5.jpg,5045626004259_11.jpg",active,Brown,8089235
5045626004310,5045626004259_1.jpg,"5045626004259_1.jpg,5045626004259_2.jpg,5045626004259_3.jpg,5045626004259_4.jpg,5045626004259_5.jpg,5045626004259_11.jpg",active,Brown,8089235
5045626004341,5045626004259_1.jpg,"5045626004259_1.jpg,5045626004259_2.jpg,5045626004259_3.jpg,5045626004259_4.jpg,5045626004259_5.jpg,5045626004259_11.jpg",active,Brown,8089235
5045626004372,5045626004259_1.jpg,"5045626004259_1.jpg,5045626004259_2.jpg,5045626004259_3.jpg,5045626004259_4.jpg,5045626004259_5.jpg,5045626004259_11.jpg",active,Brown,8089235
5045626004402,5045626004259_1.jpg,"5045626004259_1.jpg,5045626004259_2.jpg,5045626004259_3.jpg,5045626004259_4.jpg,5045626004259_5.jpg,5045626004259_11.jpg",active,Brown,8089235
5045626004433,5045626004259_1.jpg,"5045626004259_1.jpg,5045626004259_2.jpg,5045626004259_3.jpg,5045626004259_4.jpg,5045626004259_5.jpg,5045626004259_11.jpg",active,Brown,8089235
5045626004464,5045626004259_1.jpg,"5045626004259_1.jpg,5045626004259_2.jpg,5045626004259_3.jpg,5045626004259_4.jpg,5045626004259_5.jpg,5045626004259_11.jpg",active,Brown,8089235
5045626375069,5045626375069_1.jpg,"5045626375069_1.jpg,5045626375069_2.jpg,5045626375069_3.jpg,5045626375069_4.jpg,5045626375069_5.jpg,5045626375069_6.jpg,5045626375069_7.jpg,5045626375069_8.jpg,5045626375069_11.jpg",active,Blue,8089381
5045627415184,5045627415184_1.jpg,"5045627415184_1.jpg,5045627415184_2.jpg,5045627415184_3.jpg,5045627415184_4.jpg,5045627415184_5.jpg,5045627415184_6.jpg,5045627415184_11.jpg",active,Brown,8089396
5045627415214,5045627415184_1.jpg,"5045627415184_1.jpg,5045627415184_2.jpg,5045627415184_3.jpg,5045627415184_4.jpg,5045627415184_5.jpg,5045627415184_6.jpg,5045627415184_11.jpg",active,Brown,8089396
5045627415245,5045627415184_1.jpg,"5045627415184_1.jpg,5045627415184_2.jpg,5045627415184_3.jpg,5045627415184_4.jpg,5045627415184_5.jpg,5045627415184_6.jpg,5045627415184_11.jpg",active,Brown,8089396
5045626005508,5045626005508_1.jpg,"5045626005508_1.jpg,5045626005508_2.jpg,5045626005508_3.jpg,5045626005508_4.jpg,5045626005508_5.jpg,5045626005508_6.jpg,5045626005508_11.jpg",active,Black,8087452
5045626005539,5045626005508_1.jpg,"5045626005508_1.jpg,5045626005508_2.jpg,5045626005508_3.jpg,5045626005508_4.jpg,5045626005508_5.jpg,5045626005508_6.jpg,5045626005508_11.jpg",active,Black,8087452
5045626005560,5045626005508_1.jpg,"5045626005508_1.jpg,5045626005508_2.jpg,5045626005508_3.jpg,5045626005508_4.jpg,5045626005508_5.jpg,5045626005508_6.jpg,5045626005508_11.jpg",active,Black,8087452
5045626005591,5045626005508_1.jpg,"5045626005508_1.jpg,5045626005508_2.jpg,5045626005508_3.jpg,5045626005508_4.jpg,5045626005508_5.jpg,5045626005508_6.jpg,5045626005508_11.jpg",active,Black,8087452
5045626005621,5045626005508_1.jpg,"5045626005508_1.jpg,5045626005508_2.jpg,5045626005508_3.jpg,5045626005508_4.jpg,5045626005508_5.jpg,5045626005508_6.jpg,5045626005508_11.jpg",active,Black,8087452
5045626005652,5045626005508_1.jpg,"5045626005508_1.jpg,5045626005508_2.jpg,5045626005508_3.jpg,5045626005508_4.jpg,5045626005508_5.jpg,5045626005508_6.jpg,5045626005508_11.jpg",active,Black,8087452
5045626005683,5045626005508_1.jpg,"5045626005508_1.jpg,5045626005508_2.jpg,5045626005508_3.jpg,5045626005508_4.jpg,5045626005508_5.jpg,5045626005508_6.jpg,5045626005508_11.jpg",active,Black,8087452
5045626035215,5045626035215_1.jpg,"5045626035215_1.jpg,5045626035215_2.jpg,5045626035215_3.jpg,5045626035215_4.jpg,5045626035215_5.jpg,5045626035215_6.jpg,5045626035215_7.jpg,5045626035215_8.jpg,5045626035215_11.jpg",active,Blue,8089326
5045627575697,5045627575697_1.jpg,"5045627575697_1.jpg,5045627575697_2.jpg,5045627575697_3.jpg,5045627575697_4.jpg,5045627575697_5.jpg,5045627575697_6.jpg,5045627575697_7.jpg,5045627575697_8.jpg,5045627575697_9.jpg,5045627575697_11.jpg",active,Black,8089328
5045625923520,5045625923520_1.jpg,"5045625923520_1.jpg,5045625923520_2.jpg,5045625923520_3.jpg,5045625923520_4.jpg,5045625923520_5.jpg,5045625923520_11.jpg",active,White,8087468
5045625923551,5045625923520_1.jpg,"5045625923520_1.jpg,5045625923520_2.jpg,5045625923520_3.jpg,5045625923520_4.jpg,5045625923520_5.jpg,5045625923520_11.jpg",active,White,8087468
5045625923582,5045625923520_1.jpg,"5045625923520_1.jpg,5045625923520_2.jpg,5045625923520_3.jpg,5045625923520_4.jpg,5045625923520_5.jpg,5045625923520_11.jpg",active,White,8087468
5045625923612,5045625923520_1.jpg,"5045625923520_1.jpg,5045625923520_2.jpg,5045625923520_3.jpg,5045625923520_4.jpg,5045625923520_5.jpg,5045625923520_11.jpg",active,White,8087468
5045625923643,5045625923520_1.jpg,"5045625923520_1.jpg,5045625923520_2.jpg,5045625923520_3.jpg,5045625923520_4.jpg,5045625923520_5.jpg,5045625923520_11.jpg",active,White,8087468
5045625923674,5045625923520_1.jpg,"5045625923520_1.jpg,5045625923520_2.jpg,5045625923520_3.jpg,5045625923520_4.jpg,5045625923520_5.jpg,5045625923520_11.jpg",active,White,8087468
5045625923704,5045625923520_1.jpg,"5045625923520_1.jpg,5045625923520_2.jpg,5045625923520_3.jpg,5045625923520_4.jpg,5045625923520_5.jpg,5045625923520_11.jpg",active,White,8087468
5045625923735,5045625923520_1.jpg,"5045625923520_1.jpg,5045625923520_2.jpg,5045625923520_3.jpg,5045625923520_4.jpg,5045625923520_5.jpg,5045625923520_11.jpg",active,White,8087468
5045622701800,5045622701800_1.jpg,"5045622701800_1.jpg,5045622701800_2.jpg,5045622701800_3.jpg,5045622701800_4.jpg,5045622701800_5.jpg,5045622701800_11.jpg",active,Grey,8087509
5045622701831,5045622701800_1.jpg,"5045622701800_1.jpg,5045622701800_2.jpg,5045622701800_3.jpg,5045622701800_4.jpg,5045622701800_5.jpg,5045622701800_11.jpg",active,Grey,8087509
5045622701862,5045622701800_1.jpg,"5045622701800_1.jpg,5045622701800_2.jpg,5045622701800_3.jpg,5045622701800_4.jpg,5045622701800_5.jpg,5045622701800_11.jpg",active,Grey,8087509
5045622701893,5045622701800_1.jpg,"5045622701800_1.jpg,5045622701800_2.jpg,5045622701800_3.jpg,5045622701800_4.jpg,5045622701800_5.jpg,5045622701800_11.jpg",active,Grey,8087509
5045622701923,5045622701800_1.jpg,"5045622701800_1.jpg,5045622701800_2.jpg,5045622701800_3.jpg,5045622701800_4.jpg,5045622701800_5.jpg,5045622701800_11.jpg",active,Grey,8087509
5045622701954,5045622701800_1.jpg,"5045622701800_1.jpg,5045622701800_2.jpg,5045622701800_3.jpg,5045622701800_4.jpg,5045622701800_5.jpg,5045622701800_11.jpg",active,Grey,8087509
5045622701985,5045622701800_1.jpg,"5045622701800_1.jpg,5045622701800_2.jpg,5045622701800_3.jpg,5045622701800_4.jpg,5045622701800_5.jpg,5045622701800_11.jpg",active,Grey,8087509
5045626120386,5045626120386_1.jpg,"5045626120386_1.jpg,5045626120386_2.jpg,5045626120386_3.jpg,5045626120386_4.jpg,5045626120386_11.jpg",active,Beige,8087578
5045626120416,5045626120386_1.jpg,"5045626120386_1.jpg,5045626120386_2.jpg,5045626120386_3.jpg,5045626120386_4.jpg,5045626120386_11.jpg",active,Beige,8087578
5045626120447,5045626120386_1.jpg,"5045626120386_1.jpg,5045626120386_2.jpg,5045626120386_3.jpg,5045626120386_4.jpg,5045626120386_11.jpg",active,Beige,8087578
5045625768145,5045625768145_1.jpg,"5045625768145_1.jpg,5045625768145_2.jpg,5045625768145_3.jpg,5045625768145_4.jpg,5045625768145_5.jpg,5045625768145_6.jpg,5045625768145_7.jpg,5045625768145_8.jpg,5045625768145_11.jpg",active,Brown,8087469
5045625768176,5045625768145_1.jpg,"5045625768145_1.jpg,5045625768145_2.jpg,5045625768145_3.jpg,5045625768145_4.jpg,5045625768145_5.jpg,5045625768145_6.jpg,5045625768145_7.jpg,5045625768145_8.jpg,5045625768145_11.jpg",active,Brown,8087469
5045625768206,5045625768145_1.jpg,"5045625768145_1.jpg,5045625768145_2.jpg,5045625768145_3.jpg,5045625768145_4.jpg,5045625768145_5.jpg,5045625768145_6.jpg,5045625768145_7.jpg,5045625768145_8.jpg,5045625768145_11.jpg",active,Brown,8087469
5045625768237,5045625768145_1.jpg,"5045625768145_1.jpg,5045625768145_2.jpg,5045625768145_3.jpg,5045625768145_4.jpg,5045625768145_5.jpg,5045625768145_6.jpg,5045625768145_7.jpg,5045625768145_8.jpg,5045625768145_11.jpg",active,Brown,8087469
5045625768268,5045625768145_1.jpg,"5045625768145_1.jpg,5045625768145_2.jpg,5045625768145_3.jpg,5045625768145_4.jpg,5045625768145_5.jpg,5045625768145_6.jpg,5045625768145_7.jpg,5045625768145_8.jpg,5045625768145_11.jpg",active,Brown,8087469
5045625768299,5045625768145_1.jpg,"5045625768145_1.jpg,5045625768145_2.jpg,5045625768145_3.jpg,5045625768145_4.jpg,5045625768145_5.jpg,5045625768145_6.jpg,5045625768145_7.jpg,5045625768145_8.jpg,5045625768145_11.jpg",active,Brown,8087469
5045625768329,5045625768145_1.jpg,"5045625768145_1.jpg,5045625768145_2.jpg,5045625768145_3.jpg,5045625768145_4.jpg,5045625768145_5.jpg,5045625768145_6.jpg,5045625768145_7.jpg,5045625768145_8.jpg,5045625768145_11.jpg",active,Brown,8087469
5045625768350,5045625768145_1.jpg,"5045625768145_1.jpg,5045625768145_2.jpg,5045625768145_3.jpg,5045625768145_4.jpg,5045625768145_5.jpg,5045625768145_6.jpg,5045625768145_7.jpg,5045625768145_8.jpg,5045625768145_11.jpg",active,Brown,8087469
5045625768381,5045625768145_1.jpg,"5045625768145_1.jpg,5045625768145_2.jpg,5045625768145_3.jpg,5045625768145_4.jpg,5045625768145_5.jpg,5045625768145_6.jpg,5045625768145_7.jpg,5045625768145_8.jpg,5045625768145_11.jpg",active,Brown,8087469
5045625768411,5045625768145_1.jpg,"5045625768145_1.jpg,5045625768145_2.jpg,5045625768145_3.jpg,5045625768145_4.jpg,5045625768145_5.jpg,5045625768145_6.jpg,5045625768145_7.jpg,5045625768145_8.jpg,5045625768145_11.jpg",active,Brown,8087469
5045626372129,5045626372129_1.jpg,"5045626372129_1.jpg,5045626372129_2.jpg,5045626372129_3.jpg,5045626372129_4.jpg,5045626372129_5.jpg,5045626372129_11.jpg",active,Brown,8089266
5045626982076,5045626982076_1.jpg,"5045626982076_1.jpg,5045626982076_2.jpg,5045626982076_3.jpg,5045626982076_4.jpg,5045626982076_5.jpg,5045626982076_6.jpg,5045626982076_7.jpg,5045626982076_8.jpg,5045626982076_9.jpg,5045626982076_10.jpg,5045626982076_11.jpg",active,Blue,8087359
5045626982106,5045626982076_1.jpg,"5045626982076_1.jpg,5045626982076_2.jpg,5045626982076_3.jpg,5045626982076_4.jpg,5045626982076_5.jpg,5045626982076_6.jpg,5045626982076_7.jpg,5045626982076_8.jpg,5045626982076_9.jpg,5045626982076_10.jpg,5045626982076_11.jpg",active,Blue,8087359
5045626982137,5045626982076_1.jpg,"5045626982076_1.jpg,5045626982076_2.jpg,5045626982076_3.jpg,5045626982076_4.jpg,5045626982076_5.jpg,5045626982076_6.jpg,5045626982076_7.jpg,5045626982076_8.jpg,5045626982076_9.jpg,5045626982076_10.jpg,5045626982076_11.jpg",active,Blue,8087359
5045626982168,5045626982076_1.jpg,"5045626982076_1.jpg,5045626982076_2.jpg,5045626982076_3.jpg,5045626982076_4.jpg,5045626982076_5.jpg,5045626982076_6.jpg,5045626982076_7.jpg,5045626982076_8.jpg,5045626982076_9.jpg,5045626982076_10.jpg,5045626982076_11.jpg",active,Blue,8087359
5045626982199,5045626982076_1.jpg,"5045626982076_1.jpg,5045626982076_2.jpg,5045626982076_3.jpg,5045626982076_4.jpg,5045626982076_5.jpg,5045626982076_6.jpg,5045626982076_7.jpg,5045626982076_8.jpg,5045626982076_9.jpg,5045626982076_10.jpg,5045626982076_11.jpg",active,Blue,8087359
5045626982229,5045626982076_1.jpg,"5045626982076_1.jpg,5045626982076_2.jpg,5045626982076_3.jpg,5045626982076_4.jpg,5045626982076_5.jpg,5045626982076_6.jpg,5045626982076_7.jpg,5045626982076_8.jpg,5045626982076_9.jpg,5045626982076_10.jpg,5045626982076_11.jpg",active,Blue,8087359
5045627447437,5045627447437_1.jpg,"5045627447437_1.jpg,5045627447437_2.jpg,5045627447437_3.jpg,5045627447437_4.jpg,5045627447437_5.jpg,5045627447437_11.jpg",active,Brown,8087283
5045627447468,5045627447437_1.jpg,"5045627447437_1.jpg,5045627447437_2.jpg,5045627447437_3.jpg,5045627447437_4.jpg,5045627447437_5.jpg,5045627447437_11.jpg",active,Brown,8087283
5045627447499,5045627447437_1.jpg,"5045627447437_1.jpg,5045627447437_2.jpg,5045627447437_3.jpg,5045627447437_4.jpg,5045627447437_5.jpg,5045627447437_11.jpg",active,Brown,8087283
5045627447529,5045627447437_1.jpg,"5045627447437_1.jpg,5045627447437_2.jpg,5045627447437_3.jpg,5045627447437_4.jpg,5045627447437_5.jpg,5045627447437_11.jpg",active,Brown,8087283
5045627447550,5045627447437_1.jpg,"5045627447437_1.jpg,5045627447437_2.jpg,5045627447437_3.jpg,5045627447437_4.jpg,5045627447437_5.jpg,5045627447437_11.jpg",active,Brown,8087283
5045627447581,5045627447437_1.jpg,"5045627447437_1.jpg,5045627447437_2.jpg,5045627447437_3.jpg,5045627447437_4.jpg,5045627447437_5.jpg,5045627447437_11.jpg",active,Brown,8087283
5045627447611,5045627447437_1.jpg,"5045627447437_1.jpg,5045627447437_2.jpg,5045627447437_3.jpg,5045627447437_4.jpg,5045627447437_5.jpg,5045627447437_11.jpg",active,Brown,8087283
5045627447642,5045627447437_1.jpg,"5045627447437_1.jpg,5045627447437_2.jpg,5045627447437_3.jpg,5045627447437_4.jpg,5045627447437_5.jpg,5045627447437_11.jpg",active,Brown,8087283
5045625205213,5045625205213_1.jpg,"5045625205213_1.jpg,5045625205213_2.jpg,5045625205213_3.jpg,5045625205213_4.jpg,5045625205213_5.jpg,5045625205213_6.jpg,5045625205213_7.jpg,5045625205213_8.jpg,5045625205213_11.jpg",inactive,Brown,8089455
5045627407998,5045627407998_1.jpg,"5045627407998_1.jpg,5045627407998_2.jpg,5045627407998_3.jpg,5045627407998_4.jpg,5045627407998_5.jpg,5045627407998_6.jpg,5045627407998_7.jpg,5045627407998_8.jpg,5045627407998_9.jpg,5045627407998_11.jpg",active,Brown,8089339
5045558808116,5045558808116_1.jpg,"5045558808116_1.jpg,5045558808116_2.jpg,5045558808116_3.jpg,5045558808116_4.jpg,5045558808116_5.jpg,5045558808116_11.jpg",active,Beige,8087625
5045558808147,5045558808116_1.jpg,"5045558808116_1.jpg,5045558808116_2.jpg,5045558808116_3.jpg,5045558808116_4.jpg,5045558808116_5.jpg,5045558808116_11.jpg",active,Beige,8087625
5045558808178,5045558808116_1.jpg,"5045558808116_1.jpg,5045558808116_2.jpg,5045558808116_3.jpg,5045558808116_4.jpg,5045558808116_5.jpg,5045558808116_11.jpg",active,Beige,8087625
5045558808208,5045558808116_1.jpg,"5045558808116_1.jpg,5045558808116_2.jpg,5045558808116_3.jpg,5045558808116_4.jpg,5045558808116_5.jpg,5045558808116_11.jpg",active,Beige,8087625
5045558808239,5045558808116_1.jpg,"5045558808116_1.jpg,5045558808116_2.jpg,5045558808116_3.jpg,5045558808116_4.jpg,5045558808116_5.jpg,5045558808116_11.jpg",active,Beige,8087625
5045558808260,5045558808116_1.jpg,"5045558808116_1.jpg,5045558808116_2.jpg,5045558808116_3.jpg,5045558808116_4.jpg,5045558808116_5.jpg,5045558808116_11.jpg",active,Beige,8087625
5045558808291,5045558808116_1.jpg,"5045558808116_1.jpg,5045558808116_2.jpg,5045558808116_3.jpg,5045558808116_4.jpg,5045558808116_5.jpg,5045558808116_11.jpg",active,Beige,8087625
5045625205695,5045625205695_1.jpg,"5045625205695_1.jpg,5045625205695_2.jpg,5045625205695_3.jpg,5045625205695_4.jpg,5045625205695_5.jpg,5045625205695_6.jpg,5045625205695_7.jpg,5045625205695_8.jpg,5045625205695_11.jpg",active,Blue,8089459
5045626338958,5045626338958_1.jpg,"5045626338958_1.jpg,5045626338958_2.jpg,5045626338958_11.jpg",active,Black,8087330
5045626338989,5045626338958_1.jpg,"5045626338958_1.jpg,5045626338958_2.jpg,5045626338958_11.jpg",active,Black,8087330
5045626339016,5045626338958_1.jpg,"5045626338958_1.jpg,5045626338958_2.jpg,5045626338958_11.jpg",active,Black,8087330
5045626339047,5045626338958_1.jpg,"5045626338958_1.jpg,5045626338958_2.jpg,5045626338958_11.jpg",active,Black,8087330
5045626339078,5045626338958_1.jpg,"5045626338958_1.jpg,5045626338958_2.jpg,5045626338958_11.jpg",active,Black,8087330
5045626339108,5045626338958_1.jpg,"5045626338958_1.jpg,5045626338958_2.jpg,5045626338958_11.jpg",active,Black,8087330
5045626339139,5045626338958_1.jpg,"5045626338958_1.jpg,5045626338958_2.jpg,5045626338958_11.jpg",active,Black,8087330
5045626339160,5045626338958_1.jpg,"5045626338958_1.jpg,5045626338958_2.jpg,5045626338958_11.jpg",active,Black,8087330
5045626224442,5045626224442_1.jpg,"5045626224442_1.jpg,5045626224442_2.jpg,5045626224442_3.jpg,5045626224442_4.jpg,5045626224442_5.jpg,5045626224442_11.jpg",active,Miscellaneous,8089413
5045627327555,5045627327555_1.jpg,"5045627327555_1.jpg,5045627327555_2.jpg,5045627327555_3.jpg,5045627327555_4.jpg,5045627327555_5.jpg,5045627327555_6.jpg,5045627327555_7.jpg,5045627327555_11.jpg",active,Grey,8087365
5045627327586,5045627327555_1.jpg,"5045627327555_1.jpg,5045627327555_2.jpg,5045627327555_3.jpg,5045627327555_4.jpg,5045627327555_5.jpg,5045627327555_6.jpg,5045627327555_7.jpg,5045627327555_11.jpg",active,Grey,8087365
5045627327616,5045627327555_1.jpg,"5045627327555_1.jpg,5045627327555_2.jpg,5045627327555_3.jpg,5045627327555_4.jpg,5045627327555_5.jpg,5045627327555_6.jpg,5045627327555_7.jpg,5045627327555_11.jpg",active,Grey,8087365
5045627327647,5045627327555_1.jpg,"5045627327555_1.jpg,5045627327555_2.jpg,5045627327555_3.jpg,5045627327555_4.jpg,5045627327555_5.jpg,5045627327555_6.jpg,5045627327555_7.jpg,5045627327555_11.jpg",active,Grey,8087365
5045627327678,5045627327555_1.jpg,"5045627327555_1.jpg,5045627327555_2.jpg,5045627327555_3.jpg,5045627327555_4.jpg,5045627327555_5.jpg,5045627327555_6.jpg,5045627327555_7.jpg,5045627327555_11.jpg",active,Grey,8087365
5045627327708,5045627327555_1.jpg,"5045627327555_1.jpg,5045627327555_2.jpg,5045627327555_3.jpg,5045627327555_4.jpg,5045627327555_5.jpg,5045627327555_6.jpg,5045627327555_7.jpg,5045627327555_11.jpg",active,Grey,8087365
5045627327739,5045627327555_1.jpg,"5045627327555_1.jpg,5045627327555_2.jpg,5045627327555_3.jpg,5045627327555_4.jpg,5045627327555_5.jpg,5045627327555_6.jpg,5045627327555_7.jpg,5045627327555_11.jpg",active,Grey,8087365
5045626035451,5045626035451_1.jpg,"5045626035451_1.jpg,5045626035451_2.jpg,5045626035451_3.jpg,5045626035451_4.jpg,5045626035451_5.jpg,5045626035451_6.jpg,5045626035451_7.jpg,5045626035451_8.jpg,5045626035451_11.jpg",active,Blue,8089291
5045625224733,5045625224733_1.jpg,"5045625224733_1.jpg,5045625224733_2.jpg,5045625224733_3.jpg,5045625224733_4.jpg,5045625224733_5.jpg,5045625224733_6.jpg,5045625224733_11.jpg",active,Black,8087579
5045625224764,5045625224733_1.jpg,"5045625224733_1.jpg,5045625224733_2.jpg,5045625224733_3.jpg,5045625224733_4.jpg,5045625224733_5.jpg,5045625224733_6.jpg,5045625224733_11.jpg",active,Black,8087579
5045625224795,5045625224733_1.jpg,"5045625224733_1.jpg,5045625224733_2.jpg,5045625224733_3.jpg,5045625224733_4.jpg,5045625224733_5.jpg,5045625224733_6.jpg,5045625224733_11.jpg",active,Black,8087579
5045625224825,5045625224733_1.jpg,"5045625224733_1.jpg,5045625224733_2.jpg,5045625224733_3.jpg,5045625224733_4.jpg,5045625224733_5.jpg,5045625224733_6.jpg,5045625224733_11.jpg",active,Black,8087579
5045625224856,5045625224733_1.jpg,"5045625224733_1.jpg,5045625224733_2.jpg,5045625224733_3.jpg,5045625224733_4.jpg,5045625224733_5.jpg,5045625224733_6.jpg,5045625224733_11.jpg",active,Black,8087579
5045625224887,5045625224733_1.jpg,"5045625224733_1.jpg,5045625224733_2.jpg,5045625224733_3.jpg,5045625224733_4.jpg,5045625224733_5.jpg,5045625224733_6.jpg,5045625224733_11.jpg",active,Black,8087579
5045625224917,5045625224733_1.jpg,"5045625224733_1.jpg,5045625224733_2.jpg,5045625224733_3.jpg,5045625224733_4.jpg,5045625224733_5.jpg,5045625224733_6.jpg,5045625224733_11.jpg",active,Black,8087579
5045625224948,5045625224733_1.jpg,"5045625224733_1.jpg,5045625224733_2.jpg,5045625224733_3.jpg,5045625224733_4.jpg,5045625224733_5.jpg,5045625224733_6.jpg,5045625224733_11.jpg",active,Black,8087579
5045625224979,5045625224733_1.jpg,"5045625224733_1.jpg,5045625224733_2.jpg,5045625224733_3.jpg,5045625224733_4.jpg,5045625224733_5.jpg,5045625224733_6.jpg,5045625224733_11.jpg",active,Black,8087579
5045625225006,5045625224733_1.jpg,"5045625224733_1.jpg,5045625224733_2.jpg,5045625224733_3.jpg,5045625224733_4.jpg,5045625224733_5.jpg,5045625224733_6.jpg,5045625224733_11.jpg",active,Black,8087579
5045625225037,5045625224733_1.jpg,"5045625224733_1.jpg,5045625224733_2.jpg,5045625224733_3.jpg,5045625224733_4.jpg,5045625224733_5.jpg,5045625224733_6.jpg,5045625224733_11.jpg",active,Black,8087579
5045625225068,5045625224733_1.jpg,"5045625224733_1.jpg,5045625224733_2.jpg,5045625224733_3.jpg,5045625224733_4.jpg,5045625224733_5.jpg,5045625224733_6.jpg,5045625224733_11.jpg",active,Black,8087579
5045625225099,5045625224733_1.jpg,"5045625224733_1.jpg,5045625224733_2.jpg,5045625224733_3.jpg,5045625224733_4.jpg,5045625224733_5.jpg,5045625224733_6.jpg,5045625224733_11.jpg",active,Black,8087579
5045625225129,5045625224733_1.jpg,"5045625224733_1.jpg,5045625224733_2.jpg,5045625224733_3.jpg,5045625224733_4.jpg,5045625224733_5.jpg,5045625224733_6.jpg,5045625224733_11.jpg",active,Black,8087579
5045625225150,5045625224733_1.jpg,"5045625224733_1.jpg,5045625224733_2.jpg,5045625224733_3.jpg,5045625224733_4.jpg,5045625224733_5.jpg,5045625224733_6.jpg,5045625224733_11.jpg",active,Black,8087579
5045627560853,5045627560853_1.jpg,"5045627560853_1.jpg,5045627560853_2.jpg,5045627560853_3.jpg,5045627560853_4.jpg,5045627560853_5.jpg,5045627560853_6.jpg,5045627560853_7.jpg,5045627560853_8.jpg,5045627560853_11.jpg",active,Beige,8089390
5045627316092,5045627316092_1.jpg,"5045627316092_1.jpg,5045627316092_2.jpg,5045627316092_3.jpg,5045627316092_4.jpg,5045627316092_5.jpg,5045627316092_6.jpg,5045627316092_11.jpg",active,White,8087374
5045627316122,5045627316092_1.jpg,"5045627316092_1.jpg,5045627316092_2.jpg,5045627316092_3.jpg,5045627316092_4.jpg,5045627316092_5.jpg,5045627316092_6.jpg,5045627316092_11.jpg",active,White,8087374
5045627316153,5045627316092_1.jpg,"5045627316092_1.jpg,5045627316092_2.jpg,5045627316092_3.jpg,5045627316092_4.jpg,5045627316092_5.jpg,5045627316092_6.jpg,5045627316092_11.jpg",active,White,8087374
5045627316184,5045627316092_1.jpg,"5045627316092_1.jpg,5045627316092_2.jpg,5045627316092_3.jpg,5045627316092_4.jpg,5045627316092_5.jpg,5045627316092_6.jpg,5045627316092_11.jpg",active,White,8087374
5045627316214,5045627316092_1.jpg,"5045627316092_1.jpg,5045627316092_2.jpg,5045627316092_3.jpg,5045627316092_4.jpg,5045627316092_5.jpg,5045627316092_6.jpg,5045627316092_11.jpg",active,White,8087374
5045627316245,5045627316092_1.jpg,"5045627316092_1.jpg,5045627316092_2.jpg,5045627316092_3.jpg,5045627316092_4.jpg,5045627316092_5.jpg,5045627316092_6.jpg,5045627316092_11.jpg",active,White,8087374
5045627316276,5045627316092_1.jpg,"5045627316092_1.jpg,5045627316092_2.jpg,5045627316092_3.jpg,5045627316092_4.jpg,5045627316092_5.jpg,5045627316092_6.jpg,5045627316092_11.jpg",active,White,8087374
5045627316306,5045627316092_1.jpg,"5045627316092_1.jpg,5045627316092_2.jpg,5045627316092_3.jpg,5045627316092_4.jpg,5045627316092_5.jpg,5045627316092_6.jpg,5045627316092_11.jpg",active,White,8087374
5045627316337,5045627316092_1.jpg,"5045627316092_1.jpg,5045627316092_2.jpg,5045627316092_3.jpg,5045627316092_4.jpg,5045627316092_5.jpg,5045627316092_6.jpg,5045627316092_11.jpg",active,White,8087374
5045559258316,5045559258316_1.jpg,"5045559258316_1.jpg,5045559258316_2.jpg,5045559258316_3.jpg,5045559258316_4.jpg,5045559258316_5.jpg,5045559258316_6.jpg,5045559258316_11.jpg",active,Blue,8087367
5045559258378,5045559258316_1.jpg,"5045559258316_1.jpg,5045559258316_2.jpg,5045559258316_3.jpg,5045559258316_4.jpg,5045559258316_5.jpg,5045559258316_6.jpg,5045559258316_11.jpg",active,Blue,8087367
5045559258439,5045559258316_1.jpg,"5045559258316_1.jpg,5045559258316_2.jpg,5045559258316_3.jpg,5045559258316_4.jpg,5045559258316_5.jpg,5045559258316_6.jpg,5045559258316_11.jpg",active,Blue,8087367
5045559258491,5045559258316_1.jpg,"5045559258316_1.jpg,5045559258316_2.jpg,5045559258316_3.jpg,5045559258316_4.jpg,5045559258316_5.jpg,5045559258316_6.jpg,5045559258316_11.jpg",active,Blue,8087367
5045559258552,5045559258316_1.jpg,"5045559258316_1.jpg,5045559258316_2.jpg,5045559258316_3.jpg,5045559258316_4.jpg,5045559258316_5.jpg,5045559258316_6.jpg,5045559258316_11.jpg",active,Blue,8087367
5045559258613,5045559258316_1.jpg,"5045559258316_1.jpg,5045559258316_2.jpg,5045559258316_3.jpg,5045559258316_4.jpg,5045559258316_5.jpg,5045559258316_6.jpg,5045559258316_11.jpg",active,Blue,8087367
5045559258675,5045559258316_1.jpg,"5045559258316_1.jpg,5045559258316_2.jpg,5045559258316_3.jpg,5045559258316_4.jpg,5045559258316_5.jpg,5045559258316_6.jpg,5045559258316_11.jpg",active,Blue,8087367
5045620727529,5045620727529_1.jpg,"5045620727529_1.jpg,5045620727529_2.jpg,5045620727529_3.jpg,5045620727529_4.jpg,5045620727529_5.jpg,5045620727529_6.jpg,5045620727529_7.jpg,5045620727529_8.jpg,5045620727529_9.jpg,5045620727529_10.jpg,5045620727529_11.jpg",active,Brown,8087388
5045627400203,5045627400203_1.jpg,"5045627400203_1.jpg,5045627400203_2.jpg,5045627400203_3.jpg,5045627400203_4.jpg,5045627400203_5.jpg,5045627400203_11.jpg",active,Black,8089303
5045626924267,5045626924267_1.jpg,"5045626924267_1.jpg,5045626924267_2.jpg,5045626924267_3.jpg,5045626924267_4.jpg,5045626924267_5.jpg,5045626924267_6.jpg,5045626924267_11.jpg",active,Beige,8087333
5045626924298,5045626924267_1.jpg,"5045626924267_1.jpg,5045626924267_2.jpg,5045626924267_3.jpg,5045626924267_4.jpg,5045626924267_5.jpg,5045626924267_6.jpg,5045626924267_11.jpg",active,Beige,8087333
5045626924328,5045626924267_1.jpg,"5045626924267_1.jpg,5045626924267_2.jpg,5045626924267_3.jpg,5045626924267_4.jpg,5045626924267_5.jpg,5045626924267_6.jpg,5045626924267_11.jpg",active,Beige,8087333
5045626924359,5045626924267_1.jpg,"5045626924267_1.jpg,5045626924267_2.jpg,5045626924267_3.jpg,5045626924267_4.jpg,5045626924267_5.jpg,5045626924267_6.jpg,5045626924267_11.jpg",active,Beige,8087333
5045626924380,5045626924267_1.jpg,"5045626924267_1.jpg,5045626924267_2.jpg,5045626924267_3.jpg,5045626924267_4.jpg,5045626924267_5.jpg,5045626924267_6.jpg,5045626924267_11.jpg",active,Beige,8087333
5045626924410,5045626924267_1.jpg,"5045626924267_1.jpg,5045626924267_2.jpg,5045626924267_3.jpg,5045626924267_4.jpg,5045626924267_5.jpg,5045626924267_6.jpg,5045626924267_11.jpg",active,Beige,8087333
5045626924441,5045626924267_1.jpg,"5045626924267_1.jpg,5045626924267_2.jpg,5045626924267_3.jpg,5045626924267_4.jpg,5045626924267_5.jpg,5045626924267_6.jpg,5045626924267_11.jpg",active,Beige,8087333
5045627610411,5045627610411_1.jpg,"5045627610411_1.jpg,5045627610411_2.jpg,5045627610411_3.jpg,5045627610411_4.jpg,5045627610411_5.jpg,5045627610411_6.jpg,5045627610411_11.jpg",active,Brown,8087376
5045627610442,5045627610411_1.jpg,"5045627610411_1.jpg,5045627610411_2.jpg,5045627610411_3.jpg,5045627610411_4.jpg,5045627610411_5.jpg,5045627610411_6.jpg,5045627610411_11.jpg",active,Brown,8087376
5045627610473,5045627610411_1.jpg,"5045627610411_1.jpg,5045627610411_2.jpg,5045627610411_3.jpg,5045627610411_4.jpg,5045627610411_5.jpg,5045627610411_6.jpg,5045627610411_11.jpg",active,Brown,8087376
5045627610503,5045627610411_1.jpg,"5045627610411_1.jpg,5045627610411_2.jpg,5045627610411_3.jpg,5045627610411_4.jpg,5045627610411_5.jpg,5045627610411_6.jpg,5045627610411_11.jpg",active,Brown,8087376
5045627610534,5045627610411_1.jpg,"5045627610411_1.jpg,5045627610411_2.jpg,5045627610411_3.jpg,5045627610411_4.jpg,5045627610411_5.jpg,5045627610411_6.jpg,5045627610411_11.jpg",active,Brown,8087376
5045627610565,5045627610411_1.jpg,"5045627610411_1.jpg,5045627610411_2.jpg,5045627610411_3.jpg,5045627610411_4.jpg,5045627610411_5.jpg,5045627610411_6.jpg,5045627610411_11.jpg",active,Brown,8087376
5045626056036,5045626056036_1.jpg,"5045626056036_1.jpg,5045626056036_2.jpg,5045626056036_3.jpg,5045626056036_4.jpg,5045626056036_5.jpg,5045626056036_6.jpg,5045626056036_11.jpg",active,Green,8087398
5045626056098,5045626056036_1.jpg,"5045626056036_1.jpg,5045626056036_2.jpg,5045626056036_3.jpg,5045626056036_4.jpg,5045626056036_5.jpg,5045626056036_6.jpg,5045626056036_11.jpg",active,Green,8087398
5045626056159,5045626056036_1.jpg,"5045626056036_1.jpg,5045626056036_2.jpg,5045626056036_3.jpg,5045626056036_4.jpg,5045626056036_5.jpg,5045626056036_6.jpg,5045626056036_11.jpg",active,Green,8087398
5045626056210,5045626056036_1.jpg,"5045626056036_1.jpg,5045626056036_2.jpg,5045626056036_3.jpg,5045626056036_4.jpg,5045626056036_5.jpg,5045626056036_6.jpg,5045626056036_11.jpg",active,Green,8087398
5045626056272,5045626056036_1.jpg,"5045626056036_1.jpg,5045626056036_2.jpg,5045626056036_3.jpg,5045626056036_4.jpg,5045626056036_5.jpg,5045626056036_6.jpg,5045626056036_11.jpg",active,Green,8087398
5045626056333,5045626056036_1.jpg,"5045626056036_1.jpg,5045626056036_2.jpg,5045626056036_3.jpg,5045626056036_4.jpg,5045626056036_5.jpg,5045626056036_6.jpg,5045626056036_11.jpg",active,Green,8087398
5045626056395,5045626056036_1.jpg,"5045626056036_1.jpg,5045626056036_2.jpg,5045626056036_3.jpg,5045626056036_4.jpg,5045626056036_5.jpg,5045626056036_6.jpg,5045626056036_11.jpg",active,Green,8087398
5045622499301,5045622499301_1.jpg,"5045622499301_1.jpg,5045622499301_2.jpg,5045622499301_3.jpg,5045622499301_4.jpg,5045622499301_5.jpg,5045622499301_6.jpg,5045622499301_7.jpg,5045622499301_8.jpg,5045622499301_9.jpg,5045622499301_11.jpg",inactive,Black,8087533
5045622499332,5045622499301_1.jpg,"5045622499301_1.jpg,5045622499301_2.jpg,5045622499301_3.jpg,5045622499301_4.jpg,5045622499301_5.jpg,5045622499301_6.jpg,5045622499301_7.jpg,5045622499301_8.jpg,5045622499301_9.jpg,5045622499301_11.jpg",inactive,Black,8087533
5045622499363,5045622499301_1.jpg,"5045622499301_1.jpg,5045622499301_2.jpg,5045622499301_3.jpg,5045622499301_4.jpg,5045622499301_5.jpg,5045622499301_6.jpg,5045622499301_7.jpg,5045622499301_8.jpg,5045622499301_9.jpg,5045622499301_11.jpg",inactive,Black,8087533
5045622499394,5045622499301_1.jpg,"5045622499301_1.jpg,5045622499301_2.jpg,5045622499301_3.jpg,5045622499301_4.jpg,5045622499301_5.jpg,5045622499301_6.jpg,5045622499301_7.jpg,5045622499301_8.jpg,5045622499301_9.jpg,5045622499301_11.jpg",inactive,Black,8087533
5045622499424,5045622499301_1.jpg,"5045622499301_1.jpg,5045622499301_2.jpg,5045622499301_3.jpg,5045622499301_4.jpg,5045622499301_5.jpg,5045622499301_6.jpg,5045622499301_7.jpg,5045622499301_8.jpg,5045622499301_9.jpg,5045622499301_11.jpg",inactive,Black,8087533
5045622499455,5045622499301_1.jpg,"5045622499301_1.jpg,5045622499301_2.jpg,5045622499301_3.jpg,5045622499301_4.jpg,5045622499301_5.jpg,5045622499301_6.jpg,5045622499301_7.jpg,5045622499301_8.jpg,5045622499301_9.jpg,5045622499301_11.jpg",inactive,Black,8087533
5045626345734,5045626345734_1.jpg,"5045626345734_1.jpg,5045626345734_2.jpg,5045626345734_3.jpg,5045626345734_4.jpg,5045626345734_5.jpg,5045626345734_6.jpg,5045626345734_11.jpg",active,Blue,8087473
5045626345796,5045626345734_1.jpg,"5045626345734_1.jpg,5045626345734_2.jpg,5045626345734_3.jpg,5045626345734_4.jpg,5045626345734_5.jpg,5045626345734_6.jpg,5045626345734_11.jpg",active,Blue,8087473
5045626345857,5045626345734_1.jpg,"5045626345734_1.jpg,5045626345734_2.jpg,5045626345734_3.jpg,5045626345734_4.jpg,5045626345734_5.jpg,5045626345734_6.jpg,5045626345734_11.jpg",active,Blue,8087473
5045626345918,5045626345734_1.jpg,"5045626345734_1.jpg,5045626345734_2.jpg,5045626345734_3.jpg,5045626345734_4.jpg,5045626345734_5.jpg,5045626345734_6.jpg,5045626345734_11.jpg",active,Blue,8087473
5045626345970,5045626345734_1.jpg,"5045626345734_1.jpg,5045626345734_2.jpg,5045626345734_3.jpg,5045626345734_4.jpg,5045626345734_5.jpg,5045626345734_6.jpg,5045626345734_11.jpg",active,Blue,8087473
5045626346038,5045626345734_1.jpg,"5045626345734_1.jpg,5045626345734_2.jpg,5045626345734_3.jpg,5045626345734_4.jpg,5045626345734_5.jpg,5045626345734_6.jpg,5045626345734_11.jpg",active,Blue,8087473
5045626346090,5045626345734_1.jpg,"5045626345734_1.jpg,5045626345734_2.jpg,5045626345734_3.jpg,5045626345734_4.jpg,5045626345734_5.jpg,5045626345734_6.jpg,5045626345734_11.jpg",active,Blue,8087473
5045626346151,5045626345734_1.jpg,"5045626345734_1.jpg,5045626345734_2.jpg,5045626345734_3.jpg,5045626345734_4.jpg,5045626345734_5.jpg,5045626345734_6.jpg,5045626345734_11.jpg",active,Blue,8087473
5045627306130,5045627306130_1.jpg,"5045627306130_1.jpg,5045627306130_2.jpg,5045627306130_3.jpg,5045627306130_4.jpg,5045627306130_5.jpg,5045627306130_11.jpg",active,Black,8087474
5045627306161,5045627306130_1.jpg,"5045627306130_1.jpg,5045627306130_2.jpg,5045627306130_3.jpg,5045627306130_4.jpg,5045627306130_5.jpg,5045627306130_11.jpg",active,Black,8087474
5045627306192,5045627306130_1.jpg,"5045627306130_1.jpg,5045627306130_2.jpg,5045627306130_3.jpg,5045627306130_4.jpg,5045627306130_5.jpg,5045627306130_11.jpg",active,Black,8087474
5045627306222,5045627306130_1.jpg,"5045627306130_1.jpg,5045627306130_2.jpg,5045627306130_3.jpg,5045627306130_4.jpg,5045627306130_5.jpg,5045627306130_11.jpg",active,Black,8087474
5045627306253,5045627306130_1.jpg,"5045627306130_1.jpg,5045627306130_2.jpg,5045627306130_3.jpg,5045627306130_4.jpg,5045627306130_5.jpg,5045627306130_11.jpg",active,Black,8087474
5045627306284,5045627306130_1.jpg,"5045627306130_1.jpg,5045627306130_2.jpg,5045627306130_3.jpg,5045627306130_4.jpg,5045627306130_5.jpg,5045627306130_11.jpg",active,Black,8087474
5045627306314,5045627306130_1.jpg,"5045627306130_1.jpg,5045627306130_2.jpg,5045627306130_3.jpg,5045627306130_4.jpg,5045627306130_5.jpg,5045627306130_11.jpg",active,Black,8087474
5045626004013,5045626004013_1.jpg,"5045626004013_1.jpg,5045626004013_2.jpg,5045626004013_3.jpg,5045626004013_4.jpg,5045626004013_5.jpg,5045626004013_6.jpg,5045626004013_11.jpg",active,Black,8087515
5045626004044,5045626004013_1.jpg,"5045626004013_1.jpg,5045626004013_2.jpg,5045626004013_3.jpg,5045626004013_4.jpg,5045626004013_5.jpg,5045626004013_6.jpg,5045626004013_11.jpg",active,Black,8087515
5045626004075,5045626004013_1.jpg,"5045626004013_1.jpg,5045626004013_2.jpg,5045626004013_3.jpg,5045626004013_4.jpg,5045626004013_5.jpg,5045626004013_6.jpg,5045626004013_11.jpg",active,Black,8087515
5045626004105,5045626004013_1.jpg,"5045626004013_1.jpg,5045626004013_2.jpg,5045626004013_3.jpg,5045626004013_4.jpg,5045626004013_5.jpg,5045626004013_6.jpg,5045626004013_11.jpg",active,Black,8087515
5045626004136,5045626004013_1.jpg,"5045626004013_1.jpg,5045626004013_2.jpg,5045626004013_3.jpg,5045626004013_4.jpg,5045626004013_5.jpg,5045626004013_6.jpg,5045626004013_11.jpg",active,Black,8087515
5045626004167,5045626004013_1.jpg,"5045626004013_1.jpg,5045626004013_2.jpg,5045626004013_3.jpg,5045626004013_4.jpg,5045626004013_5.jpg,5045626004013_6.jpg,5045626004013_11.jpg",active,Black,8087515
5045626004198,5045626004013_1.jpg,"5045626004013_1.jpg,5045626004013_2.jpg,5045626004013_3.jpg,5045626004013_4.jpg,5045626004013_5.jpg,5045626004013_6.jpg,5045626004013_11.jpg",active,Black,8087515
5045627621059,5045627621059_1.jpg,"5045627621059_1.jpg,5045627621059_2.jpg,5045627621059_3.jpg,5045627621059_4.jpg,5045627621059_5.jpg,5045627621059_6.jpg,5045627621059_7.jpg,5045627621059_8.jpg,5045627621059_9.jpg,5045627621059_10.jpg,5045627621059_11.jpg",active,Brown,8087548
5045627621080,5045627621059_1.jpg,"5045627621059_1.jpg,5045627621059_2.jpg,5045627621059_3.jpg,5045627621059_4.jpg,5045627621059_5.jpg,5045627621059_6.jpg,5045627621059_7.jpg,5045627621059_8.jpg,5045627621059_9.jpg,5045627621059_10.jpg,5045627621059_11.jpg",active,Brown,8087548
5045627621110,5045627621059_1.jpg,"5045627621059_1.jpg,5045627621059_2.jpg,5045627621059_3.jpg,5045627621059_4.jpg,5045627621059_5.jpg,5045627621059_6.jpg,5045627621059_7.jpg,5045627621059_8.jpg,5045627621059_9.jpg,5045627621059_10.jpg,5045627621059_11.jpg",active,Brown,8087548
5045627621141,5045627621059_1.jpg,"5045627621059_1.jpg,5045627621059_2.jpg,5045627621059_3.jpg,5045627621059_4.jpg,5045627621059_5.jpg,5045627621059_6.jpg,5045627621059_7.jpg,5045627621059_8.jpg,5045627621059_9.jpg,5045627621059_10.jpg,5045627621059_11.jpg",active,Brown,8087548
5045627621172,5045627621059_1.jpg,"5045627621059_1.jpg,5045627621059_2.jpg,5045627621059_3.jpg,5045627621059_4.jpg,5045627621059_5.jpg,5045627621059_6.jpg,5045627621059_7.jpg,5045627621059_8.jpg,5045627621059_9.jpg,5045627621059_10.jpg,5045627621059_11.jpg",active,Brown,8087548
5045627621202,5045627621059_1.jpg,"5045627621059_1.jpg,5045627621059_2.jpg,5045627621059_3.jpg,5045627621059_4.jpg,5045627621059_5.jpg,5045627621059_6.jpg,5045627621059_7.jpg,5045627621059_8.jpg,5045627621059_9.jpg,5045627621059_10.jpg,5045627621059_11.jpg",active,Brown,8087548
5045627621233,5045627621059_1.jpg,"5045627621059_1.jpg,5045627621059_2.jpg,5045627621059_3.jpg,5045627621059_4.jpg,5045627621059_5.jpg,5045627621059_6.jpg,5045627621059_7.jpg,5045627621059_8.jpg,5045627621059_9.jpg,5045627621059_10.jpg,5045627621059_11.jpg",active,Brown,8087548
5045627621264,5045627621059_1.jpg,"5045627621059_1.jpg,5045627621059_2.jpg,5045627621059_3.jpg,5045627621059_4.jpg,5045627621059_5.jpg,5045627621059_6.jpg,5045627621059_7.jpg,5045627621059_8.jpg,5045627621059_9.jpg,5045627621059_10.jpg,5045627621059_11.jpg",active,Brown,8087548
5045627621295,5045627621059_1.jpg,"5045627621059_1.jpg,5045627621059_2.jpg,5045627621059_3.jpg,5045627621059_4.jpg,5045627621059_5.jpg,5045627621059_6.jpg,5045627621059_7.jpg,5045627621059_8.jpg,5045627621059_9.jpg,5045627621059_10.jpg,5045627621059_11.jpg",active,Brown,8087548
5045626182865,5045626182865_1.jpg,"5045626182865_1.jpg,5045626182865_2.jpg,5045626182865_3.jpg,5045626182865_4.jpg,5045626182865_5.jpg,5045626182865_6.jpg,5045626182865_11.jpg",active,Blue,8087491
5045626182896,5045626182865_1.jpg,"5045626182865_1.jpg,5045626182865_2.jpg,5045626182865_3.jpg,5045626182865_4.jpg,5045626182865_5.jpg,5045626182865_6.jpg,5045626182865_11.jpg",active,Blue,8087491
5045626182926,5045626182865_1.jpg,"5045626182865_1.jpg,5045626182865_2.jpg,5045626182865_3.jpg,5045626182865_4.jpg,5045626182865_5.jpg,5045626182865_6.jpg,5045626182865_11.jpg",active,Blue,8087491
5045626182957,5045626182865_1.jpg,"5045626182865_1.jpg,5045626182865_2.jpg,5045626182865_3.jpg,5045626182865_4.jpg,5045626182865_5.jpg,5045626182865_6.jpg,5045626182865_11.jpg",active,Blue,8087491
5045626182988,5045626182865_1.jpg,"5045626182865_1.jpg,5045626182865_2.jpg,5045626182865_3.jpg,5045626182865_4.jpg,5045626182865_5.jpg,5045626182865_6.jpg,5045626182865_11.jpg",active,Blue,8087491
5045626183015,5045626182865_1.jpg,"5045626182865_1.jpg,5045626182865_2.jpg,5045626182865_3.jpg,5045626182865_4.jpg,5045626182865_5.jpg,5045626182865_6.jpg,5045626182865_11.jpg",active,Blue,8087491
5045626183046,5045626182865_1.jpg,"5045626182865_1.jpg,5045626182865_2.jpg,5045626182865_3.jpg,5045626182865_4.jpg,5045626182865_5.jpg,5045626182865_6.jpg,5045626182865_11.jpg",active,Blue,8087491
5045555018068,5045555018068_1.jpg,"5045555018068_1.jpg,5045555018068_2.jpg,5045555018068_3.jpg,5045555018068_4.jpg,5045555018068_5.jpg,5045555018068_6.jpg,5045555018068_7.jpg,5045555018068_8.jpg,5045555018068_11.jpg",active,Blue,8087488
5045555018099,5045555018068_1.jpg,"5045555018068_1.jpg,5045555018068_2.jpg,5045555018068_3.jpg,5045555018068_4.jpg,5045555018068_5.jpg,5045555018068_6.jpg,5045555018068_7.jpg,5045555018068_8.jpg,5045555018068_11.jpg",active,Blue,8087488
5045555018129,5045555018068_1.jpg,"5045555018068_1.jpg,5045555018068_2.jpg,5045555018068_3.jpg,5045555018068_4.jpg,5045555018068_5.jpg,5045555018068_6.jpg,5045555018068_7.jpg,5045555018068_8.jpg,5045555018068_11.jpg",active,Blue,8087488
5045555018150,5045555018068_1.jpg,"5045555018068_1.jpg,5045555018068_2.jpg,5045555018068_3.jpg,5045555018068_4.jpg,5045555018068_5.jpg,5045555018068_6.jpg,5045555018068_7.jpg,5045555018068_8.jpg,5045555018068_11.jpg",active,Blue,8087488
5045555018181,5045555018068_1.jpg,"5045555018068_1.jpg,5045555018068_2.jpg,5045555018068_3.jpg,5045555018068_4.jpg,5045555018068_5.jpg,5045555018068_6.jpg,5045555018068_7.jpg,5045555018068_8.jpg,5045555018068_11.jpg",active,Blue,8087488
5045555018211,5045555018068_1.jpg,"5045555018068_1.jpg,5045555018068_2.jpg,5045555018068_3.jpg,5045555018068_4.jpg,5045555018068_5.jpg,5045555018068_6.jpg,5045555018068_7.jpg,5045555018068_8.jpg,5045555018068_11.jpg",active,Blue,8087488
5045555018242,5045555018068_1.jpg,"5045555018068_1.jpg,5045555018068_2.jpg,5045555018068_3.jpg,5045555018068_4.jpg,5045555018068_5.jpg,5045555018068_6.jpg,5045555018068_7.jpg,5045555018068_8.jpg,5045555018068_11.jpg",active,Blue,8087488
5045555018273,5045555018068_1.jpg,"5045555018068_1.jpg,5045555018068_2.jpg,5045555018068_3.jpg,5045555018068_4.jpg,5045555018068_5.jpg,5045555018068_6.jpg,5045555018068_7.jpg,5045555018068_8.jpg,5045555018068_11.jpg",active,Blue,8087488
5045555018303,5045555018068_1.jpg,"5045555018068_1.jpg,5045555018068_2.jpg,5045555018068_3.jpg,5045555018068_4.jpg,5045555018068_5.jpg,5045555018068_6.jpg,5045555018068_7.jpg,5045555018068_8.jpg,5045555018068_11.jpg",active,Blue,8087488
5045625944945,5045625944945_1.jpg,"5045625944945_1.jpg,5045625944945_2.jpg,5045625944945_3.jpg,5045625944945_4.jpg,5045625944945_5.jpg,5045625944945_6.jpg,5045625944945_11.jpg",active,Beige,8089444
5045625799064,5045625799064_1.jpg,"5045625799064_1.jpg,5045625799064_2.jpg,5045625799064_3.jpg,5045625799064_4.jpg,5045625799064_5.jpg,5045625799064_6.jpg,5045625799064_11.jpg",active,White,8087476
5045625799095,5045625799064_1.jpg,"5045625799064_1.jpg,5045625799064_2.jpg,5045625799064_3.jpg,5045625799064_4.jpg,5045625799064_5.jpg,5045625799064_6.jpg,5045625799064_11.jpg",active,White,8087476
5045625799125,5045625799064_1.jpg,"5045625799064_1.jpg,5045625799064_2.jpg,5045625799064_3.jpg,5045625799064_4.jpg,5045625799064_5.jpg,5045625799064_6.jpg,5045625799064_11.jpg",active,White,8087476
5045625799156,5045625799064_1.jpg,"5045625799064_1.jpg,5045625799064_2.jpg,5045625799064_3.jpg,5045625799064_4.jpg,5045625799064_5.jpg,5045625799064_6.jpg,5045625799064_11.jpg",active,White,8087476
5045625799187,5045625799064_1.jpg,"5045625799064_1.jpg,5045625799064_2.jpg,5045625799064_3.jpg,5045625799064_4.jpg,5045625799064_5.jpg,5045625799064_6.jpg,5045625799064_11.jpg",active,White,8087476
5045625799217,5045625799064_1.jpg,"5045625799064_1.jpg,5045625799064_2.jpg,5045625799064_3.jpg,5045625799064_4.jpg,5045625799064_5.jpg,5045625799064_6.jpg,5045625799064_11.jpg",active,White,8087476
5045625799248,5045625799064_1.jpg,"5045625799064_1.jpg,5045625799064_2.jpg,5045625799064_3.jpg,5045625799064_4.jpg,5045625799064_5.jpg,5045625799064_6.jpg,5045625799064_11.jpg",active,White,8087476
5045625292701,5045625292701_1.jpg,"5045625292701_1.jpg,5045625292701_2.jpg,5045625292701_3.jpg,5045625292701_4.jpg,5045625292701_5.jpg,5045625292701_11.jpg",active,Beige,8089254
5045625292732,5045625292701_1.jpg,"5045625292701_1.jpg,5045625292701_2.jpg,5045625292701_3.jpg,5045625292701_4.jpg,5045625292701_5.jpg,5045625292701_11.jpg",active,Beige,8089254
5045625292763,5045625292701_1.jpg,"5045625292701_1.jpg,5045625292701_2.jpg,5045625292701_3.jpg,5045625292701_4.jpg,5045625292701_5.jpg,5045625292701_11.jpg",active,Beige,8089254
5045625292794,5045625292701_1.jpg,"5045625292701_1.jpg,5045625292701_2.jpg,5045625292701_3.jpg,5045625292701_4.jpg,5045625292701_5.jpg,5045625292701_11.jpg",active,Beige,8089254
5045625292824,5045625292701_1.jpg,"5045625292701_1.jpg,5045625292701_2.jpg,5045625292701_3.jpg,5045625292701_4.jpg,5045625292701_5.jpg,5045625292701_11.jpg",active,Beige,8089254
5045625292855,5045625292701_1.jpg,"5045625292701_1.jpg,5045625292701_2.jpg,5045625292701_3.jpg,5045625292701_4.jpg,5045625292701_5.jpg,5045625292701_11.jpg",active,Beige,8089254
5045625292886,5045625292701_1.jpg,"5045625292701_1.jpg,5045625292701_2.jpg,5045625292701_3.jpg,5045625292701_4.jpg,5045625292701_5.jpg,5045625292701_11.jpg",active,Beige,8089254
5045625292916,5045625292701_1.jpg,"5045625292701_1.jpg,5045625292701_2.jpg,5045625292701_3.jpg,5045625292701_4.jpg,5045625292701_5.jpg,5045625292701_11.jpg",active,Beige,8089254
5045625292947,5045625292701_1.jpg,"5045625292701_1.jpg,5045625292701_2.jpg,5045625292701_3.jpg,5045625292701_4.jpg,5045625292701_5.jpg,5045625292701_11.jpg",active,Beige,8089254
5045621046872,5045621046872_1.jpg,"5045621046872_1.jpg,5045621046872_2.jpg,5045621046872_3.jpg,5045621046872_4.jpg,5045621046872_5.jpg,5045621046872_6.jpg,5045621046872_7.jpg,5045621046872_8.jpg,5045621046872_11.jpg",active,White,8087554
5045621046902,5045621046872_1.jpg,"5045621046872_1.jpg,5045621046872_2.jpg,5045621046872_3.jpg,5045621046872_4.jpg,5045621046872_5.jpg,5045621046872_6.jpg,5045621046872_7.jpg,5045621046872_8.jpg,5045621046872_11.jpg",active,White,8087554
5045621046933,5045621046872_1.jpg,"5045621046872_1.jpg,5045621046872_2.jpg,5045621046872_3.jpg,5045621046872_4.jpg,5045621046872_5.jpg,5045621046872_6.jpg,5045621046872_7.jpg,5045621046872_8.jpg,5045621046872_11.jpg",active,White,8087554
5045621046964,5045621046872_1.jpg,"5045621046872_1.jpg,5045621046872_2.jpg,5045621046872_3.jpg,5045621046872_4.jpg,5045621046872_5.jpg,5045621046872_6.jpg,5045621046872_7.jpg,5045621046872_8.jpg,5045621046872_11.jpg",active,White,8087554
5045621046995,5045621046872_1.jpg,"5045621046872_1.jpg,5045621046872_2.jpg,5045621046872_3.jpg,5045621046872_4.jpg,5045621046872_5.jpg,5045621046872_6.jpg,5045621046872_7.jpg,5045621046872_8.jpg,5045621046872_11.jpg",active,White,8087554
5045621047022,5045621046872_1.jpg,"5045621046872_1.jpg,5045621046872_2.jpg,5045621046872_3.jpg,5045621046872_4.jpg,5045621046872_5.jpg,5045621046872_6.jpg,5045621046872_7.jpg,5045621046872_8.jpg,5045621046872_11.jpg",active,White,8087554
5045621047084,5045621046872_1.jpg,"5045621046872_1.jpg,5045621046872_2.jpg,5045621046872_3.jpg,5045621046872_4.jpg,5045621046872_5.jpg,5045621046872_6.jpg,5045621046872_7.jpg,5045621046872_8.jpg,5045621046872_11.jpg",active,White,8087554
5045626762777,5045626762777_1.jpg,"5045626762777_1.jpg,5045626762777_2.jpg,5045626762777_3.jpg,5045626762777_4.jpg,5045626762777_5.jpg,5045626762777_6.jpg,5045626762777_7.jpg,5045626762777_11.jpg",active,Miscellaneous,8089268
5045626977218,5045626977218_1.jpg,"5045626977218_1.jpg,5045626977218_2.jpg,5045626977218_3.jpg,5045626977218_4.jpg,5045626977218_11.jpg",active,White,8087556
5045626977249,5045626977218_1.jpg,"5045626977218_1.jpg,5045626977218_2.jpg,5045626977218_3.jpg,5045626977218_4.jpg,5045626977218_11.jpg",active,White,8087556
5045626977270,5045626977218_1.jpg,"5045626977218_1.jpg,5045626977218_2.jpg,5045626977218_3.jpg,5045626977218_4.jpg,5045626977218_11.jpg",active,White,8087556
5045626977300,5045626977218_1.jpg,"5045626977218_1.jpg,5045626977218_2.jpg,5045626977218_3.jpg,5045626977218_4.jpg,5045626977218_11.jpg",active,White,8087556
5045626977331,5045626977218_1.jpg,"5045626977218_1.jpg,5045626977218_2.jpg,5045626977218_3.jpg,5045626977218_4.jpg,5045626977218_11.jpg",active,White,8087556
5045626977362,5045626977218_1.jpg,"5045626977218_1.jpg,5045626977218_2.jpg,5045626977218_3.jpg,5045626977218_4.jpg,5045626977218_11.jpg",active,White,8087556
5045624577748,5045624577748_1.jpg,"5045624577748_1.jpg,5045624577748_2.jpg,5045624577748_3.jpg,5045624577748_4.jpg,5045624577748_5.jpg,5045624577748_6.jpg,5045624577748_7.jpg,5045624577748_8.jpg,5045624577748_9.jpg,5045624577748_11.jpg",inactive,Yellow,8089460
5045626166346,5045626166346_1.jpg,"5045626166346_1.jpg,5045626166346_2.jpg,5045626166346_3.jpg,5045626166346_4.jpg,5045626166346_5.jpg,5045626166346_6.jpg,5045626166346_11.jpg",active,Blue,8087478
5045626166377,5045626166346_1.jpg,"5045626166346_1.jpg,5045626166346_2.jpg,5045626166346_3.jpg,5045626166346_4.jpg,5045626166346_5.jpg,5045626166346_6.jpg,5045626166346_11.jpg",active,Blue,8087478
5045626166407,5045626166346_1.jpg,"5045626166346_1.jpg,5045626166346_2.jpg,5045626166346_3.jpg,5045626166346_4.jpg,5045626166346_5.jpg,5045626166346_6.jpg,5045626166346_11.jpg",active,Blue,8087478
5045626166438,5045626166346_1.jpg,"5045626166346_1.jpg,5045626166346_2.jpg,5045626166346_3.jpg,5045626166346_4.jpg,5045626166346_5.jpg,5045626166346_6.jpg,5045626166346_11.jpg",active,Blue,8087478
5045626166469,5045626166346_1.jpg,"5045626166346_1.jpg,5045626166346_2.jpg,5045626166346_3.jpg,5045626166346_4.jpg,5045626166346_5.jpg,5045626166346_6.jpg,5045626166346_11.jpg",active,Blue,8087478
5045626166490,5045626166346_1.jpg,"5045626166346_1.jpg,5045626166346_2.jpg,5045626166346_3.jpg,5045626166346_4.jpg,5045626166346_5.jpg,5045626166346_6.jpg,5045626166346_11.jpg",active,Blue,8087478
5045626166520,5045626166346_1.jpg,"5045626166346_1.jpg,5045626166346_2.jpg,5045626166346_3.jpg,5045626166346_4.jpg,5045626166346_5.jpg,5045626166346_6.jpg,5045626166346_11.jpg",active,Blue,8087478
5045626166551,5045626166346_1.jpg,"5045626166346_1.jpg,5045626166346_2.jpg,5045626166346_3.jpg,5045626166346_4.jpg,5045626166346_5.jpg,5045626166346_6.jpg,5045626166346_11.jpg",active,Blue,8087478
5045625455281,5045625455281_1.jpg,"5045625455281_1.jpg,5045625455281_2.jpg,5045625455281_3.jpg,5045625455281_4.jpg,5045625455281_5.jpg,5045625455281_11.jpg",active,Beige,8087513
5045625455311,5045625455281_1.jpg,"5045625455281_1.jpg,5045625455281_2.jpg,5045625455281_3.jpg,5045625455281_4.jpg,5045625455281_5.jpg,5045625455281_11.jpg",active,Beige,8087513
5045625455342,5045625455281_1.jpg,"5045625455281_1.jpg,5045625455281_2.jpg,5045625455281_3.jpg,5045625455281_4.jpg,5045625455281_5.jpg,5045625455281_11.jpg",active,Beige,8087513
5045625455373,5045625455281_1.jpg,"5045625455281_1.jpg,5045625455281_2.jpg,5045625455281_3.jpg,5045625455281_4.jpg,5045625455281_5.jpg,5045625455281_11.jpg",active,Beige,8087513
5045626299778,5045626299778_1.jpg,"5045626299778_1.jpg,5045626299778_2.jpg,5045626299778_3.jpg,5045626299778_4.jpg,5045626299778_5.jpg,5045626299778_6.jpg,5045626299778_11.jpg",active,White,8089243
5045626299808,5045626299778_1.jpg,"5045626299778_1.jpg,5045626299778_2.jpg,5045626299778_3.jpg,5045626299778_4.jpg,5045626299778_5.jpg,5045626299778_6.jpg,5045626299778_11.jpg",active,White,8089243
5045626299839,5045626299778_1.jpg,"5045626299778_1.jpg,5045626299778_2.jpg,5045626299778_3.jpg,5045626299778_4.jpg,5045626299778_5.jpg,5045626299778_6.jpg,5045626299778_11.jpg",active,White,8089243
5045626299860,5045626299778_1.jpg,"5045626299778_1.jpg,5045626299778_2.jpg,5045626299778_3.jpg,5045626299778_4.jpg,5045626299778_5.jpg,5045626299778_6.jpg,5045626299778_11.jpg",active,White,8089243
5045626299891,5045626299778_1.jpg,"5045626299778_1.jpg,5045626299778_2.jpg,5045626299778_3.jpg,5045626299778_4.jpg,5045626299778_5.jpg,5045626299778_6.jpg,5045626299778_11.jpg",active,White,8089243
5045626299921,5045626299778_1.jpg,"5045626299778_1.jpg,5045626299778_2.jpg,5045626299778_3.jpg,5045626299778_4.jpg,5045626299778_5.jpg,5045626299778_6.jpg,5045626299778_11.jpg",active,White,8089243
5045626299952,5045626299778_1.jpg,"5045626299778_1.jpg,5045626299778_2.jpg,5045626299778_3.jpg,5045626299778_4.jpg,5045626299778_5.jpg,5045626299778_6.jpg,5045626299778_11.jpg",active,White,8089243
5045626060897,5045626060897_1.jpg,"5045626060897_1.jpg,5045626060897_2.jpg,5045626060897_3.jpg,5045626060897_4.jpg,5045626060897_5.jpg,5045626060897_6.jpg,5045626060897_7.jpg,5045626060897_8.jpg,5045626060897_11.jpg",active,Black,8087632
5045626060927,5045626060897_1.jpg,"5045626060897_1.jpg,5045626060897_2.jpg,5045626060897_3.jpg,5045626060897_4.jpg,5045626060897_5.jpg,5045626060897_6.jpg,5045626060897_7.jpg,5045626060897_8.jpg,5045626060897_11.jpg",active,Black,8087632
5045626060958,5045626060897_1.jpg,"5045626060897_1.jpg,5045626060897_2.jpg,5045626060897_3.jpg,5045626060897_4.jpg,5045626060897_5.jpg,5045626060897_6.jpg,5045626060897_7.jpg,5045626060897_8.jpg,5045626060897_11.jpg",active,Black,8087632
5045626060989,5045626060897_1.jpg,"5045626060897_1.jpg,5045626060897_2.jpg,5045626060897_3.jpg,5045626060897_4.jpg,5045626060897_5.jpg,5045626060897_6.jpg,5045626060897_7.jpg,5045626060897_8.jpg,5045626060897_11.jpg",active,Black,8087632
5045626061016,5045626060897_1.jpg,"5045626060897_1.jpg,5045626060897_2.jpg,5045626060897_3.jpg,5045626060897_4.jpg,5045626060897_5.jpg,5045626060897_6.jpg,5045626060897_7.jpg,5045626060897_8.jpg,5045626060897_11.jpg",active,Black,8087632
5045626061047,5045626060897_1.jpg,"5045626060897_1.jpg,5045626060897_2.jpg,5045626060897_3.jpg,5045626060897_4.jpg,5045626060897_5.jpg,5045626060897_6.jpg,5045626060897_7.jpg,5045626060897_8.jpg,5045626060897_11.jpg",active,Black,8087632
5045626061078,5045626060897_1.jpg,"5045626060897_1.jpg,5045626060897_2.jpg,5045626060897_3.jpg,5045626060897_4.jpg,5045626060897_5.jpg,5045626060897_6.jpg,5045626060897_7.jpg,5045626060897_8.jpg,5045626060897_11.jpg",active,Black,8087632
5045626061108,5045626060897_1.jpg,"5045626060897_1.jpg,5045626060897_2.jpg,5045626060897_3.jpg,5045626060897_4.jpg,5045626060897_5.jpg,5045626060897_6.jpg,5045626060897_7.jpg,5045626060897_8.jpg,5045626060897_11.jpg",active,Black,8087632
5045626984407,5045626984407_1.jpg,"5045626984407_1.jpg,5045626984407_2.jpg,5045626984407_3.jpg,5045626984407_4.jpg,5045626984407_5.jpg,5045626984407_11.jpg",active,Beige,8089213
5045626984438,5045626984407_1.jpg,"5045626984407_1.jpg,5045626984407_2.jpg,5045626984407_3.jpg,5045626984407_4.jpg,5045626984407_5.jpg,5045626984407_11.jpg",active,Beige,8089213
5045626984469,5045626984407_1.jpg,"5045626984407_1.jpg,5045626984407_2.jpg,5045626984407_3.jpg,5045626984407_4.jpg,5045626984407_5.jpg,5045626984407_11.jpg",active,Beige,8089213
5045626984490,5045626984407_1.jpg,"5045626984407_1.jpg,5045626984407_2.jpg,5045626984407_3.jpg,5045626984407_4.jpg,5045626984407_5.jpg,5045626984407_11.jpg",active,Beige,8089213
5045621008696,5045621008696_1.jpg,"5045621008696_1.jpg,5045621008696_2.jpg,5045621008696_3.jpg,5045621008696_4.jpg,5045621008696_5.jpg,5045621008696_11.jpg",active,Black,8089281
5045626031729,5045626031729_1.jpg,"5045626031729_1.jpg,5045626031729_2.jpg,5045626031729_3.jpg,5045626031729_4.jpg,5045626031729_5.jpg,5045626031729_6.jpg,5045626031729_7.jpg,5045626031729_8.jpg,5045626031729_9.jpg,5045626031729_10.jpg,5045626031729_11.jpg",active,Blue,8089352
5045626031750,5045626031729_1.jpg,"5045626031729_1.jpg,5045626031729_2.jpg,5045626031729_3.jpg,5045626031729_4.jpg,5045626031729_5.jpg,5045626031729_6.jpg,5045626031729_7.jpg,5045626031729_8.jpg,5045626031729_9.jpg,5045626031729_10.jpg,5045626031729_11.jpg",active,Blue,8089352
5045626031781,5045626031729_1.jpg,"5045626031729_1.jpg,5045626031729_2.jpg,5045626031729_3.jpg,5045626031729_4.jpg,5045626031729_5.jpg,5045626031729_6.jpg,5045626031729_7.jpg,5045626031729_8.jpg,5045626031729_9.jpg,5045626031729_10.jpg,5045626031729_11.jpg",active,Blue,8089352
5045626031934,5045626031729_1.jpg,"5045626031729_1.jpg,5045626031729_2.jpg,5045626031729_3.jpg,5045626031729_4.jpg,5045626031729_5.jpg,5045626031729_6.jpg,5045626031729_7.jpg,5045626031729_8.jpg,5045626031729_9.jpg,5045626031729_10.jpg,5045626031729_11.jpg",active,Blue,8089352
5045626031965,5045626031729_1.jpg,"5045626031729_1.jpg,5045626031729_2.jpg,5045626031729_3.jpg,5045626031729_4.jpg,5045626031729_5.jpg,5045626031729_6.jpg,5045626031729_7.jpg,5045626031729_8.jpg,5045626031729_9.jpg,5045626031729_10.jpg,5045626031729_11.jpg",active,Blue,8089352
5045626031996,5045626031729_1.jpg,"5045626031729_1.jpg,5045626031729_2.jpg,5045626031729_3.jpg,5045626031729_4.jpg,5045626031729_5.jpg,5045626031729_6.jpg,5045626031729_7.jpg,5045626031729_8.jpg,5045626031729_9.jpg,5045626031729_10.jpg,5045626031729_11.jpg",active,Blue,8089352
5045626032023,5045626031729_1.jpg,"5045626031729_1.jpg,5045626031729_2.jpg,5045626031729_3.jpg,5045626031729_4.jpg,5045626031729_5.jpg,5045626031729_6.jpg,5045626031729_7.jpg,5045626031729_8.jpg,5045626031729_9.jpg,5045626031729_10.jpg,5045626031729_11.jpg",active,Blue,8089352
5045626032054,5045626031729_1.jpg,"5045626031729_1.jpg,5045626031729_2.jpg,5045626031729_3.jpg,5045626031729_4.jpg,5045626031729_5.jpg,5045626031729_6.jpg,5045626031729_7.jpg,5045626031729_8.jpg,5045626031729_9.jpg,5045626031729_10.jpg,5045626031729_11.jpg",active,Blue,8089352
5045626733845,5045626733845_1.jpg,"5045626733845_1.jpg,5045626733845_2.jpg,5045626733845_3.jpg,5045626733845_4.jpg,5045626733845_5.jpg,5045626733845_11.jpg",active,Beige,8087314
5045626733876,5045626733845_1.jpg,"5045626733845_1.jpg,5045626733845_2.jpg,5045626733845_3.jpg,5045626733845_4.jpg,5045626733845_5.jpg,5045626733845_11.jpg",active,Beige,8087314
5045626733906,5045626733845_1.jpg,"5045626733845_1.jpg,5045626733845_2.jpg,5045626733845_3.jpg,5045626733845_4.jpg,5045626733845_5.jpg,5045626733845_11.jpg",active,Beige,8087314
5045626733937,5045626733845_1.jpg,"5045626733845_1.jpg,5045626733845_2.jpg,5045626733845_3.jpg,5045626733845_4.jpg,5045626733845_5.jpg,5045626733845_11.jpg",active,Beige,8087314
5045626733968,5045626733845_1.jpg,"5045626733845_1.jpg,5045626733845_2.jpg,5045626733845_3.jpg,5045626733845_4.jpg,5045626733845_5.jpg,5045626733845_11.jpg",active,Beige,8087314
5045626733999,5045626733845_1.jpg,"5045626733845_1.jpg,5045626733845_2.jpg,5045626733845_3.jpg,5045626733845_4.jpg,5045626733845_5.jpg,5045626733845_11.jpg",active,Beige,8087314
5045626734026,5045626733845_1.jpg,"5045626733845_1.jpg,5045626733845_2.jpg,5045626733845_3.jpg,5045626733845_4.jpg,5045626733845_5.jpg,5045626733845_11.jpg",active,Beige,8087314
5045625846423,5045625846423_1.jpg,"5045625846423_1.jpg,5045625846423_2.jpg,5045625846423_3.jpg,5045625846423_4.jpg,5045625846423_5.jpg,5045625846423_6.jpg,5045625846423_11.jpg",active,Blue,8087346
5045625846454,5045625846423_1.jpg,"5045625846423_1.jpg,5045625846423_2.jpg,5045625846423_3.jpg,5045625846423_4.jpg,5045625846423_5.jpg,5045625846423_6.jpg,5045625846423_11.jpg",active,Blue,8087346
5045625846485,5045625846423_1.jpg,"5045625846423_1.jpg,5045625846423_2.jpg,5045625846423_3.jpg,5045625846423_4.jpg,5045625846423_5.jpg,5045625846423_6.jpg,5045625846423_11.jpg",active,Blue,8087346
5045625846515,5045625846423_1.jpg,"5045625846423_1.jpg,5045625846423_2.jpg,5045625846423_3.jpg,5045625846423_4.jpg,5045625846423_5.jpg,5045625846423_6.jpg,5045625846423_11.jpg",active,Blue,8087346
5045625846546,5045625846423_1.jpg,"5045625846423_1.jpg,5045625846423_2.jpg,5045625846423_3.jpg,5045625846423_4.jpg,5045625846423_5.jpg,5045625846423_6.jpg,5045625846423_11.jpg",active,Blue,8087346
5045625846577,5045625846423_1.jpg,"5045625846423_1.jpg,5045625846423_2.jpg,5045625846423_3.jpg,5045625846423_4.jpg,5045625846423_5.jpg,5045625846423_6.jpg,5045625846423_11.jpg",active,Blue,8087346
5045625846607,5045625846423_1.jpg,"5045625846423_1.jpg,5045625846423_2.jpg,5045625846423_3.jpg,5045625846423_4.jpg,5045625846423_5.jpg,5045625846423_6.jpg,5045625846423_11.jpg",active,Blue,8087346
5045625846638,5045625846423_1.jpg,"5045625846423_1.jpg,5045625846423_2.jpg,5045625846423_3.jpg,5045625846423_4.jpg,5045625846423_5.jpg,5045625846423_6.jpg,5045625846423_11.jpg",active,Blue,8087346
5045625846669,5045625846423_1.jpg,"5045625846423_1.jpg,5045625846423_2.jpg,5045625846423_3.jpg,5045625846423_4.jpg,5045625846423_5.jpg,5045625846423_6.jpg,5045625846423_11.jpg",active,Blue,8087346
5045625906851,5045625906851_1.jpg,"5045625906851_1.jpg,5045625906851_2.jpg,5045625906851_3.jpg,5045625906851_4.jpg,5045625906851_5.jpg,5045625906851_6.jpg,5045625906851_7.jpg,5045625906851_11.jpg",active,Black,8087475
5045625906882,5045625906851_1.jpg,"5045625906851_1.jpg,5045625906851_2.jpg,5045625906851_3.jpg,5045625906851_4.jpg,5045625906851_5.jpg,5045625906851_6.jpg,5045625906851_7.jpg,5045625906851_11.jpg",active,Black,8087475
5045625906912,5045625906851_1.jpg,"5045625906851_1.jpg,5045625906851_2.jpg,5045625906851_3.jpg,5045625906851_4.jpg,5045625906851_5.jpg,5045625906851_6.jpg,5045625906851_7.jpg,5045625906851_11.jpg",active,Black,8087475
5045625906943,5045625906851_1.jpg,"5045625906851_1.jpg,5045625906851_2.jpg,5045625906851_3.jpg,5045625906851_4.jpg,5045625906851_5.jpg,5045625906851_6.jpg,5045625906851_7.jpg,5045625906851_11.jpg",active,Black,8087475
5045625906974,5045625906851_1.jpg,"5045625906851_1.jpg,5045625906851_2.jpg,5045625906851_3.jpg,5045625906851_4.jpg,5045625906851_5.jpg,5045625906851_6.jpg,5045625906851_7.jpg,5045625906851_11.jpg",active,Black,8087475
5045625907001,5045625906851_1.jpg,"5045625906851_1.jpg,5045625906851_2.jpg,5045625906851_3.jpg,5045625906851_4.jpg,5045625906851_5.jpg,5045625906851_6.jpg,5045625906851_7.jpg,5045625906851_11.jpg",active,Black,8087475
5045625907032,5045625906851_1.jpg,"5045625906851_1.jpg,5045625906851_2.jpg,5045625906851_3.jpg,5045625906851_4.jpg,5045625906851_5.jpg,5045625906851_6.jpg,5045625906851_7.jpg,5045625906851_11.jpg",active,Black,8087475
5045626757667,5045626757667_1.jpg,"5045626757667_1.jpg,5045626757667_2.jpg,5045626757667_3.jpg,5045626757667_4.jpg,5045626757667_5.jpg,5045626757667_6.jpg,5045626757667_11.jpg",active,Orange,8089353
5045627093221,5045627093221_1.jpg,"5045627093221_1.jpg,5045627093221_2.jpg,5045627093221_3.jpg,5045627093221_4.jpg,5045627093221_5.jpg,5045627093221_6.jpg,5045627093221_11.jpg",active,Black,8087405
5045627093252,5045627093221_1.jpg,"5045627093221_1.jpg,5045627093221_2.jpg,5045627093221_3.jpg,5045627093221_4.jpg,5045627093221_5.jpg,5045627093221_6.jpg,5045627093221_11.jpg",active,Black,8087405
5045627093283,5045627093221_1.jpg,"5045627093221_1.jpg,5045627093221_2.jpg,5045627093221_3.jpg,5045627093221_4.jpg,5045627093221_5.jpg,5045627093221_6.jpg,5045627093221_11.jpg",active,Black,8087405
5045627093313,5045627093221_1.jpg,"5045627093221_1.jpg,5045627093221_2.jpg,5045627093221_3.jpg,5045627093221_4.jpg,5045627093221_5.jpg,5045627093221_6.jpg,5045627093221_11.jpg",active,Black,8087405
5045627093344,5045627093221_1.jpg,"5045627093221_1.jpg,5045627093221_2.jpg,5045627093221_3.jpg,5045627093221_4.jpg,5045627093221_5.jpg,5045627093221_6.jpg,5045627093221_11.jpg",active,Black,8087405
5045627093375,5045627093221_1.jpg,"5045627093221_1.jpg,5045627093221_2.jpg,5045627093221_3.jpg,5045627093221_4.jpg,5045627093221_5.jpg,5045627093221_6.jpg,5045627093221_11.jpg",active,Black,8087405
5045627093405,5045627093221_1.jpg,"5045627093221_1.jpg,5045627093221_2.jpg,5045627093221_3.jpg,5045627093221_4.jpg,5045627093221_5.jpg,5045627093221_6.jpg,5045627093221_11.jpg",active,Black,8087405
5045627093436,5045627093221_1.jpg,"5045627093221_1.jpg,5045627093221_2.jpg,5045627093221_3.jpg,5045627093221_4.jpg,5045627093221_5.jpg,5045627093221_6.jpg,5045627093221_11.jpg",active,Black,8087405
5045626072326,5045626072326_1.jpg,"5045626072326_1.jpg,5045626072326_2.jpg,5045626072326_3.jpg,5045626072326_4.jpg,5045626072326_5.jpg,5045626072326_11.jpg",active,Green,8087429
5045626072357,5045626072326_1.jpg,"5045626072326_1.jpg,5045626072326_2.jpg,5045626072326_3.jpg,5045626072326_4.jpg,5045626072326_5.jpg,5045626072326_11.jpg",active,Green,8087429
5045626072388,5045626072326_1.jpg,"5045626072326_1.jpg,5045626072326_2.jpg,5045626072326_3.jpg,5045626072326_4.jpg,5045626072326_5.jpg,5045626072326_11.jpg",active,Green,8087429
5045626072418,5045626072326_1.jpg,"5045626072326_1.jpg,5045626072326_2.jpg,5045626072326_3.jpg,5045626072326_4.jpg,5045626072326_5.jpg,5045626072326_11.jpg",active,Green,8087429
5045626072449,5045626072326_1.jpg,"5045626072326_1.jpg,5045626072326_2.jpg,5045626072326_3.jpg,5045626072326_4.jpg,5045626072326_5.jpg,5045626072326_11.jpg",active,Green,8087429
5045626072470,5045626072326_1.jpg,"5045626072326_1.jpg,5045626072326_2.jpg,5045626072326_3.jpg,5045626072326_4.jpg,5045626072326_5.jpg,5045626072326_11.jpg",active,Green,8087429
5045626072531,5045626072326_1.jpg,"5045626072326_1.jpg,5045626072326_2.jpg,5045626072326_3.jpg,5045626072326_4.jpg,5045626072326_5.jpg,5045626072326_11.jpg",active,Green,8087429
5045626169910,5045626169910_1.jpg,"5045626169910_1.jpg,5045626169910_2.jpg,5045626169910_3.jpg,5045626169910_4.jpg,5045626169910_5.jpg,5045626169910_6.jpg,5045626169910_11.jpg",active,Black,8089212
5045626169941,5045626169910_1.jpg,"5045626169910_1.jpg,5045626169910_2.jpg,5045626169910_3.jpg,5045626169910_4.jpg,5045626169910_5.jpg,5045626169910_6.jpg,5045626169910_11.jpg",active,Black,8089212
5045626169972,5045626169910_1.jpg,"5045626169910_1.jpg,5045626169910_2.jpg,5045626169910_3.jpg,5045626169910_4.jpg,5045626169910_5.jpg,5045626169910_6.jpg,5045626169910_11.jpg",active,Black,8089212
5045626170008,5045626169910_1.jpg,"5045626169910_1.jpg,5045626169910_2.jpg,5045626169910_3.jpg,5045626169910_4.jpg,5045626169910_5.jpg,5045626169910_6.jpg,5045626169910_11.jpg",active,Black,8089212
5045626170039,5045626169910_1.jpg,"5045626169910_1.jpg,5045626169910_2.jpg,5045626169910_3.jpg,5045626169910_4.jpg,5045626169910_5.jpg,5045626169910_6.jpg,5045626169910_11.jpg",active,Black,8089212
5045626170060,5045626169910_1.jpg,"5045626169910_1.jpg,5045626169910_2.jpg,5045626169910_3.jpg,5045626169910_4.jpg,5045626169910_5.jpg,5045626169910_6.jpg,5045626169910_11.jpg",active,Black,8089212
5045626170091,5045626169910_1.jpg,"5045626169910_1.jpg,5045626169910_2.jpg,5045626169910_3.jpg,5045626169910_4.jpg,5045626169910_5.jpg,5045626169910_6.jpg,5045626169910_11.jpg",active,Black,8089212
5045626170121,5045626169910_1.jpg,"5045626169910_1.jpg,5045626169910_2.jpg,5045626169910_3.jpg,5045626169910_4.jpg,5045626169910_5.jpg,5045626169910_6.jpg,5045626169910_11.jpg",active,Black,8089212
5045626170152,5045626169910_1.jpg,"5045626169910_1.jpg,5045626169910_2.jpg,5045626169910_3.jpg,5045626169910_4.jpg,5045626169910_5.jpg,5045626169910_6.jpg,5045626169910_11.jpg",active,Black,8089212
5045620916305,5045620916305_1.jpg,"5045620916305_1.jpg,5045620916305_2.jpg,5045620916305_3.jpg,5045620916305_4.jpg,5045620916305_5.jpg,5045620916305_6.jpg,5045620916305_11.jpg",active,White,8087595
5045620916336,5045620916305_1.jpg,"5045620916305_1.jpg,5045620916305_2.jpg,5045620916305_3.jpg,5045620916305_4.jpg,5045620916305_5.jpg,5045620916305_6.jpg,5045620916305_11.jpg",active,White,8087595
5045620916367,5045620916305_1.jpg,"5045620916305_1.jpg,5045620916305_2.jpg,5045620916305_3.jpg,5045620916305_4.jpg,5045620916305_5.jpg,5045620916305_6.jpg,5045620916305_11.jpg",active,White,8087595
5045620916398,5045620916305_1.jpg,"5045620916305_1.jpg,5045620916305_2.jpg,5045620916305_3.jpg,5045620916305_4.jpg,5045620916305_5.jpg,5045620916305_6.jpg,5045620916305_11.jpg",active,White,8087595
5045620916428,5045620916305_1.jpg,"5045620916305_1.jpg,5045620916305_2.jpg,5045620916305_3.jpg,5045620916305_4.jpg,5045620916305_5.jpg,5045620916305_6.jpg,5045620916305_11.jpg",active,White,8087595
5045620916459,5045620916305_1.jpg,"5045620916305_1.jpg,5045620916305_2.jpg,5045620916305_3.jpg,5045620916305_4.jpg,5045620916305_5.jpg,5045620916305_6.jpg,5045620916305_11.jpg",active,White,8087595
5045620916480,5045620916305_1.jpg,"5045620916305_1.jpg,5045620916305_2.jpg,5045620916305_3.jpg,5045620916305_4.jpg,5045620916305_5.jpg,5045620916305_6.jpg,5045620916305_11.jpg",active,White,8087595
5045620916510,5045620916305_1.jpg,"5045620916305_1.jpg,5045620916305_2.jpg,5045620916305_3.jpg,5045620916305_4.jpg,5045620916305_5.jpg,5045620916305_6.jpg,5045620916305_11.jpg",active,White,8087595
5045620916541,5045620916305_1.jpg,"5045620916305_1.jpg,5045620916305_2.jpg,5045620916305_3.jpg,5045620916305_4.jpg,5045620916305_5.jpg,5045620916305_6.jpg,5045620916305_11.jpg",active,White,8087595
5045620916572,5045620916305_1.jpg,"5045620916305_1.jpg,5045620916305_2.jpg,5045620916305_3.jpg,5045620916305_4.jpg,5045620916305_5.jpg,5045620916305_6.jpg,5045620916305_11.jpg",active,White,8087595
5045620916602,5045620916305_1.jpg,"5045620916305_1.jpg,5045620916305_2.jpg,5045620916305_3.jpg,5045620916305_4.jpg,5045620916305_5.jpg,5045620916305_6.jpg,5045620916305_11.jpg",active,White,8087595
5045620916633,5045620916305_1.jpg,"5045620916305_1.jpg,5045620916305_2.jpg,5045620916305_3.jpg,5045620916305_4.jpg,5045620916305_5.jpg,5045620916305_6.jpg,5045620916305_11.jpg",active,White,8087595
5045620916664,5045620916305_1.jpg,"5045620916305_1.jpg,5045620916305_2.jpg,5045620916305_3.jpg,5045620916305_4.jpg,5045620916305_5.jpg,5045620916305_6.jpg,5045620916305_11.jpg",active,White,8087595
5045620916695,5045620916305_1.jpg,"5045620916305_1.jpg,5045620916305_2.jpg,5045620916305_3.jpg,5045620916305_4.jpg,5045620916305_5.jpg,5045620916305_6.jpg,5045620916305_11.jpg",active,White,8087595
5045620916725,5045620916305_1.jpg,"5045620916305_1.jpg,5045620916305_2.jpg,5045620916305_3.jpg,5045620916305_4.jpg,5045620916305_5.jpg,5045620916305_6.jpg,5045620916305_11.jpg",active,White,8087595
5045623905856,5045620916305_1.jpg,"5045620916305_1.jpg,5045620916305_2.jpg,5045620916305_3.jpg,5045620916305_4.jpg,5045620916305_5.jpg,5045620916305_6.jpg,5045620916305_11.jpg",active,White,8087595
5045623905887,5045620916305_1.jpg,"5045620916305_1.jpg,5045620916305_2.jpg,5045620916305_3.jpg,5045620916305_4.jpg,5045620916305_5.jpg,5045620916305_6.jpg,5045620916305_11.jpg",active,White,8087595
5045623905917,5045620916305_1.jpg,"5045620916305_1.jpg,5045620916305_2.jpg,5045620916305_3.jpg,5045620916305_4.jpg,5045620916305_5.jpg,5045620916305_6.jpg,5045620916305_11.jpg",active,White,8087595
5045623905948,5045620916305_1.jpg,"5045620916305_1.jpg,5045620916305_2.jpg,5045620916305_3.jpg,5045620916305_4.jpg,5045620916305_5.jpg,5045620916305_6.jpg,5045620916305_11.jpg",active,White,8087595
5045624361187,5045620916305_1.jpg,"5045620916305_1.jpg,5045620916305_2.jpg,5045620916305_3.jpg,5045620916305_4.jpg,5045620916305_5.jpg,5045620916305_6.jpg,5045620916305_11.jpg",active,White,8087595
5045623608351,5045623608351_1.jpg,"5045623608351_1.jpg,5045623608351_2.jpg,5045623608351_3.jpg,5045623608351_4.jpg,5045623608351_5.jpg,5045623608351_6.jpg,5045623608351_7.jpg,5045623608351_11.jpg",active,Brown,8087444
5045623608382,5045623608351_1.jpg,"5045623608351_1.jpg,5045623608351_2.jpg,5045623608351_3.jpg,5045623608351_4.jpg,5045623608351_5.jpg,5045623608351_6.jpg,5045623608351_7.jpg,5045623608351_11.jpg",active,Brown,8087444
5045623608412,5045623608351_1.jpg,"5045623608351_1.jpg,5045623608351_2.jpg,5045623608351_3.jpg,5045623608351_4.jpg,5045623608351_5.jpg,5045623608351_6.jpg,5045623608351_7.jpg,5045623608351_11.jpg",active,Brown,8087444
5045623608443,5045623608351_1.jpg,"5045623608351_1.jpg,5045623608351_2.jpg,5045623608351_3.jpg,5045623608351_4.jpg,5045623608351_5.jpg,5045623608351_6.jpg,5045623608351_7.jpg,5045623608351_11.jpg",active,Brown,8087444
5045623608474,5045623608351_1.jpg,"5045623608351_1.jpg,5045623608351_2.jpg,5045623608351_3.jpg,5045623608351_4.jpg,5045623608351_5.jpg,5045623608351_6.jpg,5045623608351_7.jpg,5045623608351_11.jpg",active,Brown,8087444
5045623608504,5045623608351_1.jpg,"5045623608351_1.jpg,5045623608351_2.jpg,5045623608351_3.jpg,5045623608351_4.jpg,5045623608351_5.jpg,5045623608351_6.jpg,5045623608351_7.jpg,5045623608351_11.jpg",active,Brown,8087444
5045623608535,5045623608351_1.jpg,"5045623608351_1.jpg,5045623608351_2.jpg,5045623608351_3.jpg,5045623608351_4.jpg,5045623608351_5.jpg,5045623608351_6.jpg,5045623608351_7.jpg,5045623608351_11.jpg",active,Brown,8087444
5045623608566,5045623608351_1.jpg,"5045623608351_1.jpg,5045623608351_2.jpg,5045623608351_3.jpg,5045623608351_4.jpg,5045623608351_5.jpg,5045623608351_6.jpg,5045623608351_7.jpg,5045623608351_11.jpg",active,Brown,8087444
5045623608597,5045623608351_1.jpg,"5045623608351_1.jpg,5045623608351_2.jpg,5045623608351_3.jpg,5045623608351_4.jpg,5045623608351_5.jpg,5045623608351_6.jpg,5045623608351_7.jpg,5045623608351_11.jpg",active,Brown,8087444
5045626946047,5045626946047_1.jpg,"5045626946047_1.jpg,5045626946047_2.jpg,5045626946047_3.jpg,5045626946047_4.jpg,5045626946047_5.jpg,5045626946047_6.jpg,5045626946047_7.jpg,5045626946047_11.jpg",active,Black,8087539
5045626946078,5045626946047_1.jpg,"5045626946047_1.jpg,5045626946047_2.jpg,5045626946047_3.jpg,5045626946047_4.jpg,5045626946047_5.jpg,5045626946047_6.jpg,5045626946047_7.jpg,5045626946047_11.jpg",active,Black,8087539
5045626946108,5045626946047_1.jpg,"5045626946047_1.jpg,5045626946047_2.jpg,5045626946047_3.jpg,5045626946047_4.jpg,5045626946047_5.jpg,5045626946047_6.jpg,5045626946047_7.jpg,5045626946047_11.jpg",active,Black,8087539
5045626946139,5045626946047_1.jpg,"5045626946047_1.jpg,5045626946047_2.jpg,5045626946047_3.jpg,5045626946047_4.jpg,5045626946047_5.jpg,5045626946047_6.jpg,5045626946047_7.jpg,5045626946047_11.jpg",active,Black,8087539
5045626946160,5045626946047_1.jpg,"5045626946047_1.jpg,5045626946047_2.jpg,5045626946047_3.jpg,5045626946047_4.jpg,5045626946047_5.jpg,5045626946047_6.jpg,5045626946047_7.jpg,5045626946047_11.jpg",active,Black,8087539
5045626946191,5045626946047_1.jpg,"5045626946047_1.jpg,5045626946047_2.jpg,5045626946047_3.jpg,5045626946047_4.jpg,5045626946047_5.jpg,5045626946047_6.jpg,5045626946047_7.jpg,5045626946047_11.jpg",active,Black,8087539
5045626946221,5045626946047_1.jpg,"5045626946047_1.jpg,5045626946047_2.jpg,5045626946047_3.jpg,5045626946047_4.jpg,5045626946047_5.jpg,5045626946047_6.jpg,5045626946047_7.jpg,5045626946047_11.jpg",active,Black,8087539
5045627446751,5045627446751_1.jpg,"5045627446751_1.jpg,5045627446751_2.jpg,5045627446751_3.jpg,5045627446751_11.jpg",active,Brown,8089373
5045627446782,5045627446751_1.jpg,"5045627446751_1.jpg,5045627446751_2.jpg,5045627446751_3.jpg,5045627446751_11.jpg",active,Brown,8089373
5045626288062,5045626288062_1.jpg,"5045626288062_1.jpg,5045626288062_2.jpg,5045626288062_3.jpg,5045626288062_4.jpg,5045626288062_11.jpg",active,Grey,8089366
5045626032948,5045626032948_1.jpg,"5045626032948_1.jpg,5045626032948_2.jpg,5045626032948_3.jpg,5045626032948_4.jpg,5045626032948_5.jpg,5045626032948_11.jpg",active,Brown,8087463
5045626032979,5045626032948_1.jpg,"5045626032948_1.jpg,5045626032948_2.jpg,5045626032948_3.jpg,5045626032948_4.jpg,5045626032948_5.jpg,5045626032948_11.jpg",active,Brown,8087463
5045626033006,5045626032948_1.jpg,"5045626032948_1.jpg,5045626032948_2.jpg,5045626032948_3.jpg,5045626032948_4.jpg,5045626032948_5.jpg,5045626032948_11.jpg",active,Brown,8087463
5045626033037,5045626032948_1.jpg,"5045626032948_1.jpg,5045626032948_2.jpg,5045626032948_3.jpg,5045626032948_4.jpg,5045626032948_5.jpg,5045626032948_11.jpg",active,Brown,8087463
5045626033068,5045626032948_1.jpg,"5045626032948_1.jpg,5045626032948_2.jpg,5045626032948_3.jpg,5045626032948_4.jpg,5045626032948_5.jpg,5045626032948_11.jpg",active,Brown,8087463
5045626033099,5045626032948_1.jpg,"5045626032948_1.jpg,5045626032948_2.jpg,5045626032948_3.jpg,5045626032948_4.jpg,5045626032948_5.jpg,5045626032948_11.jpg",active,Brown,8087463
5045626033129,5045626032948_1.jpg,"5045626032948_1.jpg,5045626032948_2.jpg,5045626032948_3.jpg,5045626032948_4.jpg,5045626032948_5.jpg,5045626032948_11.jpg",active,Brown,8087463
5045626145952,5045626145952_1.jpg,"5045626145952_1.jpg,5045626145952_2.jpg,5045626145952_3.jpg,5045626145952_4.jpg,5045626145952_5.jpg,5045626145952_6.jpg,5045626145952_7.jpg,5045626145952_8.jpg,5045626145952_9.jpg,5045626145952_10.jpg,5045626145952_11.jpg",active,Grey,8089283
5045627483367,5045627483367_1.jpg,"5045627483367_1.jpg,5045627483367_2.jpg,5045627483367_3.jpg,5045627483367_4.jpg,5045627483367_5.jpg,5045627483367_11.jpg",active,Black,8087350
5045627483398,5045627483367_1.jpg,"5045627483367_1.jpg,5045627483367_2.jpg,5045627483367_3.jpg,5045627483367_4.jpg,5045627483367_5.jpg,5045627483367_11.jpg",active,Black,8087350
5045627483428,5045627483367_1.jpg,"5045627483367_1.jpg,5045627483367_2.jpg,5045627483367_3.jpg,5045627483367_4.jpg,5045627483367_5.jpg,5045627483367_11.jpg",active,Black,8087350
5045627483459,5045627483367_1.jpg,"5045627483367_1.jpg,5045627483367_2.jpg,5045627483367_3.jpg,5045627483367_4.jpg,5045627483367_5.jpg,5045627483367_11.jpg",active,Black,8087350
5045627483480,5045627483367_1.jpg,"5045627483367_1.jpg,5045627483367_2.jpg,5045627483367_3.jpg,5045627483367_4.jpg,5045627483367_5.jpg,5045627483367_11.jpg",active,Black,8087350
5045627483510,5045627483367_1.jpg,"5045627483367_1.jpg,5045627483367_2.jpg,5045627483367_3.jpg,5045627483367_4.jpg,5045627483367_5.jpg,5045627483367_11.jpg",active,Black,8087350
5045627483541,5045627483367_1.jpg,"5045627483367_1.jpg,5045627483367_2.jpg,5045627483367_3.jpg,5045627483367_4.jpg,5045627483367_5.jpg,5045627483367_11.jpg",active,Black,8087350
5045627483572,5045627483367_1.jpg,"5045627483367_1.jpg,5045627483367_2.jpg,5045627483367_3.jpg,5045627483367_4.jpg,5045627483367_5.jpg,5045627483367_11.jpg",active,Black,8087350
5045627483602,5045627483367_1.jpg,"5045627483367_1.jpg,5045627483367_2.jpg,5045627483367_3.jpg,5045627483367_4.jpg,5045627483367_5.jpg,5045627483367_11.jpg",active,Black,8087350
5045626412726,5045626412726_1.jpg,"5045626412726_1.jpg,5045626412726_2.jpg,5045626412726_3.jpg,5045626412726_4.jpg,5045626412726_5.jpg,5045626412726_6.jpg,5045626412726_11.jpg",active,Beige,8087571
5045626412757,5045626412726_1.jpg,"5045626412726_1.jpg,5045626412726_2.jpg,5045626412726_3.jpg,5045626412726_4.jpg,5045626412726_5.jpg,5045626412726_6.jpg,5045626412726_11.jpg",active,Beige,8087571
5045626412788,5045626412726_1.jpg,"5045626412726_1.jpg,5045626412726_2.jpg,5045626412726_3.jpg,5045626412726_4.jpg,5045626412726_5.jpg,5045626412726_6.jpg,5045626412726_11.jpg",active,Beige,8087571
5045626412818,5045626412726_1.jpg,"5045626412726_1.jpg,5045626412726_2.jpg,5045626412726_3.jpg,5045626412726_4.jpg,5045626412726_5.jpg,5045626412726_6.jpg,5045626412726_11.jpg",active,Beige,8087571
5045626412849,5045626412726_1.jpg,"5045626412726_1.jpg,5045626412726_2.jpg,5045626412726_3.jpg,5045626412726_4.jpg,5045626412726_5.jpg,5045626412726_6.jpg,5045626412726_11.jpg",active,Beige,8087571
5045626412870,5045626412726_1.jpg,"5045626412726_1.jpg,5045626412726_2.jpg,5045626412726_3.jpg,5045626412726_4.jpg,5045626412726_5.jpg,5045626412726_6.jpg,5045626412726_11.jpg",active,Beige,8087571
5045626412900,5045626412726_1.jpg,"5045626412726_1.jpg,5045626412726_2.jpg,5045626412726_3.jpg,5045626412726_4.jpg,5045626412726_5.jpg,5045626412726_6.jpg,5045626412726_11.jpg",active,Beige,8087571
5045626412931,5045626412726_1.jpg,"5045626412726_1.jpg,5045626412726_2.jpg,5045626412726_3.jpg,5045626412726_4.jpg,5045626412726_5.jpg,5045626412726_6.jpg,5045626412726_11.jpg",active,Beige,8087571
5045626412962,5045626412726_1.jpg,"5045626412726_1.jpg,5045626412726_2.jpg,5045626412726_3.jpg,5045626412726_4.jpg,5045626412726_5.jpg,5045626412726_6.jpg,5045626412726_11.jpg",active,Beige,8087571
5045626412993,5045626412726_1.jpg,"5045626412726_1.jpg,5045626412726_2.jpg,5045626412726_3.jpg,5045626412726_4.jpg,5045626412726_5.jpg,5045626412726_6.jpg,5045626412726_11.jpg",active,Beige,8087571
5045626413020,5045626412726_1.jpg,"5045626412726_1.jpg,5045626412726_2.jpg,5045626412726_3.jpg,5045626412726_4.jpg,5045626412726_5.jpg,5045626412726_6.jpg,5045626412726_11.jpg",active,Beige,8087571
5045626413051,5045626412726_1.jpg,"5045626412726_1.jpg,5045626412726_2.jpg,5045626412726_3.jpg,5045626412726_4.jpg,5045626412726_5.jpg,5045626412726_6.jpg,5045626412726_11.jpg",active,Beige,8087571
5045626413082,5045626412726_1.jpg,"5045626412726_1.jpg,5045626412726_2.jpg,5045626412726_3.jpg,5045626412726_4.jpg,5045626412726_5.jpg,5045626412726_6.jpg,5045626412726_11.jpg",active,Beige,8087571
5045627652404,5045627652404_1.jpg,"5045627652404_1.jpg,5045627652404_2.jpg,5045627652404_3.jpg,5045627652404_4.jpg,5045627652404_5.jpg,5045627652404_11.jpg",active,Beige,8087425
5045627652435,5045627652404_1.jpg,"5045627652404_1.jpg,5045627652404_2.jpg,5045627652404_3.jpg,5045627652404_4.jpg,5045627652404_5.jpg,5045627652404_11.jpg",active,Beige,8087425
5045627652466,5045627652404_1.jpg,"5045627652404_1.jpg,5045627652404_2.jpg,5045627652404_3.jpg,5045627652404_4.jpg,5045627652404_5.jpg,5045627652404_11.jpg",active,Beige,8087425
5045627652497,5045627652404_1.jpg,"5045627652404_1.jpg,5045627652404_2.jpg,5045627652404_3.jpg,5045627652404_4.jpg,5045627652404_5.jpg,5045627652404_11.jpg",active,Beige,8087425
5045627652527,5045627652404_1.jpg,"5045627652404_1.jpg,5045627652404_2.jpg,5045627652404_3.jpg,5045627652404_4.jpg,5045627652404_5.jpg,5045627652404_11.jpg",active,Beige,8087425
5045627652558,5045627652404_1.jpg,"5045627652404_1.jpg,5045627652404_2.jpg,5045627652404_3.jpg,5045627652404_4.jpg,5045627652404_5.jpg,5045627652404_11.jpg",active,Beige,8087425
5045627652589,5045627652404_1.jpg,"5045627652404_1.jpg,5045627652404_2.jpg,5045627652404_3.jpg,5045627652404_4.jpg,5045627652404_5.jpg,5045627652404_11.jpg",active,Beige,8087425
5045627652619,5045627652404_1.jpg,"5045627652404_1.jpg,5045627652404_2.jpg,5045627652404_3.jpg,5045627652404_4.jpg,5045627652404_5.jpg,5045627652404_11.jpg",active,Beige,8087425
5045627652640,5045627652404_1.jpg,"5045627652404_1.jpg,5045627652404_2.jpg,5045627652404_3.jpg,5045627652404_4.jpg,5045627652404_5.jpg,5045627652404_11.jpg",active,Beige,8087425
5045625828726,5045625828726_1.jpg,"5045625828726_1.jpg,5045625828726_2.jpg,5045625828726_3.jpg,5045625828726_4.jpg,5045625828726_5.jpg,5045625828726_6.jpg,5045625828726_7.jpg,5045625828726_8.jpg,5045625828726_9.jpg,5045625828726_11.jpg",active,Beige,8089374
5045625828757,5045625828726_1.jpg,"5045625828726_1.jpg,5045625828726_2.jpg,5045625828726_3.jpg,5045625828726_4.jpg,5045625828726_5.jpg,5045625828726_6.jpg,5045625828726_7.jpg,5045625828726_8.jpg,5045625828726_9.jpg,5045625828726_11.jpg",active,Beige,8089374
5045625828788,5045625828726_1.jpg,"5045625828726_1.jpg,5045625828726_2.jpg,5045625828726_3.jpg,5045625828726_4.jpg,5045625828726_5.jpg,5045625828726_6.jpg,5045625828726_7.jpg,5045625828726_8.jpg,5045625828726_9.jpg,5045625828726_11.jpg",active,Beige,8089374
5045625828818,5045625828726_1.jpg,"5045625828726_1.jpg,5045625828726_2.jpg,5045625828726_3.jpg,5045625828726_4.jpg,5045625828726_5.jpg,5045625828726_6.jpg,5045625828726_7.jpg,5045625828726_8.jpg,5045625828726_9.jpg,5045625828726_11.jpg",active,Beige,8089374
5045625828849,5045625828726_1.jpg,"5045625828726_1.jpg,5045625828726_2.jpg,5045625828726_3.jpg,5045625828726_4.jpg,5045625828726_5.jpg,5045625828726_6.jpg,5045625828726_7.jpg,5045625828726_8.jpg,5045625828726_9.jpg,5045625828726_11.jpg",active,Beige,8089374
5045625828931,5045625828726_1.jpg,"5045625828726_1.jpg,5045625828726_2.jpg,5045625828726_3.jpg,5045625828726_4.jpg,5045625828726_5.jpg,5045625828726_6.jpg,5045625828726_7.jpg,5045625828726_8.jpg,5045625828726_9.jpg,5045625828726_11.jpg",active,Beige,8089374
5045625828962,5045625828726_1.jpg,"5045625828726_1.jpg,5045625828726_2.jpg,5045625828726_3.jpg,5045625828726_4.jpg,5045625828726_5.jpg,5045625828726_6.jpg,5045625828726_7.jpg,5045625828726_8.jpg,5045625828726_9.jpg,5045625828726_11.jpg",active,Beige,8089374
5045625828993,5045625828726_1.jpg,"5045625828726_1.jpg,5045625828726_2.jpg,5045625828726_3.jpg,5045625828726_4.jpg,5045625828726_5.jpg,5045625828726_6.jpg,5045625828726_7.jpg,5045625828726_8.jpg,5045625828726_9.jpg,5045625828726_11.jpg",active,Beige,8089374
5045625829020,5045625828726_1.jpg,"5045625828726_1.jpg,5045625828726_2.jpg,5045625828726_3.jpg,5045625828726_4.jpg,5045625828726_5.jpg,5045625828726_6.jpg,5045625828726_7.jpg,5045625828726_8.jpg,5045625828726_9.jpg,5045625828726_11.jpg",active,Beige,8089374
5045625829051,5045625828726_1.jpg,"5045625828726_1.jpg,5045625828726_2.jpg,5045625828726_3.jpg,5045625828726_4.jpg,5045625828726_5.jpg,5045625828726_6.jpg,5045625828726_7.jpg,5045625828726_8.jpg,5045625828726_9.jpg,5045625828726_11.jpg",active,Beige,8089374
5045626255910,5045626255910_1.jpg,"5045626255910_1.jpg,5045626255910_2.jpg,5045626255910_3.jpg,5045626255910_4.jpg,5045626255910_5.jpg,5045626255910_6.jpg,5045626255910_7.jpg,5045626255910_8.jpg,5045626255910_11.jpg",active,Green,8089364
5045626345314,5045626345314_1.jpg,"5045626345314_1.jpg,5045626345314_2.jpg,5045626345314_3.jpg,5045626345314_4.jpg,5045626345314_5.jpg,5045626345314_6.jpg,5045626345314_11.jpg",active,Miscellaneous,8087633
5045626345376,5045626345314_1.jpg,"5045626345314_1.jpg,5045626345314_2.jpg,5045626345314_3.jpg,5045626345314_4.jpg,5045626345314_5.jpg,5045626345314_6.jpg,5045626345314_11.jpg",active,Miscellaneous,8087633
5045626345437,5045626345314_1.jpg,"5045626345314_1.jpg,5045626345314_2.jpg,5045626345314_3.jpg,5045626345314_4.jpg,5045626345314_5.jpg,5045626345314_6.jpg,5045626345314_11.jpg",active,Miscellaneous,8087633
5045626345499,5045626345314_1.jpg,"5045626345314_1.jpg,5045626345314_2.jpg,5045626345314_3.jpg,5045626345314_4.jpg,5045626345314_5.jpg,5045626345314_6.jpg,5045626345314_11.jpg",active,Miscellaneous,8087633
5045626345550,5045626345314_1.jpg,"5045626345314_1.jpg,5045626345314_2.jpg,5045626345314_3.jpg,5045626345314_4.jpg,5045626345314_5.jpg,5045626345314_6.jpg,5045626345314_11.jpg",active,Miscellaneous,8087633
5045626345611,5045626345314_1.jpg,"5045626345314_1.jpg,5045626345314_2.jpg,5045626345314_3.jpg,5045626345314_4.jpg,5045626345314_5.jpg,5045626345314_6.jpg,5045626345314_11.jpg",active,Miscellaneous,8087633
5045626345673,5045626345314_1.jpg,"5045626345314_1.jpg,5045626345314_2.jpg,5045626345314_3.jpg,5045626345314_4.jpg,5045626345314_5.jpg,5045626345314_6.jpg,5045626345314_11.jpg",active,Miscellaneous,8087633
5045626145082,5045626145082_1.jpg,"5045626145082_1.jpg,5045626145082_2.jpg,5045626145082_3.jpg,5045626145082_4.jpg,5045626145082_11.jpg",active,Beige,8089245
5045626083582,5045626083582_1.jpg,"5045626083582_1.jpg,5045626083582_2.jpg,5045626083582_3.jpg,5045626083582_4.jpg,5045626083582_5.jpg,5045626083582_6.jpg,5045626083582_7.jpg,5045626083582_11.jpg",active,Yellow,8087534
5045626083612,5045626083582_1.jpg,"5045626083582_1.jpg,5045626083582_2.jpg,5045626083582_3.jpg,5045626083582_4.jpg,5045626083582_5.jpg,5045626083582_6.jpg,5045626083582_7.jpg,5045626083582_11.jpg",active,Yellow,8087534
5045626083643,5045626083582_1.jpg,"5045626083582_1.jpg,5045626083582_2.jpg,5045626083582_3.jpg,5045626083582_4.jpg,5045626083582_5.jpg,5045626083582_6.jpg,5045626083582_7.jpg,5045626083582_11.jpg",active,Yellow,8087534
5045626083674,5045626083582_1.jpg,"5045626083582_1.jpg,5045626083582_2.jpg,5045626083582_3.jpg,5045626083582_4.jpg,5045626083582_5.jpg,5045626083582_6.jpg,5045626083582_7.jpg,5045626083582_11.jpg",active,Yellow,8087534
5045626083704,5045626083582_1.jpg,"5045626083582_1.jpg,5045626083582_2.jpg,5045626083582_3.jpg,5045626083582_4.jpg,5045626083582_5.jpg,5045626083582_6.jpg,5045626083582_7.jpg,5045626083582_11.jpg",active,Yellow,8087534
5045626083735,5045626083582_1.jpg,"5045626083582_1.jpg,5045626083582_2.jpg,5045626083582_3.jpg,5045626083582_4.jpg,5045626083582_5.jpg,5045626083582_6.jpg,5045626083582_7.jpg,5045626083582_11.jpg",active,Yellow,8087534
5045626083766,5045626083582_1.jpg,"5045626083582_1.jpg,5045626083582_2.jpg,5045626083582_3.jpg,5045626083582_4.jpg,5045626083582_5.jpg,5045626083582_6.jpg,5045626083582_7.jpg,5045626083582_11.jpg",active,Yellow,8087534
5045626759722,5045626759722_1.jpg,"5045626759722_1.jpg,5045626759722_2.jpg,5045626759722_3.jpg,5045626759722_4.jpg,5045626759722_5.jpg,5045626759722_6.jpg,5045626759722_7.jpg,5045626759722_11.jpg",active,Brown,8087394
5045626759753,5045626759722_1.jpg,"5045626759722_1.jpg,5045626759722_2.jpg,5045626759722_3.jpg,5045626759722_4.jpg,5045626759722_5.jpg,5045626759722_6.jpg,5045626759722_7.jpg,5045626759722_11.jpg",active,Brown,8087394
5045626759784,5045626759722_1.jpg,"5045626759722_1.jpg,5045626759722_2.jpg,5045626759722_3.jpg,5045626759722_4.jpg,5045626759722_5.jpg,5045626759722_6.jpg,5045626759722_7.jpg,5045626759722_11.jpg",active,Brown,8087394
5045626759814,5045626759722_1.jpg,"5045626759722_1.jpg,5045626759722_2.jpg,5045626759722_3.jpg,5045626759722_4.jpg,5045626759722_5.jpg,5045626759722_6.jpg,5045626759722_7.jpg,5045626759722_11.jpg",active,Brown,8087394
5045626759845,5045626759722_1.jpg,"5045626759722_1.jpg,5045626759722_2.jpg,5045626759722_3.jpg,5045626759722_4.jpg,5045626759722_5.jpg,5045626759722_6.jpg,5045626759722_7.jpg,5045626759722_11.jpg",active,Brown,8087394
5045626759876,5045626759722_1.jpg,"5045626759722_1.jpg,5045626759722_2.jpg,5045626759722_3.jpg,5045626759722_4.jpg,5045626759722_5.jpg,5045626759722_6.jpg,5045626759722_7.jpg,5045626759722_11.jpg",active,Brown,8087394
5045626759906,5045626759722_1.jpg,"5045626759722_1.jpg,5045626759722_2.jpg,5045626759722_3.jpg,5045626759722_4.jpg,5045626759722_5.jpg,5045626759722_6.jpg,5045626759722_7.jpg,5045626759722_11.jpg",active,Brown,8087394
5045626094526,5045626094526_1.jpg,"5045626094526_1.jpg,5045626094526_2.jpg,5045626094526_3.jpg,5045626094526_4.jpg,5045626094526_5.jpg,5045626094526_6.jpg,5045626094526_7.jpg,5045626094526_8.jpg,5045626094526_11.jpg",active,Black,8089361
5045627263907,5045627263907_1.jpg,"5045627263907_1.jpg,5045627263907_2.jpg,5045627263907_3.jpg,5045627263907_4.jpg,5045627263907_5.jpg,5045627263907_6.jpg,5045627263907_7.jpg,5045627263907_11.jpg",active,Grey,8087482
5045627263938,5045627263907_1.jpg,"5045627263907_1.jpg,5045627263907_2.jpg,5045627263907_3.jpg,5045627263907_4.jpg,5045627263907_5.jpg,5045627263907_6.jpg,5045627263907_7.jpg,5045627263907_11.jpg",active,Grey,8087482
5045627263969,5045627263907_1.jpg,"5045627263907_1.jpg,5045627263907_2.jpg,5045627263907_3.jpg,5045627263907_4.jpg,5045627263907_5.jpg,5045627263907_6.jpg,5045627263907_7.jpg,5045627263907_11.jpg",active,Grey,8087482
5045627263990,5045627263907_1.jpg,"5045627263907_1.jpg,5045627263907_2.jpg,5045627263907_3.jpg,5045627263907_4.jpg,5045627263907_5.jpg,5045627263907_6.jpg,5045627263907_7.jpg,5045627263907_11.jpg",active,Grey,8087482
5045627264027,5045627263907_1.jpg,"5045627263907_1.jpg,5045627263907_2.jpg,5045627263907_3.jpg,5045627263907_4.jpg,5045627263907_5.jpg,5045627263907_6.jpg,5045627263907_7.jpg,5045627263907_11.jpg",active,Grey,8087482
5045627264058,5045627263907_1.jpg,"5045627263907_1.jpg,5045627263907_2.jpg,5045627263907_3.jpg,5045627263907_4.jpg,5045627263907_5.jpg,5045627263907_6.jpg,5045627263907_7.jpg,5045627263907_11.jpg",active,Grey,8087482
5045627264119,5045627263907_1.jpg,"5045627263907_1.jpg,5045627263907_2.jpg,5045627263907_3.jpg,5045627263907_4.jpg,5045627263907_5.jpg,5045627263907_6.jpg,5045627263907_7.jpg,5045627263907_11.jpg",active,Grey,8087482
5045625903737,5045625903737_1.jpg,"5045625903737_1.jpg,5045625903737_2.jpg,5045625903737_3.jpg,5045625903737_4.jpg,5045625903737_5.jpg,5045625903737_11.jpg",active,White,8087485
5045625903768,5045625903737_1.jpg,"5045625903737_1.jpg,5045625903737_2.jpg,5045625903737_3.jpg,5045625903737_4.jpg,5045625903737_5.jpg,5045625903737_11.jpg",active,White,8087485
5045625903799,5045625903737_1.jpg,"5045625903737_1.jpg,5045625903737_2.jpg,5045625903737_3.jpg,5045625903737_4.jpg,5045625903737_5.jpg,5045625903737_11.jpg",active,White,8087485
5045625903829,5045625903737_1.jpg,"5045625903737_1.jpg,5045625903737_2.jpg,5045625903737_3.jpg,5045625903737_4.jpg,5045625903737_5.jpg,5045625903737_11.jpg",active,White,8087485
5045625903850,5045625903737_1.jpg,"5045625903737_1.jpg,5045625903737_2.jpg,5045625903737_3.jpg,5045625903737_4.jpg,5045625903737_5.jpg,5045625903737_11.jpg",active,White,8087485
5045625903881,5045625903737_1.jpg,"5045625903737_1.jpg,5045625903737_2.jpg,5045625903737_3.jpg,5045625903737_4.jpg,5045625903737_5.jpg,5045625903737_11.jpg",active,White,8087485
5045625903911,5045625903737_1.jpg,"5045625903737_1.jpg,5045625903737_2.jpg,5045625903737_3.jpg,5045625903737_4.jpg,5045625903737_5.jpg,5045625903737_11.jpg",active,White,8087485
5045624466202,5045624466202_1.jpg,"5045624466202_1.jpg,5045624466202_2.jpg,5045624466202_3.jpg,5045624466202_4.jpg,5045624466202_5.jpg,5045624466202_6.jpg,5045624466202_7.jpg,5045624466202_11.jpg",active,Beige,8087618
5045624466233,5045624466202_1.jpg,"5045624466202_1.jpg,5045624466202_2.jpg,5045624466202_3.jpg,5045624466202_4.jpg,5045624466202_5.jpg,5045624466202_6.jpg,5045624466202_7.jpg,5045624466202_11.jpg",active,Beige,8087618
5045624466264,5045624466202_1.jpg,"5045624466202_1.jpg,5045624466202_2.jpg,5045624466202_3.jpg,5045624466202_4.jpg,5045624466202_5.jpg,5045624466202_6.jpg,5045624466202_7.jpg,5045624466202_11.jpg",active,Beige,8087618
5045624466295,5045624466202_1.jpg,"5045624466202_1.jpg,5045624466202_2.jpg,5045624466202_3.jpg,5045624466202_4.jpg,5045624466202_5.jpg,5045624466202_6.jpg,5045624466202_7.jpg,5045624466202_11.jpg",active,Beige,8087618
5045624466325,5045624466202_1.jpg,"5045624466202_1.jpg,5045624466202_2.jpg,5045624466202_3.jpg,5045624466202_4.jpg,5045624466202_5.jpg,5045624466202_6.jpg,5045624466202_7.jpg,5045624466202_11.jpg",active,Beige,8087618
5045624466356,5045624466202_1.jpg,"5045624466202_1.jpg,5045624466202_2.jpg,5045624466202_3.jpg,5045624466202_4.jpg,5045624466202_5.jpg,5045624466202_6.jpg,5045624466202_7.jpg,5045624466202_11.jpg",active,Beige,8087618
5045624466387,5045624466202_1.jpg,"5045624466202_1.jpg,5045624466202_2.jpg,5045624466202_3.jpg,5045624466202_4.jpg,5045624466202_5.jpg,5045624466202_6.jpg,5045624466202_7.jpg,5045624466202_11.jpg",active,Beige,8087618
5045624466417,5045624466202_1.jpg,"5045624466202_1.jpg,5045624466202_2.jpg,5045624466202_3.jpg,5045624466202_4.jpg,5045624466202_5.jpg,5045624466202_6.jpg,5045624466202_7.jpg,5045624466202_11.jpg",active,Beige,8087618
5045624466448,5045624466202_1.jpg,"5045624466202_1.jpg,5045624466202_2.jpg,5045624466202_3.jpg,5045624466202_4.jpg,5045624466202_5.jpg,5045624466202_6.jpg,5045624466202_7.jpg,5045624466202_11.jpg",active,Beige,8087618
5045624466479,5045624466202_1.jpg,"5045624466202_1.jpg,5045624466202_2.jpg,5045624466202_3.jpg,5045624466202_4.jpg,5045624466202_5.jpg,5045624466202_6.jpg,5045624466202_7.jpg,5045624466202_11.jpg",active,Beige,8087618
5045624466509,5045624466202_1.jpg,"5045624466202_1.jpg,5045624466202_2.jpg,5045624466202_3.jpg,5045624466202_4.jpg,5045624466202_5.jpg,5045624466202_6.jpg,5045624466202_7.jpg,5045624466202_11.jpg",active,Beige,8087618
5045624466530,5045624466202_1.jpg,"5045624466202_1.jpg,5045624466202_2.jpg,5045624466202_3.jpg,5045624466202_4.jpg,5045624466202_5.jpg,5045624466202_6.jpg,5045624466202_7.jpg,5045624466202_11.jpg",active,Beige,8087618
5045624466561,5045624466202_1.jpg,"5045624466202_1.jpg,5045624466202_2.jpg,5045624466202_3.jpg,5045624466202_4.jpg,5045624466202_5.jpg,5045624466202_6.jpg,5045624466202_7.jpg,5045624466202_11.jpg",active,Beige,8087618
5045624466592,5045624466202_1.jpg,"5045624466202_1.jpg,5045624466202_2.jpg,5045624466202_3.jpg,5045624466202_4.jpg,5045624466202_5.jpg,5045624466202_6.jpg,5045624466202_7.jpg,5045624466202_11.jpg",active,Beige,8087618
5045624466622,5045624466202_1.jpg,"5045624466202_1.jpg,5045624466202_2.jpg,5045624466202_3.jpg,5045624466202_4.jpg,5045624466202_5.jpg,5045624466202_6.jpg,5045624466202_7.jpg,5045624466202_11.jpg",active,Beige,8087618
5045624466653,5045624466202_1.jpg,"5045624466202_1.jpg,5045624466202_2.jpg,5045624466202_3.jpg,5045624466202_4.jpg,5045624466202_5.jpg,5045624466202_6.jpg,5045624466202_7.jpg,5045624466202_11.jpg",active,Beige,8087618
5045624466684,5045624466202_1.jpg,"5045624466202_1.jpg,5045624466202_2.jpg,5045624466202_3.jpg,5045624466202_4.jpg,5045624466202_5.jpg,5045624466202_6.jpg,5045624466202_7.jpg,5045624466202_11.jpg",active,Beige,8087618
5045624466714,5045624466202_1.jpg,"5045624466202_1.jpg,5045624466202_2.jpg,5045624466202_3.jpg,5045624466202_4.jpg,5045624466202_5.jpg,5045624466202_6.jpg,5045624466202_7.jpg,5045624466202_11.jpg",active,Beige,8087618
5045624466745,5045624466202_1.jpg,"5045624466202_1.jpg,5045624466202_2.jpg,5045624466202_3.jpg,5045624466202_4.jpg,5045624466202_5.jpg,5045624466202_6.jpg,5045624466202_7.jpg,5045624466202_11.jpg",active,Beige,8087618
5045624466776,5045624466202_1.jpg,"5045624466202_1.jpg,5045624466202_2.jpg,5045624466202_3.jpg,5045624466202_4.jpg,5045624466202_5.jpg,5045624466202_6.jpg,5045624466202_7.jpg,5045624466202_11.jpg",active,Beige,8087618
5045624466806,5045624466202_1.jpg,"5045624466202_1.jpg,5045624466202_2.jpg,5045624466202_3.jpg,5045624466202_4.jpg,5045624466202_5.jpg,5045624466202_6.jpg,5045624466202_7.jpg,5045624466202_11.jpg",active,Beige,8087618
5045559769706,5045559769706_1.jpg,"5045559769706_1.jpg,5045559769706_2.jpg,5045559769706_3.jpg,5045559769706_4.jpg,5045559769706_5.jpg,5045559769706_11.jpg",active,Brown,8087558
5045559769737,5045559769706_1.jpg,"5045559769706_1.jpg,5045559769706_2.jpg,5045559769706_3.jpg,5045559769706_4.jpg,5045559769706_5.jpg,5045559769706_11.jpg",active,Brown,8087558
5045559769768,5045559769706_1.jpg,"5045559769706_1.jpg,5045559769706_2.jpg,5045559769706_3.jpg,5045559769706_4.jpg,5045559769706_5.jpg,5045559769706_11.jpg",active,Brown,8087558
5045559769799,5045559769706_1.jpg,"5045559769706_1.jpg,5045559769706_2.jpg,5045559769706_3.jpg,5045559769706_4.jpg,5045559769706_5.jpg,5045559769706_11.jpg",active,Brown,8087558
5045559769829,5045559769706_1.jpg,"5045559769706_1.jpg,5045559769706_2.jpg,5045559769706_3.jpg,5045559769706_4.jpg,5045559769706_5.jpg,5045559769706_11.jpg",active,Brown,8087558
5045559769850,5045559769706_1.jpg,"5045559769706_1.jpg,5045559769706_2.jpg,5045559769706_3.jpg,5045559769706_4.jpg,5045559769706_5.jpg,5045559769706_11.jpg",active,Brown,8087558
5045559769881,5045559769706_1.jpg,"5045559769706_1.jpg,5045559769706_2.jpg,5045559769706_3.jpg,5045559769706_4.jpg,5045559769706_5.jpg,5045559769706_11.jpg",active,Brown,8087558
5045559769911,5045559769706_1.jpg,"5045559769706_1.jpg,5045559769706_2.jpg,5045559769706_3.jpg,5045559769706_4.jpg,5045559769706_5.jpg,5045559769706_11.jpg",active,Brown,8087558
5045559769942,5045559769706_1.jpg,"5045559769706_1.jpg,5045559769706_2.jpg,5045559769706_3.jpg,5045559769706_4.jpg,5045559769706_5.jpg,5045559769706_11.jpg",active,Brown,8087558
5045559769973,5045559769706_1.jpg,"5045559769706_1.jpg,5045559769706_2.jpg,5045559769706_3.jpg,5045559769706_4.jpg,5045559769706_5.jpg,5045559769706_11.jpg",active,Brown,8087558
5045559770009,5045559769706_1.jpg,"5045559769706_1.jpg,5045559769706_2.jpg,5045559769706_3.jpg,5045559769706_4.jpg,5045559769706_5.jpg,5045559769706_11.jpg",active,Brown,8087558
5045559770030,5045559769706_1.jpg,"5045559769706_1.jpg,5045559769706_2.jpg,5045559769706_3.jpg,5045559769706_4.jpg,5045559769706_5.jpg,5045559769706_11.jpg",active,Brown,8087558
5045559770061,5045559769706_1.jpg,"5045559769706_1.jpg,5045559769706_2.jpg,5045559769706_3.jpg,5045559769706_4.jpg,5045559769706_5.jpg,5045559769706_11.jpg",active,Brown,8087558
5045559770092,5045559769706_1.jpg,"5045559769706_1.jpg,5045559769706_2.jpg,5045559769706_3.jpg,5045559769706_4.jpg,5045559769706_5.jpg,5045559769706_11.jpg",active,Brown,8087558
5045559770122,5045559769706_1.jpg,"5045559769706_1.jpg,5045559769706_2.jpg,5045559769706_3.jpg,5045559769706_4.jpg,5045559769706_5.jpg,5045559769706_11.jpg",active,Brown,8087558
5045625798043,5045625798043_1.jpg,"5045625798043_1.jpg,5045625798043_2.jpg,5045625798043_3.jpg,5045625798043_4.jpg,5045625798043_5.jpg,5045625798043_11.jpg",active,Black,8087371
5045625798074,5045625798043_1.jpg,"5045625798043_1.jpg,5045625798043_2.jpg,5045625798043_3.jpg,5045625798043_4.jpg,5045625798043_5.jpg,5045625798043_11.jpg",active,Black,8087371
5045625798104,5045625798043_1.jpg,"5045625798043_1.jpg,5045625798043_2.jpg,5045625798043_3.jpg,5045625798043_4.jpg,5045625798043_5.jpg,5045625798043_11.jpg",active,Black,8087371
5045625798135,5045625798043_1.jpg,"5045625798043_1.jpg,5045625798043_2.jpg,5045625798043_3.jpg,5045625798043_4.jpg,5045625798043_5.jpg,5045625798043_11.jpg",active,Black,8087371
5045620920203,5045620920203_1.jpg,"5045620920203_1.jpg,5045620920203_2.jpg,5045620920203_3.jpg,5045620920203_4.jpg,5045620920203_5.jpg,5045620920203_6.jpg,5045620920203_11.jpg",active,Beige,8087582
5045620920234,5045620920203_1.jpg,"5045620920203_1.jpg,5045620920203_2.jpg,5045620920203_3.jpg,5045620920203_4.jpg,5045620920203_5.jpg,5045620920203_6.jpg,5045620920203_11.jpg",active,Beige,8087582
5045620920265,5045620920203_1.jpg,"5045620920203_1.jpg,5045620920203_2.jpg,5045620920203_3.jpg,5045620920203_4.jpg,5045620920203_5.jpg,5045620920203_6.jpg,5045620920203_11.jpg",active,Beige,8087582
5045620920296,5045620920203_1.jpg,"5045620920203_1.jpg,5045620920203_2.jpg,5045620920203_3.jpg,5045620920203_4.jpg,5045620920203_5.jpg,5045620920203_6.jpg,5045620920203_11.jpg",active,Beige,8087582
5045620920326,5045620920203_1.jpg,"5045620920203_1.jpg,5045620920203_2.jpg,5045620920203_3.jpg,5045620920203_4.jpg,5045620920203_5.jpg,5045620920203_6.jpg,5045620920203_11.jpg",active,Beige,8087582
5045620920357,5045620920203_1.jpg,"5045620920203_1.jpg,5045620920203_2.jpg,5045620920203_3.jpg,5045620920203_4.jpg,5045620920203_5.jpg,5045620920203_6.jpg,5045620920203_11.jpg",active,Beige,8087582
5045620920388,5045620920203_1.jpg,"5045620920203_1.jpg,5045620920203_2.jpg,5045620920203_3.jpg,5045620920203_4.jpg,5045620920203_5.jpg,5045620920203_6.jpg,5045620920203_11.jpg",active,Beige,8087582
5045620920418,5045620920203_1.jpg,"5045620920203_1.jpg,5045620920203_2.jpg,5045620920203_3.jpg,5045620920203_4.jpg,5045620920203_5.jpg,5045620920203_6.jpg,5045620920203_11.jpg",active,Beige,8087582
5045620920449,5045620920203_1.jpg,"5045620920203_1.jpg,5045620920203_2.jpg,5045620920203_3.jpg,5045620920203_4.jpg,5045620920203_5.jpg,5045620920203_6.jpg,5045620920203_11.jpg",active,Beige,8087582
5045620920470,5045620920203_1.jpg,"5045620920203_1.jpg,5045620920203_2.jpg,5045620920203_3.jpg,5045620920203_4.jpg,5045620920203_5.jpg,5045620920203_6.jpg,5045620920203_11.jpg",active,Beige,8087582
5045620920500,5045620920203_1.jpg,"5045620920203_1.jpg,5045620920203_2.jpg,5045620920203_3.jpg,5045620920203_4.jpg,5045620920203_5.jpg,5045620920203_6.jpg,5045620920203_11.jpg",active,Beige,8087582
5045620920531,5045620920203_1.jpg,"5045620920203_1.jpg,5045620920203_2.jpg,5045620920203_3.jpg,5045620920203_4.jpg,5045620920203_5.jpg,5045620920203_6.jpg,5045620920203_11.jpg",active,Beige,8087582
5045620920562,5045620920203_1.jpg,"5045620920203_1.jpg,5045620920203_2.jpg,5045620920203_3.jpg,5045620920203_4.jpg,5045620920203_5.jpg,5045620920203_6.jpg,5045620920203_11.jpg",active,Beige,8087582
5045620920593,5045620920203_1.jpg,"5045620920203_1.jpg,5045620920203_2.jpg,5045620920203_3.jpg,5045620920203_4.jpg,5045620920203_5.jpg,5045620920203_6.jpg,5045620920203_11.jpg",active,Beige,8087582
5045620920623,5045620920203_1.jpg,"5045620920203_1.jpg,5045620920203_2.jpg,5045620920203_3.jpg,5045620920203_4.jpg,5045620920203_5.jpg,5045620920203_6.jpg,5045620920203_11.jpg",active,Beige,8087582
5045625512359,5045620920203_1.jpg,"5045620920203_1.jpg,5045620920203_2.jpg,5045620920203_3.jpg,5045620920203_4.jpg,5045620920203_5.jpg,5045620920203_6.jpg,5045620920203_11.jpg",active,Beige,8087582
5045625512380,5045620920203_1.jpg,"5045620920203_1.jpg,5045620920203_2.jpg,5045620920203_3.jpg,5045620920203_4.jpg,5045620920203_5.jpg,5045620920203_6.jpg,5045620920203_11.jpg",active,Beige,8087582
5045625512410,5045620920203_1.jpg,"5045620920203_1.jpg,5045620920203_2.jpg,5045620920203_3.jpg,5045620920203_4.jpg,5045620920203_5.jpg,5045620920203_6.jpg,5045620920203_11.jpg",active,Beige,8087582
5045625512434,5045620920203_1.jpg,"5045620920203_1.jpg,5045620920203_2.jpg,5045620920203_3.jpg,5045620920203_4.jpg,5045620920203_5.jpg,5045620920203_6.jpg,5045620920203_11.jpg",active,Beige,8087582
5045625512465,5045620920203_1.jpg,"5045620920203_1.jpg,5045620920203_2.jpg,5045620920203_3.jpg,5045620920203_4.jpg,5045620920203_5.jpg,5045620920203_6.jpg,5045620920203_11.jpg",active,Beige,8087582
5045624508032,5045624508032_1.jpg,"5045624508032_1.jpg,5045624508032_2.jpg,5045624508032_3.jpg,5045624508032_4.jpg,5045624508032_5.jpg,5045624508032_6.jpg,5045624508032_7.jpg,5045624508032_11.jpg",active,Black,8087403
5045624508063,5045624508032_1.jpg,"5045624508032_1.jpg,5045624508032_2.jpg,5045624508032_3.jpg,5045624508032_4.jpg,5045624508032_5.jpg,5045624508032_6.jpg,5045624508032_7.jpg,5045624508032_11.jpg",active,Black,8087403
5045624508094,5045624508032_1.jpg,"5045624508032_1.jpg,5045624508032_2.jpg,5045624508032_3.jpg,5045624508032_4.jpg,5045624508032_5.jpg,5045624508032_6.jpg,5045624508032_7.jpg,5045624508032_11.jpg",active,Black,8087403
5045624508124,5045624508032_1.jpg,"5045624508032_1.jpg,5045624508032_2.jpg,5045624508032_3.jpg,5045624508032_4.jpg,5045624508032_5.jpg,5045624508032_6.jpg,5045624508032_7.jpg,5045624508032_11.jpg",active,Black,8087403
5045624508155,5045624508032_1.jpg,"5045624508032_1.jpg,5045624508032_2.jpg,5045624508032_3.jpg,5045624508032_4.jpg,5045624508032_5.jpg,5045624508032_6.jpg,5045624508032_7.jpg,5045624508032_11.jpg",active,Black,8087403
5045624508186,5045624508032_1.jpg,"5045624508032_1.jpg,5045624508032_2.jpg,5045624508032_3.jpg,5045624508032_4.jpg,5045624508032_5.jpg,5045624508032_6.jpg,5045624508032_7.jpg,5045624508032_11.jpg",active,Black,8087403
5045624508216,5045624508032_1.jpg,"5045624508032_1.jpg,5045624508032_2.jpg,5045624508032_3.jpg,5045624508032_4.jpg,5045624508032_5.jpg,5045624508032_6.jpg,5045624508032_7.jpg,5045624508032_11.jpg",active,Black,8087403
5045627403679,5045627403679_1.jpg,"5045627403679_1.jpg,5045627403679_2.jpg,5045627403679_3.jpg,5045627403679_4.jpg,5045627403679_5.jpg,5045627403679_6.jpg,5045627403679_7.jpg,5045627403679_8.jpg,5045627403679_9.jpg,5045627403679_11.jpg",active,Pink,8087490
5045627403709,5045627403679_1.jpg,"5045627403679_1.jpg,5045627403679_2.jpg,5045627403679_3.jpg,5045627403679_4.jpg,5045627403679_5.jpg,5045627403679_6.jpg,5045627403679_7.jpg,5045627403679_8.jpg,5045627403679_9.jpg,5045627403679_11.jpg",active,Pink,8087490
5045627403730,5045627403679_1.jpg,"5045627403679_1.jpg,5045627403679_2.jpg,5045627403679_3.jpg,5045627403679_4.jpg,5045627403679_5.jpg,5045627403679_6.jpg,5045627403679_7.jpg,5045627403679_8.jpg,5045627403679_9.jpg,5045627403679_11.jpg",active,Pink,8087490
5045627403761,5045627403679_1.jpg,"5045627403679_1.jpg,5045627403679_2.jpg,5045627403679_3.jpg,5045627403679_4.jpg,5045627403679_5.jpg,5045627403679_6.jpg,5045627403679_7.jpg,5045627403679_8.jpg,5045627403679_9.jpg,5045627403679_11.jpg",active,Pink,8087490
5045627403792,5045627403679_1.jpg,"5045627403679_1.jpg,5045627403679_2.jpg,5045627403679_3.jpg,5045627403679_4.jpg,5045627403679_5.jpg,5045627403679_6.jpg,5045627403679_7.jpg,5045627403679_8.jpg,5045627403679_9.jpg,5045627403679_11.jpg",active,Pink,8087490
5045627403822,5045627403679_1.jpg,"5045627403679_1.jpg,5045627403679_2.jpg,5045627403679_3.jpg,5045627403679_4.jpg,5045627403679_5.jpg,5045627403679_6.jpg,5045627403679_7.jpg,5045627403679_8.jpg,5045627403679_9.jpg,5045627403679_11.jpg",active,Pink,8087490
5045627403853,5045627403679_1.jpg,"5045627403679_1.jpg,5045627403679_2.jpg,5045627403679_3.jpg,5045627403679_4.jpg,5045627403679_5.jpg,5045627403679_6.jpg,5045627403679_7.jpg,5045627403679_8.jpg,5045627403679_9.jpg,5045627403679_11.jpg",active,Pink,8087490
5045626774787,5045626774787_1.jpg,"5045626774787_1.jpg,5045626774787_2.jpg,5045626774787_3.jpg,5045626774787_4.jpg,5045626774787_5.jpg,5045626774787_6.jpg,5045626774787_7.jpg,5045626774787_8.jpg,5045626774787_9.jpg,5045626774787_11.jpg",active,Brown,8089289
5045627548332,5045627548332_1.jpg,"5045627548332_1.jpg,5045627548332_2.jpg,5045627548332_3.jpg,5045627548332_4.jpg,5045627548332_5.jpg,5045627548332_11.jpg",active,Brown,8087461
5045627548363,5045627548332_1.jpg,"5045627548332_1.jpg,5045627548332_2.jpg,5045627548332_3.jpg,5045627548332_4.jpg,5045627548332_5.jpg,5045627548332_11.jpg",active,Brown,8087461
5045627548394,5045627548332_1.jpg,"5045627548332_1.jpg,5045627548332_2.jpg,5045627548332_3.jpg,5045627548332_4.jpg,5045627548332_5.jpg,5045627548332_11.jpg",active,Brown,8087461
5045627548424,5045627548332_1.jpg,"5045627548332_1.jpg,5045627548332_2.jpg,5045627548332_3.jpg,5045627548332_4.jpg,5045627548332_5.jpg,5045627548332_11.jpg",active,Brown,8087461
5045627548455,5045627548332_1.jpg,"5045627548332_1.jpg,5045627548332_2.jpg,5045627548332_3.jpg,5045627548332_4.jpg,5045627548332_5.jpg,5045627548332_11.jpg",active,Brown,8087461
5045627548486,5045627548332_1.jpg,"5045627548332_1.jpg,5045627548332_2.jpg,5045627548332_3.jpg,5045627548332_4.jpg,5045627548332_5.jpg,5045627548332_11.jpg",active,Brown,8087461
5045627548516,5045627548332_1.jpg,"5045627548332_1.jpg,5045627548332_2.jpg,5045627548332_3.jpg,5045627548332_4.jpg,5045627548332_5.jpg,5045627548332_11.jpg",active,Brown,8087461
5045625941845,5045625941845_1.jpg,"5045625941845_1.jpg,5045625941845_2.jpg,5045625941845_3.jpg,5045625941845_4.jpg,5045625941845_11.jpg",active,Yellow,8089475
5045626054773,5045626054773_1.jpg,"5045626054773_1.jpg,5045626054773_2.jpg,5045626054773_3.jpg,5045626054773_4.jpg,5045626054773_5.jpg,5045626054773_11.jpg",active,Grey,8087384
5045626054803,5045626054773_1.jpg,"5045626054773_1.jpg,5045626054773_2.jpg,5045626054773_3.jpg,5045626054773_4.jpg,5045626054773_5.jpg,5045626054773_11.jpg",active,Grey,8087384
5045626054834,5045626054773_1.jpg,"5045626054773_1.jpg,5045626054773_2.jpg,5045626054773_3.jpg,5045626054773_4.jpg,5045626054773_5.jpg,5045626054773_11.jpg",active,Grey,8087384
5045626054865,5045626054773_1.jpg,"5045626054773_1.jpg,5045626054773_2.jpg,5045626054773_3.jpg,5045626054773_4.jpg,5045626054773_5.jpg,5045626054773_11.jpg",active,Grey,8087384
5045626054896,5045626054773_1.jpg,"5045626054773_1.jpg,5045626054773_2.jpg,5045626054773_3.jpg,5045626054773_4.jpg,5045626054773_5.jpg,5045626054773_11.jpg",active,Grey,8087384
5045626054926,5045626054773_1.jpg,"5045626054773_1.jpg,5045626054773_2.jpg,5045626054773_3.jpg,5045626054773_4.jpg,5045626054773_5.jpg,5045626054773_11.jpg",active,Grey,8087384
5045626054957,5045626054773_1.jpg,"5045626054773_1.jpg,5045626054773_2.jpg,5045626054773_3.jpg,5045626054773_4.jpg,5045626054773_5.jpg,5045626054773_11.jpg",active,Grey,8087384
5045626344355,5045626344355_1.jpg,"5045626344355_1.jpg,5045626344355_2.jpg,5045626344355_3.jpg,5045626344355_4.jpg,5045626344355_5.jpg,5045626344355_6.jpg,5045626344355_7.jpg,5045626344355_8.jpg,5045626344355_11.jpg",active,Miscellaneous,8087543
5045626344416,5045626344355_1.jpg,"5045626344355_1.jpg,5045626344355_2.jpg,5045626344355_3.jpg,5045626344355_4.jpg,5045626344355_5.jpg,5045626344355_6.jpg,5045626344355_7.jpg,5045626344355_8.jpg,5045626344355_11.jpg",active,Miscellaneous,8087543
5045626344478,5045626344355_1.jpg,"5045626344355_1.jpg,5045626344355_2.jpg,5045626344355_3.jpg,5045626344355_4.jpg,5045626344355_5.jpg,5045626344355_6.jpg,5045626344355_7.jpg,5045626344355_8.jpg,5045626344355_11.jpg",active,Miscellaneous,8087543
5045626344539,5045626344355_1.jpg,"5045626344355_1.jpg,5045626344355_2.jpg,5045626344355_3.jpg,5045626344355_4.jpg,5045626344355_5.jpg,5045626344355_6.jpg,5045626344355_7.jpg,5045626344355_8.jpg,5045626344355_11.jpg",active,Miscellaneous,8087543
5045626344591,5045626344355_1.jpg,"5045626344355_1.jpg,5045626344355_2.jpg,5045626344355_3.jpg,5045626344355_4.jpg,5045626344355_5.jpg,5045626344355_6.jpg,5045626344355_7.jpg,5045626344355_8.jpg,5045626344355_11.jpg",active,Miscellaneous,8087543
5045626344652,5045626344355_1.jpg,"5045626344355_1.jpg,5045626344355_2.jpg,5045626344355_3.jpg,5045626344355_4.jpg,5045626344355_5.jpg,5045626344355_6.jpg,5045626344355_7.jpg,5045626344355_8.jpg,5045626344355_11.jpg",active,Miscellaneous,8087543
5045626344713,5045626344355_1.jpg,"5045626344355_1.jpg,5045626344355_2.jpg,5045626344355_3.jpg,5045626344355_4.jpg,5045626344355_5.jpg,5045626344355_6.jpg,5045626344355_7.jpg,5045626344355_8.jpg,5045626344355_11.jpg",active,Miscellaneous,8087543
5045626344775,5045626344355_1.jpg,"5045626344355_1.jpg,5045626344355_2.jpg,5045626344355_3.jpg,5045626344355_4.jpg,5045626344355_5.jpg,5045626344355_6.jpg,5045626344355_7.jpg,5045626344355_8.jpg,5045626344355_11.jpg",active,Miscellaneous,8087543
5045624724449,5045624724449_1.jpg,"5045624724449_1.jpg,5045624724449_2.jpg,5045624724449_3.jpg,5045624724449_4.jpg,5045624724449_5.jpg,5045624724449_6.jpg,5045624724449_7.jpg,5045624724449_11.jpg",active,White,8087329
5045624724470,5045624724449_1.jpg,"5045624724449_1.jpg,5045624724449_2.jpg,5045624724449_3.jpg,5045624724449_4.jpg,5045624724449_5.jpg,5045624724449_6.jpg,5045624724449_7.jpg,5045624724449_11.jpg",active,White,8087329
5045624724500,5045624724449_1.jpg,"5045624724449_1.jpg,5045624724449_2.jpg,5045624724449_3.jpg,5045624724449_4.jpg,5045624724449_5.jpg,5045624724449_6.jpg,5045624724449_7.jpg,5045624724449_11.jpg",active,White,8087329
5045624724531,5045624724449_1.jpg,"5045624724449_1.jpg,5045624724449_2.jpg,5045624724449_3.jpg,5045624724449_4.jpg,5045624724449_5.jpg,5045624724449_6.jpg,5045624724449_7.jpg,5045624724449_11.jpg",active,White,8087329
5045624724562,5045624724449_1.jpg,"5045624724449_1.jpg,5045624724449_2.jpg,5045624724449_3.jpg,5045624724449_4.jpg,5045624724449_5.jpg,5045624724449_6.jpg,5045624724449_7.jpg,5045624724449_11.jpg",active,White,8087329
5045624724593,5045624724449_1.jpg,"5045624724449_1.jpg,5045624724449_2.jpg,5045624724449_3.jpg,5045624724449_4.jpg,5045624724449_5.jpg,5045624724449_6.jpg,5045624724449_7.jpg,5045624724449_11.jpg",active,White,8087329
5045624724623,5045624724449_1.jpg,"5045624724449_1.jpg,5045624724449_2.jpg,5045624724449_3.jpg,5045624724449_4.jpg,5045624724449_5.jpg,5045624724449_6.jpg,5045624724449_7.jpg,5045624724449_11.jpg",active,White,8087329
5045625962628,5045625962628_1.jpg,"5045625962628_1.jpg,5045625962628_2.jpg,5045625962628_3.jpg,5045625962628_4.jpg,5045625962628_5.jpg,5045625962628_11.jpg",active,Blue,8087420
5045625962659,5045625962628_1.jpg,"5045625962628_1.jpg,5045625962628_2.jpg,5045625962628_3.jpg,5045625962628_4.jpg,5045625962628_5.jpg,5045625962628_11.jpg",active,Blue,8087420
5045625962680,5045625962628_1.jpg,"5045625962628_1.jpg,5045625962628_2.jpg,5045625962628_3.jpg,5045625962628_4.jpg,5045625962628_5.jpg,5045625962628_11.jpg",active,Blue,8087420
5045625962710,5045625962628_1.jpg,"5045625962628_1.jpg,5045625962628_2.jpg,5045625962628_3.jpg,5045625962628_4.jpg,5045625962628_5.jpg,5045625962628_11.jpg",active,Blue,8087420
5045625962741,5045625962628_1.jpg,"5045625962628_1.jpg,5045625962628_2.jpg,5045625962628_3.jpg,5045625962628_4.jpg,5045625962628_5.jpg,5045625962628_11.jpg",active,Blue,8087420
5045625962772,5045625962628_1.jpg,"5045625962628_1.jpg,5045625962628_2.jpg,5045625962628_3.jpg,5045625962628_4.jpg,5045625962628_5.jpg,5045625962628_11.jpg",active,Blue,8087420
5045625962802,5045625962628_1.jpg,"5045625962628_1.jpg,5045625962628_2.jpg,5045625962628_3.jpg,5045625962628_4.jpg,5045625962628_5.jpg,5045625962628_11.jpg",active,Blue,8087420
5045625962833,5045625962628_1.jpg,"5045625962628_1.jpg,5045625962628_2.jpg,5045625962628_3.jpg,5045625962628_4.jpg,5045625962628_5.jpg,5045625962628_11.jpg",active,Blue,8087420
5045625962864,5045625962628_1.jpg,"5045625962628_1.jpg,5045625962628_2.jpg,5045625962628_3.jpg,5045625962628_4.jpg,5045625962628_5.jpg,5045625962628_11.jpg",active,Blue,8087420
5045625871029,5045625871029_1.jpg,"5045625871029_1.jpg,5045625871029_2.jpg,5045625871029_3.jpg,5045625871029_4.jpg,5045625871029_5.jpg,5045625871029_6.jpg,5045625871029_11.jpg",active,Beige,8087621
5045625871050,5045625871029_1.jpg,"5045625871029_1.jpg,5045625871029_2.jpg,5045625871029_3.jpg,5045625871029_4.jpg,5045625871029_5.jpg,5045625871029_6.jpg,5045625871029_11.jpg",active,Beige,8087621
5045625871081,5045625871029_1.jpg,"5045625871029_1.jpg,5045625871029_2.jpg,5045625871029_3.jpg,5045625871029_4.jpg,5045625871029_5.jpg,5045625871029_6.jpg,5045625871029_11.jpg",active,Beige,8087621
5045625871111,5045625871029_1.jpg,"5045625871029_1.jpg,5045625871029_2.jpg,5045625871029_3.jpg,5045625871029_4.jpg,5045625871029_5.jpg,5045625871029_6.jpg,5045625871029_11.jpg",active,Beige,8087621
5045625871142,5045625871029_1.jpg,"5045625871029_1.jpg,5045625871029_2.jpg,5045625871029_3.jpg,5045625871029_4.jpg,5045625871029_5.jpg,5045625871029_6.jpg,5045625871029_11.jpg",active,Beige,8087621
5045625871173,5045625871029_1.jpg,"5045625871029_1.jpg,5045625871029_2.jpg,5045625871029_3.jpg,5045625871029_4.jpg,5045625871029_5.jpg,5045625871029_6.jpg,5045625871029_11.jpg",active,Beige,8087621
5045625871203,5045625871029_1.jpg,"5045625871029_1.jpg,5045625871029_2.jpg,5045625871029_3.jpg,5045625871029_4.jpg,5045625871029_5.jpg,5045625871029_6.jpg,5045625871029_11.jpg",active,Beige,8087621
5045625871234,5045625871029_1.jpg,"5045625871029_1.jpg,5045625871029_2.jpg,5045625871029_3.jpg,5045625871029_4.jpg,5045625871029_5.jpg,5045625871029_6.jpg,5045625871029_11.jpg",active,Beige,8087621
5045625871265,5045625871029_1.jpg,"5045625871029_1.jpg,5045625871029_2.jpg,5045625871029_3.jpg,5045625871029_4.jpg,5045625871029_5.jpg,5045625871029_6.jpg,5045625871029_11.jpg",active,Beige,8087621
5045625871296,5045625871029_1.jpg,"5045625871029_1.jpg,5045625871029_2.jpg,5045625871029_3.jpg,5045625871029_4.jpg,5045625871029_5.jpg,5045625871029_6.jpg,5045625871029_11.jpg",active,Beige,8087621
5045625871326,5045625871029_1.jpg,"5045625871029_1.jpg,5045625871029_2.jpg,5045625871029_3.jpg,5045625871029_4.jpg,5045625871029_5.jpg,5045625871029_6.jpg,5045625871029_11.jpg",active,Beige,8087621
5045625871357,5045625871029_1.jpg,"5045625871029_1.jpg,5045625871029_2.jpg,5045625871029_3.jpg,5045625871029_4.jpg,5045625871029_5.jpg,5045625871029_6.jpg,5045625871029_11.jpg",active,Beige,8087621
5045625871388,5045625871029_1.jpg,"5045625871029_1.jpg,5045625871029_2.jpg,5045625871029_3.jpg,5045625871029_4.jpg,5045625871029_5.jpg,5045625871029_6.jpg,5045625871029_11.jpg",active,Beige,8087621
5045626414232,5045626414232_1.jpg,"5045626414232_1.jpg,5045626414232_2.jpg,5045626414232_3.jpg,5045626414232_4.jpg,5045626414232_5.jpg,5045626414232_6.jpg,5045626414232_7.jpg,5045626414232_8.jpg,5045626414232_9.jpg,5045626414232_11.jpg",active,Pink,8089389
5045626194028,5045626194028_1.jpg,"5045626194028_1.jpg,5045626194028_2.jpg,5045626194028_3.jpg,5045626194028_4.jpg,5045626194028_5.jpg,5045626194028_6.jpg,5045626194028_7.jpg,5045626194028_11.jpg",active,Brown,8087627
5045626194059,5045626194028_1.jpg,"5045626194028_1.jpg,5045626194028_2.jpg,5045626194028_3.jpg,5045626194028_4.jpg,5045626194028_5.jpg,5045626194028_6.jpg,5045626194028_7.jpg,5045626194028_11.jpg",active,Brown,8087627
5045626194080,5045626194028_1.jpg,"5045626194028_1.jpg,5045626194028_2.jpg,5045626194028_3.jpg,5045626194028_4.jpg,5045626194028_5.jpg,5045626194028_6.jpg,5045626194028_7.jpg,5045626194028_11.jpg",active,Brown,8087627
5045626194110,5045626194028_1.jpg,"5045626194028_1.jpg,5045626194028_2.jpg,5045626194028_3.jpg,5045626194028_4.jpg,5045626194028_5.jpg,5045626194028_6.jpg,5045626194028_7.jpg,5045626194028_11.jpg",active,Brown,8087627
5045626194141,5045626194028_1.jpg,"5045626194028_1.jpg,5045626194028_2.jpg,5045626194028_3.jpg,5045626194028_4.jpg,5045626194028_5.jpg,5045626194028_6.jpg,5045626194028_7.jpg,5045626194028_11.jpg",active,Brown,8087627
5045626194172,5045626194028_1.jpg,"5045626194028_1.jpg,5045626194028_2.jpg,5045626194028_3.jpg,5045626194028_4.jpg,5045626194028_5.jpg,5045626194028_6.jpg,5045626194028_7.jpg,5045626194028_11.jpg",active,Brown,8087627
5045626194202,5045626194028_1.jpg,"5045626194028_1.jpg,5045626194028_2.jpg,5045626194028_3.jpg,5045626194028_4.jpg,5045626194028_5.jpg,5045626194028_6.jpg,5045626194028_7.jpg,5045626194028_11.jpg",active,Brown,8087627
5045626194233,5045626194028_1.jpg,"5045626194028_1.jpg,5045626194028_2.jpg,5045626194028_3.jpg,5045626194028_4.jpg,5045626194028_5.jpg,5045626194028_6.jpg,5045626194028_7.jpg,5045626194028_11.jpg",active,Brown,8087627
5045620865269,5045620865269_1.jpg,"5045620865269_1.jpg,5045620865269_2.jpg,5045620865269_3.jpg,5045620865269_4.jpg,5045620865269_5.jpg,5045620865269_6.jpg,5045620865269_11.jpg",active,Beige,8087570
5045620865290,5045620865269_1.jpg,"5045620865269_1.jpg,5045620865269_2.jpg,5045620865269_3.jpg,5045620865269_4.jpg,5045620865269_5.jpg,5045620865269_6.jpg,5045620865269_11.jpg",active,Beige,8087570
5045620865320,5045620865269_1.jpg,"5045620865269_1.jpg,5045620865269_2.jpg,5045620865269_3.jpg,5045620865269_4.jpg,5045620865269_5.jpg,5045620865269_6.jpg,5045620865269_11.jpg",active,Beige,8087570
5045620865351,5045620865269_1.jpg,"5045620865269_1.jpg,5045620865269_2.jpg,5045620865269_3.jpg,5045620865269_4.jpg,5045620865269_5.jpg,5045620865269_6.jpg,5045620865269_11.jpg",active,Beige,8087570
5045620865382,5045620865269_1.jpg,"5045620865269_1.jpg,5045620865269_2.jpg,5045620865269_3.jpg,5045620865269_4.jpg,5045620865269_5.jpg,5045620865269_6.jpg,5045620865269_11.jpg",active,Beige,8087570
5045620865412,5045620865269_1.jpg,"5045620865269_1.jpg,5045620865269_2.jpg,5045620865269_3.jpg,5045620865269_4.jpg,5045620865269_5.jpg,5045620865269_6.jpg,5045620865269_11.jpg",active,Beige,8087570
5045620865443,5045620865269_1.jpg,"5045620865269_1.jpg,5045620865269_2.jpg,5045620865269_3.jpg,5045620865269_4.jpg,5045620865269_5.jpg,5045620865269_6.jpg,5045620865269_11.jpg",active,Beige,8087570
5045620865474,5045620865269_1.jpg,"5045620865269_1.jpg,5045620865269_2.jpg,5045620865269_3.jpg,5045620865269_4.jpg,5045620865269_5.jpg,5045620865269_6.jpg,5045620865269_11.jpg",active,Beige,8087570
5045620865504,5045620865269_1.jpg,"5045620865269_1.jpg,5045620865269_2.jpg,5045620865269_3.jpg,5045620865269_4.jpg,5045620865269_5.jpg,5045620865269_6.jpg,5045620865269_11.jpg",active,Beige,8087570
5045620865535,5045620865269_1.jpg,"5045620865269_1.jpg,5045620865269_2.jpg,5045620865269_3.jpg,5045620865269_4.jpg,5045620865269_5.jpg,5045620865269_6.jpg,5045620865269_11.jpg",active,Beige,8087570
5045620865566,5045620865269_1.jpg,"5045620865269_1.jpg,5045620865269_2.jpg,5045620865269_3.jpg,5045620865269_4.jpg,5045620865269_5.jpg,5045620865269_6.jpg,5045620865269_11.jpg",active,Beige,8087570
5045620865597,5045620865269_1.jpg,"5045620865269_1.jpg,5045620865269_2.jpg,5045620865269_3.jpg,5045620865269_4.jpg,5045620865269_5.jpg,5045620865269_6.jpg,5045620865269_11.jpg",active,Beige,8087570
5045620865627,5045620865269_1.jpg,"5045620865269_1.jpg,5045620865269_2.jpg,5045620865269_3.jpg,5045620865269_4.jpg,5045620865269_5.jpg,5045620865269_6.jpg,5045620865269_11.jpg",active,Beige,8087570
5045620865658,5045620865269_1.jpg,"5045620865269_1.jpg,5045620865269_2.jpg,5045620865269_3.jpg,5045620865269_4.jpg,5045620865269_5.jpg,5045620865269_6.jpg,5045620865269_11.jpg",active,Beige,8087570
5045620865689,5045620865269_1.jpg,"5045620865269_1.jpg,5045620865269_2.jpg,5045620865269_3.jpg,5045620865269_4.jpg,5045620865269_5.jpg,5045620865269_6.jpg,5045620865269_11.jpg",active,Beige,8087570
5045627256022,5045627256022_1.jpg,"5045627256022_1.jpg,5045627256022_2.jpg,5045627256022_3.jpg,5045627256022_4.jpg,5045627256022_5.jpg,5045627256022_6.jpg,5045627256022_7.jpg,5045627256022_8.jpg,5045627256022_9.jpg,5045627256022_11.jpg",active,Pink,8089490
5045626749136,5045626749136_1.jpg,"5045626749136_1.jpg,5045626749136_2.jpg,5045626749136_3.jpg,5045626749136_4.jpg,5045626749136_5.jpg,5045626749136_6.jpg,5045626749136_11.jpg",active,Grey,8089394
5045626749167,5045626749136_1.jpg,"5045626749136_1.jpg,5045626749136_2.jpg,5045626749136_3.jpg,5045626749136_4.jpg,5045626749136_5.jpg,5045626749136_6.jpg,5045626749136_11.jpg",active,Grey,8089394
5045626749198,5045626749136_1.jpg,"5045626749136_1.jpg,5045626749136_2.jpg,5045626749136_3.jpg,5045626749136_4.jpg,5045626749136_5.jpg,5045626749136_6.jpg,5045626749136_11.jpg",active,Grey,8089394
5045626749228,5045626749136_1.jpg,"5045626749136_1.jpg,5045626749136_2.jpg,5045626749136_3.jpg,5045626749136_4.jpg,5045626749136_5.jpg,5045626749136_6.jpg,5045626749136_11.jpg",active,Grey,8089394
5045626749259,5045626749136_1.jpg,"5045626749136_1.jpg,5045626749136_2.jpg,5045626749136_3.jpg,5045626749136_4.jpg,5045626749136_5.jpg,5045626749136_6.jpg,5045626749136_11.jpg",active,Grey,8089394
5045626749341,5045626749136_1.jpg,"5045626749136_1.jpg,5045626749136_2.jpg,5045626749136_3.jpg,5045626749136_4.jpg,5045626749136_5.jpg,5045626749136_6.jpg,5045626749136_11.jpg",active,Grey,8089394
5045626749372,5045626749136_1.jpg,"5045626749136_1.jpg,5045626749136_2.jpg,5045626749136_3.jpg,5045626749136_4.jpg,5045626749136_5.jpg,5045626749136_6.jpg,5045626749136_11.jpg",active,Grey,8089394
5045626749402,5045626749136_1.jpg,"5045626749136_1.jpg,5045626749136_2.jpg,5045626749136_3.jpg,5045626749136_4.jpg,5045626749136_5.jpg,5045626749136_6.jpg,5045626749136_11.jpg",active,Grey,8089394
5045626749433,5045626749136_1.jpg,"5045626749136_1.jpg,5045626749136_2.jpg,5045626749136_3.jpg,5045626749136_4.jpg,5045626749136_5.jpg,5045626749136_6.jpg,5045626749136_11.jpg",active,Grey,8089394
5045626749464,5045626749136_1.jpg,"5045626749136_1.jpg,5045626749136_2.jpg,5045626749136_3.jpg,5045626749136_4.jpg,5045626749136_5.jpg,5045626749136_6.jpg,5045626749136_11.jpg",active,Grey,8089394
5045625679199,5045625679199_1.jpg,"5045625679199_1.jpg,5045625679199_2.jpg,5045625679199_3.jpg,5045625679199_4.jpg,5045625679199_5.jpg,5045625679199_6.jpg,5045625679199_7.jpg,5045625679199_8.jpg,5045625679199_11.jpg",active,Beige,8089402
5045625901757,5045625901757_1.jpg,"5045625901757_1.jpg,5045625901757_2.jpg,5045625901757_3.jpg,5045625901757_4.jpg,5045625901757_5.jpg,5045625901757_11.jpg",active,Beige,8087368
5045625901788,5045625901757_1.jpg,"5045625901757_1.jpg,5045625901757_2.jpg,5045625901757_3.jpg,5045625901757_4.jpg,5045625901757_5.jpg,5045625901757_11.jpg",active,Beige,8087368
5045625901818,5045625901757_1.jpg,"5045625901757_1.jpg,5045625901757_2.jpg,5045625901757_3.jpg,5045625901757_4.jpg,5045625901757_5.jpg,5045625901757_11.jpg",active,Beige,8087368
5045625901849,5045625901757_1.jpg,"5045625901757_1.jpg,5045625901757_2.jpg,5045625901757_3.jpg,5045625901757_4.jpg,5045625901757_5.jpg,5045625901757_11.jpg",active,Beige,8087368
5045625901870,5045625901757_1.jpg,"5045625901757_1.jpg,5045625901757_2.jpg,5045625901757_3.jpg,5045625901757_4.jpg,5045625901757_5.jpg,5045625901757_11.jpg",active,Beige,8087368
5045625901900,5045625901757_1.jpg,"5045625901757_1.jpg,5045625901757_2.jpg,5045625901757_3.jpg,5045625901757_4.jpg,5045625901757_5.jpg,5045625901757_11.jpg",active,Beige,8087368
5045625901931,5045625901757_1.jpg,"5045625901757_1.jpg,5045625901757_2.jpg,5045625901757_3.jpg,5045625901757_4.jpg,5045625901757_5.jpg,5045625901757_11.jpg",active,Beige,8087368
5045626737379,5045626737379_1.jpg,"5045626737379_1.jpg,5045626737379_2.jpg,5045626737379_3.jpg,5045626737379_4.jpg,5045626737379_5.jpg,5045626737379_6.jpg,5045626737379_7.jpg,5045626737379_11.jpg",active,Red,8089492
5045626369631,5045626369631_1.jpg,"5045626369631_1.jpg,5045626369631_2.jpg,5045626369631_3.jpg,5045626369631_4.jpg,5045626369631_5.jpg,5045626369631_6.jpg,5045626369631_7.jpg,5045626369631_8.jpg,5045626369631_9.jpg,5045626369631_11.jpg",active,Black,8089386
5045625678444,5045625678444_1.jpg,"5045625678444_1.jpg,5045625678444_2.jpg,5045625678444_3.jpg,5045625678444_4.jpg,5045625678444_5.jpg,5045625678444_6.jpg,5045625678444_7.jpg,5045625678444_11.jpg",active,Orange,8089375
5045626741017,5045626741017_1.jpg,"5045626741017_1.jpg,5045626741017_2.jpg,5045626741017_3.jpg,5045626741017_4.jpg,5045626741017_5.jpg,5045626741017_11.jpg",active,Black,8089242
5045626741048,5045626741017_1.jpg,"5045626741017_1.jpg,5045626741017_2.jpg,5045626741017_3.jpg,5045626741017_4.jpg,5045626741017_5.jpg,5045626741017_11.jpg",active,Black,8089242
5045626741079,5045626741017_1.jpg,"5045626741017_1.jpg,5045626741017_2.jpg,5045626741017_3.jpg,5045626741017_4.jpg,5045626741017_5.jpg,5045626741017_11.jpg",active,Black,8089242
5045626741109,5045626741017_1.jpg,"5045626741017_1.jpg,5045626741017_2.jpg,5045626741017_3.jpg,5045626741017_4.jpg,5045626741017_5.jpg,5045626741017_11.jpg",active,Black,8089242
5045626741130,5045626741017_1.jpg,"5045626741017_1.jpg,5045626741017_2.jpg,5045626741017_3.jpg,5045626741017_4.jpg,5045626741017_5.jpg,5045626741017_11.jpg",active,Black,8089242
5045626741161,5045626741017_1.jpg,"5045626741017_1.jpg,5045626741017_2.jpg,5045626741017_3.jpg,5045626741017_4.jpg,5045626741017_5.jpg,5045626741017_11.jpg",active,Black,8089242
5045626741192,5045626741017_1.jpg,"5045626741017_1.jpg,5045626741017_2.jpg,5045626741017_3.jpg,5045626741017_4.jpg,5045626741017_5.jpg,5045626741017_11.jpg",active,Black,8089242
5045626741222,5045626741017_1.jpg,"5045626741017_1.jpg,5045626741017_2.jpg,5045626741017_3.jpg,5045626741017_4.jpg,5045626741017_5.jpg,5045626741017_11.jpg",active,Black,8089242
5045626741253,5045626741017_1.jpg,"5045626741017_1.jpg,5045626741017_2.jpg,5045626741017_3.jpg,5045626741017_4.jpg,5045626741017_5.jpg,5045626741017_11.jpg",active,Black,8089242
5045627575604,5045627575604_1.jpg,"5045627575604_1.jpg,5045627575604_2.jpg,5045627575604_3.jpg,5045627575604_4.jpg,5045627575604_5.jpg,5045627575604_6.jpg,5045627575604_7.jpg,5045627575604_11.jpg",active,Black,8089491
5045627575635,5045627575604_1.jpg,"5045627575604_1.jpg,5045627575604_2.jpg,5045627575604_3.jpg,5045627575604_4.jpg,5045627575604_5.jpg,5045627575604_6.jpg,5045627575604_7.jpg,5045627575604_11.jpg",active,Black,8089491
5045627575666,5045627575604_1.jpg,"5045627575604_1.jpg,5045627575604_2.jpg,5045627575604_3.jpg,5045627575604_4.jpg,5045627575604_5.jpg,5045627575604_6.jpg,5045627575604_7.jpg,5045627575604_11.jpg",active,Black,8089491
5045559265338,5045559265338_1.jpg,"5045559265338_1.jpg,5045559265338_2.jpg,5045559265338_3.jpg,5045559265338_4.jpg,5045559265338_5.jpg,5045559265338_11.jpg",active,Beige,8087382
5045559265369,5045559265338_1.jpg,"5045559265338_1.jpg,5045559265338_2.jpg,5045559265338_3.jpg,5045559265338_4.jpg,5045559265338_5.jpg,5045559265338_11.jpg",active,Beige,8087382
5045559265390,5045559265338_1.jpg,"5045559265338_1.jpg,5045559265338_2.jpg,5045559265338_3.jpg,5045559265338_4.jpg,5045559265338_5.jpg,5045559265338_11.jpg",active,Beige,8087382
5045559265420,5045559265338_1.jpg,"5045559265338_1.jpg,5045559265338_2.jpg,5045559265338_3.jpg,5045559265338_4.jpg,5045559265338_5.jpg,5045559265338_11.jpg",active,Beige,8087382
5045559265451,5045559265338_1.jpg,"5045559265338_1.jpg,5045559265338_2.jpg,5045559265338_3.jpg,5045559265338_4.jpg,5045559265338_5.jpg,5045559265338_11.jpg",active,Beige,8087382
5045559265482,5045559265338_1.jpg,"5045559265338_1.jpg,5045559265338_2.jpg,5045559265338_3.jpg,5045559265338_4.jpg,5045559265338_5.jpg,5045559265338_11.jpg",active,Beige,8087382
5045559265512,5045559265338_1.jpg,"5045559265338_1.jpg,5045559265338_2.jpg,5045559265338_3.jpg,5045559265338_4.jpg,5045559265338_5.jpg,5045559265338_11.jpg",active,Beige,8087382
5045623618244,5045623618244_1.jpg,"5045623618244_1.jpg,5045623618244_2.jpg,5045623618244_3.jpg,5045623618244_4.jpg,5045623618244_5.jpg,5045623618244_6.jpg,5045623618244_11.jpg",active,Black,8087606
5045623618275,5045623618244_1.jpg,"5045623618244_1.jpg,5045623618244_2.jpg,5045623618244_3.jpg,5045623618244_4.jpg,5045623618244_5.jpg,5045623618244_6.jpg,5045623618244_11.jpg",active,Black,8087606
5045623618305,5045623618244_1.jpg,"5045623618244_1.jpg,5045623618244_2.jpg,5045623618244_3.jpg,5045623618244_4.jpg,5045623618244_5.jpg,5045623618244_6.jpg,5045623618244_11.jpg",active,Black,8087606
5045623618336,5045623618244_1.jpg,"5045623618244_1.jpg,5045623618244_2.jpg,5045623618244_3.jpg,5045623618244_4.jpg,5045623618244_5.jpg,5045623618244_6.jpg,5045623618244_11.jpg",active,Black,8087606
5045623618367,5045623618244_1.jpg,"5045623618244_1.jpg,5045623618244_2.jpg,5045623618244_3.jpg,5045623618244_4.jpg,5045623618244_5.jpg,5045623618244_6.jpg,5045623618244_11.jpg",active,Black,8087606
5045623618398,5045623618244_1.jpg,"5045623618244_1.jpg,5045623618244_2.jpg,5045623618244_3.jpg,5045623618244_4.jpg,5045623618244_5.jpg,5045623618244_6.jpg,5045623618244_11.jpg",active,Black,8087606
5045623618428,5045623618244_1.jpg,"5045623618244_1.jpg,5045623618244_2.jpg,5045623618244_3.jpg,5045623618244_4.jpg,5045623618244_5.jpg,5045623618244_6.jpg,5045623618244_11.jpg",active,Black,8087606
5045623618459,5045623618244_1.jpg,"5045623618244_1.jpg,5045623618244_2.jpg,5045623618244_3.jpg,5045623618244_4.jpg,5045623618244_5.jpg,5045623618244_6.jpg,5045623618244_11.jpg",active,Black,8087606
5045623618480,5045623618244_1.jpg,"5045623618244_1.jpg,5045623618244_2.jpg,5045623618244_3.jpg,5045623618244_4.jpg,5045623618244_5.jpg,5045623618244_6.jpg,5045623618244_11.jpg",active,Black,8087606
5045623618510,5045623618244_1.jpg,"5045623618244_1.jpg,5045623618244_2.jpg,5045623618244_3.jpg,5045623618244_4.jpg,5045623618244_5.jpg,5045623618244_6.jpg,5045623618244_11.jpg",active,Black,8087606
5045623618541,5045623618244_1.jpg,"5045623618244_1.jpg,5045623618244_2.jpg,5045623618244_3.jpg,5045623618244_4.jpg,5045623618244_5.jpg,5045623618244_6.jpg,5045623618244_11.jpg",active,Black,8087606
5045623618572,5045623618244_1.jpg,"5045623618244_1.jpg,5045623618244_2.jpg,5045623618244_3.jpg,5045623618244_4.jpg,5045623618244_5.jpg,5045623618244_6.jpg,5045623618244_11.jpg",active,Black,8087606
5045623618602,5045623618244_1.jpg,"5045623618244_1.jpg,5045623618244_2.jpg,5045623618244_3.jpg,5045623618244_4.jpg,5045623618244_5.jpg,5045623618244_6.jpg,5045623618244_11.jpg",active,Black,8087606
5045623618633,5045623618244_1.jpg,"5045623618244_1.jpg,5045623618244_2.jpg,5045623618244_3.jpg,5045623618244_4.jpg,5045623618244_5.jpg,5045623618244_6.jpg,5045623618244_11.jpg",active,Black,8087606
5045623618664,5045623618244_1.jpg,"5045623618244_1.jpg,5045623618244_2.jpg,5045623618244_3.jpg,5045623618244_4.jpg,5045623618244_5.jpg,5045623618244_6.jpg,5045623618244_11.jpg",active,Black,8087606
5045626762869,5045626762869_1.jpg,"5045626762869_1.jpg,5045626762869_2.jpg,5045626762869_3.jpg,5045626762869_4.jpg,5045626762869_5.jpg,5045626762869_11.jpg",active,Miscellaneous,8089343
5045627456729,5045627456729_1.jpg,"5045627456729_1.jpg,5045627456729_2.jpg,5045627456729_3.jpg,5045627456729_4.jpg,5045627456729_5.jpg,5045627456729_6.jpg,5045627456729_7.jpg,5045627456729_8.jpg,5045627456729_11.jpg",active,Beige,8089401
5045625446821,5045625446821_1.jpg,"5045625446821_1.jpg,5045625446821_2.jpg,5045625446821_3.jpg,5045625446821_4.jpg,5045625446821_5.jpg,5045625446821_6.jpg,5045625446821_11.jpg",active,Beige,8087535
5045625446852,5045625446821_1.jpg,"5045625446821_1.jpg,5045625446821_2.jpg,5045625446821_3.jpg,5045625446821_4.jpg,5045625446821_5.jpg,5045625446821_6.jpg,5045625446821_11.jpg",active,Beige,8087535
5045625446883,5045625446821_1.jpg,"5045625446821_1.jpg,5045625446821_2.jpg,5045625446821_3.jpg,5045625446821_4.jpg,5045625446821_5.jpg,5045625446821_6.jpg,5045625446821_11.jpg",active,Beige,8087535
5045625446913,5045625446821_1.jpg,"5045625446821_1.jpg,5045625446821_2.jpg,5045625446821_3.jpg,5045625446821_4.jpg,5045625446821_5.jpg,5045625446821_6.jpg,5045625446821_11.jpg",active,Beige,8087535
5045625446944,5045625446821_1.jpg,"5045625446821_1.jpg,5045625446821_2.jpg,5045625446821_3.jpg,5045625446821_4.jpg,5045625446821_5.jpg,5045625446821_6.jpg,5045625446821_11.jpg",active,Beige,8087535
5045625446975,5045625446821_1.jpg,"5045625446821_1.jpg,5045625446821_2.jpg,5045625446821_3.jpg,5045625446821_4.jpg,5045625446821_5.jpg,5045625446821_6.jpg,5045625446821_11.jpg",active,Beige,8087535
5045625447002,5045625446821_1.jpg,"5045625446821_1.jpg,5045625446821_2.jpg,5045625446821_3.jpg,5045625446821_4.jpg,5045625446821_5.jpg,5045625446821_6.jpg,5045625446821_11.jpg",active,Beige,8087535
5045627560792,5045627560792_1.jpg,"5045627560792_1.jpg,5045627560792_2.jpg,5045627560792_3.jpg,5045627560792_4.jpg,5045627560792_5.jpg,5045627560792_6.jpg,5045627560792_7.jpg,5045627560792_8.jpg,5045627560792_11.jpg",active,Beige,8089388
5045627270653,5045627270653_1.jpg,"5045627270653_1.jpg,5045627270653_2.jpg,5045627270653_3.jpg,5045627270653_4.jpg,5045627270653_5.jpg,5045627270653_6.jpg,5045627270653_11.jpg",active,Brown,8087413
5045627270684,5045627270653_1.jpg,"5045627270653_1.jpg,5045627270653_2.jpg,5045627270653_3.jpg,5045627270653_4.jpg,5045627270653_5.jpg,5045627270653_6.jpg,5045627270653_11.jpg",active,Brown,8087413
5045627270714,5045627270653_1.jpg,"5045627270653_1.jpg,5045627270653_2.jpg,5045627270653_3.jpg,5045627270653_4.jpg,5045627270653_5.jpg,5045627270653_6.jpg,5045627270653_11.jpg",active,Brown,8087413
5045627270745,5045627270653_1.jpg,"5045627270653_1.jpg,5045627270653_2.jpg,5045627270653_3.jpg,5045627270653_4.jpg,5045627270653_5.jpg,5045627270653_6.jpg,5045627270653_11.jpg",active,Brown,8087413
5045627270776,5045627270653_1.jpg,"5045627270653_1.jpg,5045627270653_2.jpg,5045627270653_3.jpg,5045627270653_4.jpg,5045627270653_5.jpg,5045627270653_6.jpg,5045627270653_11.jpg",active,Brown,8087413
5045627270806,5045627270653_1.jpg,"5045627270653_1.jpg,5045627270653_2.jpg,5045627270653_3.jpg,5045627270653_4.jpg,5045627270653_5.jpg,5045627270653_6.jpg,5045627270653_11.jpg",active,Brown,8087413
5045627270868,5045627270653_1.jpg,"5045627270653_1.jpg,5045627270653_2.jpg,5045627270653_3.jpg,5045627270653_4.jpg,5045627270653_5.jpg,5045627270653_6.jpg,5045627270653_11.jpg",active,Brown,8087413
5045626326436,5045626326436_1.jpg,"5045626326436_1.jpg,5045626326436_2.jpg,5045626326436_3.jpg,5045626326436_4.jpg,5045626326436_5.jpg,5045626326436_6.jpg,5045626326436_11.jpg",active,White,8087316
5045626326467,5045626326436_1.jpg,"5045626326436_1.jpg,5045626326436_2.jpg,5045626326436_3.jpg,5045626326436_4.jpg,5045626326436_5.jpg,5045626326436_6.jpg,5045626326436_11.jpg",active,White,8087316
5045626326498,5045626326436_1.jpg,"5045626326436_1.jpg,5045626326436_2.jpg,5045626326436_3.jpg,5045626326436_4.jpg,5045626326436_5.jpg,5045626326436_6.jpg,5045626326436_11.jpg",active,White,8087316
5045626326528,5045626326436_1.jpg,"5045626326436_1.jpg,5045626326436_2.jpg,5045626326436_3.jpg,5045626326436_4.jpg,5045626326436_5.jpg,5045626326436_6.jpg,5045626326436_11.jpg",active,White,8087316
5045626326559,5045626326436_1.jpg,"5045626326436_1.jpg,5045626326436_2.jpg,5045626326436_3.jpg,5045626326436_4.jpg,5045626326436_5.jpg,5045626326436_6.jpg,5045626326436_11.jpg",active,White,8087316
5045626326580,5045626326436_1.jpg,"5045626326436_1.jpg,5045626326436_2.jpg,5045626326436_3.jpg,5045626326436_4.jpg,5045626326436_5.jpg,5045626326436_6.jpg,5045626326436_11.jpg",active,White,8087316
5045626326610,5045626326436_1.jpg,"5045626326436_1.jpg,5045626326436_2.jpg,5045626326436_3.jpg,5045626326436_4.jpg,5045626326436_5.jpg,5045626326436_6.jpg,5045626326436_11.jpg",active,White,8087316
5045626326641,5045626326436_1.jpg,"5045626326436_1.jpg,5045626326436_2.jpg,5045626326436_3.jpg,5045626326436_4.jpg,5045626326436_5.jpg,5045626326436_6.jpg,5045626326436_11.jpg",active,White,8087316
5045625821796,5045625821796_1.jpg,"5045625821796_1.jpg,5045625821796_2.jpg,5045625821796_3.jpg,5045625821796_4.jpg,5045625821796_5.jpg,5045625821796_6.jpg,5045625821796_7.jpg,5045625821796_8.jpg,5045625821796_9.jpg,5045625821796_10.jpg,5045625821796_11.jpg",inactive,Beige,8089267
5045627568217,5045627568217_1.jpg,"5045627568217_1.jpg,5045627568217_2.jpg,5045627568217_3.jpg,5045627568217_11.jpg",active,Yellow,8089422
5045626950846,5045626950846_1.jpg,"5045626950846_1.jpg,5045626950846_2.jpg,5045626950846_3.jpg,5045626950846_4.jpg,5045626950846_5.jpg,5045626950846_11.jpg",active,Black,8087541
5045626950877,5045626950846_1.jpg,"5045626950846_1.jpg,5045626950846_2.jpg,5045626950846_3.jpg,5045626950846_4.jpg,5045626950846_5.jpg,5045626950846_11.jpg",active,Black,8087541
5045626950907,5045626950846_1.jpg,"5045626950846_1.jpg,5045626950846_2.jpg,5045626950846_3.jpg,5045626950846_4.jpg,5045626950846_5.jpg,5045626950846_11.jpg",active,Black,8087541
5045626950938,5045626950846_1.jpg,"5045626950846_1.jpg,5045626950846_2.jpg,5045626950846_3.jpg,5045626950846_4.jpg,5045626950846_5.jpg,5045626950846_11.jpg",active,Black,8087541
5045554946416,5045554946416_1.jpg,"5045554946416_1.jpg,5045554946416_2.jpg,5045554946416_3.jpg,5045554946416_4.jpg,5045554946416_5.jpg,5045554946416_11.jpg",active,Yellow,8087406
5045625939088,5045625939088_1.jpg,"5045625939088_1.jpg,5045625939088_2.jpg,5045625939088_3.jpg,5045625939088_4.jpg,5045625939088_5.jpg,5045625939088_6.jpg,5045625939088_11.jpg",active,Black,8087423
5045625939118,5045625939088_1.jpg,"5045625939088_1.jpg,5045625939088_2.jpg,5045625939088_3.jpg,5045625939088_4.jpg,5045625939088_5.jpg,5045625939088_6.jpg,5045625939088_11.jpg",active,Black,8087423
5045625939149,5045625939088_1.jpg,"5045625939088_1.jpg,5045625939088_2.jpg,5045625939088_3.jpg,5045625939088_4.jpg,5045625939088_5.jpg,5045625939088_6.jpg,5045625939088_11.jpg",active,Black,8087423
5045625939170,5045625939088_1.jpg,"5045625939088_1.jpg,5045625939088_2.jpg,5045625939088_3.jpg,5045625939088_4.jpg,5045625939088_5.jpg,5045625939088_6.jpg,5045625939088_11.jpg",active,Black,8087423
5045625939200,5045625939088_1.jpg,"5045625939088_1.jpg,5045625939088_2.jpg,5045625939088_3.jpg,5045625939088_4.jpg,5045625939088_5.jpg,5045625939088_6.jpg,5045625939088_11.jpg",active,Black,8087423
5045625939231,5045625939088_1.jpg,"5045625939088_1.jpg,5045625939088_2.jpg,5045625939088_3.jpg,5045625939088_4.jpg,5045625939088_5.jpg,5045625939088_6.jpg,5045625939088_11.jpg",active,Black,8087423
5045625939262,5045625939088_1.jpg,"5045625939088_1.jpg,5045625939088_2.jpg,5045625939088_3.jpg,5045625939088_4.jpg,5045625939088_5.jpg,5045625939088_6.jpg,5045625939088_11.jpg",active,Black,8087423
5045625939293,5045625939088_1.jpg,"5045625939088_1.jpg,5045625939088_2.jpg,5045625939088_3.jpg,5045625939088_4.jpg,5045625939088_5.jpg,5045625939088_6.jpg,5045625939088_11.jpg",active,Black,8087423
5045625939323,5045625939088_1.jpg,"5045625939088_1.jpg,5045625939088_2.jpg,5045625939088_3.jpg,5045625939088_4.jpg,5045625939088_5.jpg,5045625939088_6.jpg,5045625939088_11.jpg",active,Black,8087423
5045622741875,5045622741875_1.jpg,"5045622741875_1.jpg,5045622741875_2.jpg,5045622741875_3.jpg,5045622741875_4.jpg,5045622741875_5.jpg,5045622741875_6.jpg,5045622741875_11.jpg",inactive,White,8087592
5045622741905,5045622741875_1.jpg,"5045622741875_1.jpg,5045622741875_2.jpg,5045622741875_3.jpg,5045622741875_4.jpg,5045622741875_5.jpg,5045622741875_6.jpg,5045622741875_11.jpg",inactive,White,8087592
5045622741936,5045622741875_1.jpg,"5045622741875_1.jpg,5045622741875_2.jpg,5045622741875_3.jpg,5045622741875_4.jpg,5045622741875_5.jpg,5045622741875_6.jpg,5045622741875_11.jpg",inactive,White,8087592
5045622741967,5045622741875_1.jpg,"5045622741875_1.jpg,5045622741875_2.jpg,5045622741875_3.jpg,5045622741875_4.jpg,5045622741875_5.jpg,5045622741875_6.jpg,5045622741875_11.jpg",inactive,White,8087592
5045622741998,5045622741875_1.jpg,"5045622741875_1.jpg,5045622741875_2.jpg,5045622741875_3.jpg,5045622741875_4.jpg,5045622741875_5.jpg,5045622741875_6.jpg,5045622741875_11.jpg",inactive,White,8087592
5045622742025,5045622741875_1.jpg,"5045622741875_1.jpg,5045622741875_2.jpg,5045622741875_3.jpg,5045622741875_4.jpg,5045622741875_5.jpg,5045622741875_6.jpg,5045622741875_11.jpg",inactive,White,8087592
5045622742056,5045622741875_1.jpg,"5045622741875_1.jpg,5045622741875_2.jpg,5045622741875_3.jpg,5045622741875_4.jpg,5045622741875_5.jpg,5045622741875_6.jpg,5045622741875_11.jpg",inactive,White,8087592
5045622742087,5045622741875_1.jpg,"5045622741875_1.jpg,5045622741875_2.jpg,5045622741875_3.jpg,5045622741875_4.jpg,5045622741875_5.jpg,5045622741875_6.jpg,5045622741875_11.jpg",inactive,White,8087592
5045622742117,5045622741875_1.jpg,"5045622741875_1.jpg,5045622741875_2.jpg,5045622741875_3.jpg,5045622741875_4.jpg,5045622741875_5.jpg,5045622741875_6.jpg,5045622741875_11.jpg",inactive,White,8087592
5045622742148,5045622741875_1.jpg,"5045622741875_1.jpg,5045622741875_2.jpg,5045622741875_3.jpg,5045622741875_4.jpg,5045622741875_5.jpg,5045622741875_6.jpg,5045622741875_11.jpg",inactive,White,8087592
5045622742179,5045622741875_1.jpg,"5045622741875_1.jpg,5045622741875_2.jpg,5045622741875_3.jpg,5045622741875_4.jpg,5045622741875_5.jpg,5045622741875_6.jpg,5045622741875_11.jpg",inactive,White,8087592
5045622742209,5045622741875_1.jpg,"5045622741875_1.jpg,5045622741875_2.jpg,5045622741875_3.jpg,5045622741875_4.jpg,5045622741875_5.jpg,5045622741875_6.jpg,5045622741875_11.jpg",inactive,White,8087592
5045622742230,5045622741875_1.jpg,"5045622741875_1.jpg,5045622741875_2.jpg,5045622741875_3.jpg,5045622741875_4.jpg,5045622741875_5.jpg,5045622741875_6.jpg,5045622741875_11.jpg",inactive,White,8087592
5045622742261,5045622741875_1.jpg,"5045622741875_1.jpg,5045622741875_2.jpg,5045622741875_3.jpg,5045622741875_4.jpg,5045622741875_5.jpg,5045622741875_6.jpg,5045622741875_11.jpg",inactive,White,8087592
5045622742292,5045622741875_1.jpg,"5045622741875_1.jpg,5045622741875_2.jpg,5045622741875_3.jpg,5045622741875_4.jpg,5045622741875_5.jpg,5045622741875_6.jpg,5045622741875_11.jpg",inactive,White,8087592
5045626902067,5045626902067_1.jpg,"5045626902067_1.jpg,5045626902067_2.jpg,5045626902067_3.jpg,5045626902067_4.jpg,5045626902067_5.jpg,5045626902067_6.jpg,5045626902067_11.jpg",active,Beige,8089424
5045626902098,5045626902067_1.jpg,"5045626902067_1.jpg,5045626902067_2.jpg,5045626902067_3.jpg,5045626902067_4.jpg,5045626902067_5.jpg,5045626902067_6.jpg,5045626902067_11.jpg",active,Beige,8089424
5045626902128,5045626902067_1.jpg,"5045626902067_1.jpg,5045626902067_2.jpg,5045626902067_3.jpg,5045626902067_4.jpg,5045626902067_5.jpg,5045626902067_6.jpg,5045626902067_11.jpg",active,Beige,8089424
5045627461785,5045627461785_1.jpg,"5045627461785_1.jpg,5045627461785_2.jpg,5045627461785_3.jpg,5045627461785_4.jpg,5045627461785_5.jpg,5045627461785_6.jpg,5045627461785_11.jpg",active,Beige,8087614
5045627461815,5045627461785_1.jpg,"5045627461785_1.jpg,5045627461785_2.jpg,5045627461785_3.jpg,5045627461785_4.jpg,5045627461785_5.jpg,5045627461785_6.jpg,5045627461785_11.jpg",active,Beige,8087614
5045627461846,5045627461785_1.jpg,"5045627461785_1.jpg,5045627461785_2.jpg,5045627461785_3.jpg,5045627461785_4.jpg,5045627461785_5.jpg,5045627461785_6.jpg,5045627461785_11.jpg",active,Beige,8087614
5045627461877,5045627461785_1.jpg,"5045627461785_1.jpg,5045627461785_2.jpg,5045627461785_3.jpg,5045627461785_4.jpg,5045627461785_5.jpg,5045627461785_6.jpg,5045627461785_11.jpg",active,Beige,8087614
5045627461907,5045627461785_1.jpg,"5045627461785_1.jpg,5045627461785_2.jpg,5045627461785_3.jpg,5045627461785_4.jpg,5045627461785_5.jpg,5045627461785_6.jpg,5045627461785_11.jpg",active,Beige,8087614
5045627461938,5045627461785_1.jpg,"5045627461785_1.jpg,5045627461785_2.jpg,5045627461785_3.jpg,5045627461785_4.jpg,5045627461785_5.jpg,5045627461785_6.jpg,5045627461785_11.jpg",active,Beige,8087614
5045627461969,5045627461785_1.jpg,"5045627461785_1.jpg,5045627461785_2.jpg,5045627461785_3.jpg,5045627461785_4.jpg,5045627461785_5.jpg,5045627461785_6.jpg,5045627461785_11.jpg",active,Beige,8087614
5045627461990,5045627461785_1.jpg,"5045627461785_1.jpg,5045627461785_2.jpg,5045627461785_3.jpg,5045627461785_4.jpg,5045627461785_5.jpg,5045627461785_6.jpg,5045627461785_11.jpg",active,Beige,8087614
5045627462027,5045627461785_1.jpg,"5045627461785_1.jpg,5045627461785_2.jpg,5045627461785_3.jpg,5045627461785_4.jpg,5045627461785_5.jpg,5045627461785_6.jpg,5045627461785_11.jpg",active,Beige,8087614
5045627462058,5045627461785_1.jpg,"5045627461785_1.jpg,5045627461785_2.jpg,5045627461785_3.jpg,5045627461785_4.jpg,5045627461785_5.jpg,5045627461785_6.jpg,5045627461785_11.jpg",active,Beige,8087614
5045627462089,5045627461785_1.jpg,"5045627461785_1.jpg,5045627461785_2.jpg,5045627461785_3.jpg,5045627461785_4.jpg,5045627461785_5.jpg,5045627461785_6.jpg,5045627461785_11.jpg",active,Beige,8087614
5045627462119,5045627461785_1.jpg,"5045627461785_1.jpg,5045627461785_2.jpg,5045627461785_3.jpg,5045627461785_4.jpg,5045627461785_5.jpg,5045627461785_6.jpg,5045627461785_11.jpg",active,Beige,8087614
5045627462140,5045627461785_1.jpg,"5045627461785_1.jpg,5045627461785_2.jpg,5045627461785_3.jpg,5045627461785_4.jpg,5045627461785_5.jpg,5045627461785_6.jpg,5045627461785_11.jpg",active,Beige,8087614
5045627462171,5045627461785_1.jpg,"5045627461785_1.jpg,5045627461785_2.jpg,5045627461785_3.jpg,5045627461785_4.jpg,5045627461785_5.jpg,5045627461785_6.jpg,5045627461785_11.jpg",active,Beige,8087614
5045627462201,5045627461785_1.jpg,"5045627461785_1.jpg,5045627461785_2.jpg,5045627461785_3.jpg,5045627461785_4.jpg,5045627461785_5.jpg,5045627461785_6.jpg,5045627461785_11.jpg",active,Beige,8087614
5045627462232,5045627461785_1.jpg,"5045627461785_1.jpg,5045627461785_2.jpg,5045627461785_3.jpg,5045627461785_4.jpg,5045627461785_5.jpg,5045627461785_6.jpg,5045627461785_11.jpg",active,Beige,8087614
5045627462263,5045627461785_1.jpg,"5045627461785_1.jpg,5045627461785_2.jpg,5045627461785_3.jpg,5045627461785_4.jpg,5045627461785_5.jpg,5045627461785_6.jpg,5045627461785_11.jpg",active,Beige,8087614
5045627462294,5045627461785_1.jpg,"5045627461785_1.jpg,5045627461785_2.jpg,5045627461785_3.jpg,5045627461785_4.jpg,5045627461785_5.jpg,5045627461785_6.jpg,5045627461785_11.jpg",active,Beige,8087614
5045627462324,5045627461785_1.jpg,"5045627461785_1.jpg,5045627461785_2.jpg,5045627461785_3.jpg,5045627461785_4.jpg,5045627461785_5.jpg,5045627461785_6.jpg,5045627461785_11.jpg",active,Beige,8087614
5045627462355,5045627461785_1.jpg,"5045627461785_1.jpg,5045627461785_2.jpg,5045627461785_3.jpg,5045627461785_4.jpg,5045627461785_5.jpg,5045627461785_6.jpg,5045627461785_11.jpg",active,Beige,8087614
5045553781148,5045553781148_1.jpg,"5045553781148_1.jpg,5045553781148_2.jpg,5045553781148_3.jpg,5045553781148_4.jpg,5045553781148_5.jpg,5045553781148_6.jpg,5045553781148_7.jpg,5045553781148_8.jpg,5045553781148_9.jpg,5045553781148_10.jpg,5045553781148_11.jpg",active,Yellow,8087438
5045553781179,5045553781148_1.jpg,"5045553781148_1.jpg,5045553781148_2.jpg,5045553781148_3.jpg,5045553781148_4.jpg,5045553781148_5.jpg,5045553781148_6.jpg,5045553781148_7.jpg,5045553781148_8.jpg,5045553781148_9.jpg,5045553781148_10.jpg,5045553781148_11.jpg",active,Yellow,8087438
5045553781209,5045553781148_1.jpg,"5045553781148_1.jpg,5045553781148_2.jpg,5045553781148_3.jpg,5045553781148_4.jpg,5045553781148_5.jpg,5045553781148_6.jpg,5045553781148_7.jpg,5045553781148_8.jpg,5045553781148_9.jpg,5045553781148_10.jpg,5045553781148_11.jpg",active,Yellow,8087438
5045553781230,5045553781148_1.jpg,"5045553781148_1.jpg,5045553781148_2.jpg,5045553781148_3.jpg,5045553781148_4.jpg,5045553781148_5.jpg,5045553781148_6.jpg,5045553781148_7.jpg,5045553781148_8.jpg,5045553781148_9.jpg,5045553781148_10.jpg,5045553781148_11.jpg",active,Yellow,8087438
5045553781261,5045553781148_1.jpg,"5045553781148_1.jpg,5045553781148_2.jpg,5045553781148_3.jpg,5045553781148_4.jpg,5045553781148_5.jpg,5045553781148_6.jpg,5045553781148_7.jpg,5045553781148_8.jpg,5045553781148_9.jpg,5045553781148_10.jpg,5045553781148_11.jpg",active,Yellow,8087438
5045553781292,5045553781148_1.jpg,"5045553781148_1.jpg,5045553781148_2.jpg,5045553781148_3.jpg,5045553781148_4.jpg,5045553781148_5.jpg,5045553781148_6.jpg,5045553781148_7.jpg,5045553781148_8.jpg,5045553781148_9.jpg,5045553781148_10.jpg,5045553781148_11.jpg",active,Yellow,8087438
5045553781322,5045553781148_1.jpg,"5045553781148_1.jpg,5045553781148_2.jpg,5045553781148_3.jpg,5045553781148_4.jpg,5045553781148_5.jpg,5045553781148_6.jpg,5045553781148_7.jpg,5045553781148_8.jpg,5045553781148_9.jpg,5045553781148_10.jpg,5045553781148_11.jpg",active,Yellow,8087438
5045553781353,5045553781148_1.jpg,"5045553781148_1.jpg,5045553781148_2.jpg,5045553781148_3.jpg,5045553781148_4.jpg,5045553781148_5.jpg,5045553781148_6.jpg,5045553781148_7.jpg,5045553781148_8.jpg,5045553781148_9.jpg,5045553781148_10.jpg,5045553781148_11.jpg",active,Yellow,8087438
5045553781384,5045553781148_1.jpg,"5045553781148_1.jpg,5045553781148_2.jpg,5045553781148_3.jpg,5045553781148_4.jpg,5045553781148_5.jpg,5045553781148_6.jpg,5045553781148_7.jpg,5045553781148_8.jpg,5045553781148_9.jpg,5045553781148_10.jpg,5045553781148_11.jpg",active,Yellow,8087438
5045622963239,5045553781148_1.jpg,"5045553781148_1.jpg,5045553781148_2.jpg,5045553781148_3.jpg,5045553781148_4.jpg,5045553781148_5.jpg,5045553781148_6.jpg,5045553781148_7.jpg,5045553781148_8.jpg,5045553781148_9.jpg,5045553781148_10.jpg,5045553781148_11.jpg",active,Yellow,8087438
5045625671032,5045625671032_1.jpg,"5045625671032_1.jpg,5045625671032_2.jpg,5045625671032_3.jpg,5045625671032_4.jpg,5045625671032_5.jpg,5045625671032_11.jpg",active,White,8087407
5045625671063,5045625671032_1.jpg,"5045625671032_1.jpg,5045625671032_2.jpg,5045625671032_3.jpg,5045625671032_4.jpg,5045625671032_5.jpg,5045625671032_11.jpg",active,White,8087407
5045625671094,5045625671032_1.jpg,"5045625671032_1.jpg,5045625671032_2.jpg,5045625671032_3.jpg,5045625671032_4.jpg,5045625671032_5.jpg,5045625671032_11.jpg",active,White,8087407
5045625671124,5045625671032_1.jpg,"5045625671032_1.jpg,5045625671032_2.jpg,5045625671032_3.jpg,5045625671032_4.jpg,5045625671032_5.jpg,5045625671032_11.jpg",active,White,8087407
5045625671155,5045625671032_1.jpg,"5045625671032_1.jpg,5045625671032_2.jpg,5045625671032_3.jpg,5045625671032_4.jpg,5045625671032_5.jpg,5045625671032_11.jpg",active,White,8087407
5045625671186,5045625671032_1.jpg,"5045625671032_1.jpg,5045625671032_2.jpg,5045625671032_3.jpg,5045625671032_4.jpg,5045625671032_5.jpg,5045625671032_11.jpg",active,White,8087407
5045625671216,5045625671032_1.jpg,"5045625671032_1.jpg,5045625671032_2.jpg,5045625671032_3.jpg,5045625671032_4.jpg,5045625671032_5.jpg,5045625671032_11.jpg",active,White,8087407
5045625671247,5045625671032_1.jpg,"5045625671032_1.jpg,5045625671032_2.jpg,5045625671032_3.jpg,5045625671032_4.jpg,5045625671032_5.jpg,5045625671032_11.jpg",active,White,8087407
5045625671278,5045625671032_1.jpg,"5045625671032_1.jpg,5045625671032_2.jpg,5045625671032_3.jpg,5045625671032_4.jpg,5045625671032_5.jpg,5045625671032_11.jpg",active,White,8087407
5045559257050,5045559257050_1.jpg,"5045559257050_1.jpg,5045559257050_2.jpg,5045559257050_3.jpg,5045559257050_4.jpg,5045559257050_5.jpg,5045559257050_11.jpg",active,Blue,8087360
5045559257081,5045559257050_1.jpg,"5045559257050_1.jpg,5045559257050_2.jpg,5045559257050_3.jpg,5045559257050_4.jpg,5045559257050_5.jpg,5045559257050_11.jpg",active,Blue,8087360
5045559257111,5045559257050_1.jpg,"5045559257050_1.jpg,5045559257050_2.jpg,5045559257050_3.jpg,5045559257050_4.jpg,5045559257050_5.jpg,5045559257050_11.jpg",active,Blue,8087360
5045559257142,5045559257050_1.jpg,"5045559257050_1.jpg,5045559257050_2.jpg,5045559257050_3.jpg,5045559257050_4.jpg,5045559257050_5.jpg,5045559257050_11.jpg",active,Blue,8087360
5045559257173,5045559257050_1.jpg,"5045559257050_1.jpg,5045559257050_2.jpg,5045559257050_3.jpg,5045559257050_4.jpg,5045559257050_5.jpg,5045559257050_11.jpg",active,Blue,8087360
5045559257203,5045559257050_1.jpg,"5045559257050_1.jpg,5045559257050_2.jpg,5045559257050_3.jpg,5045559257050_4.jpg,5045559257050_5.jpg,5045559257050_11.jpg",active,Blue,8087360
5045559257234,5045559257050_1.jpg,"5045559257050_1.jpg,5045559257050_2.jpg,5045559257050_3.jpg,5045559257050_4.jpg,5045559257050_5.jpg,5045559257050_11.jpg",active,Blue,8087360
5045627022375,5045627022375_1.jpg,"5045627022375_1.jpg,5045627022375_2.jpg,5045627022375_3.jpg,5045627022375_4.jpg,5045627022375_5.jpg,5045627022375_11.jpg",active,Black,8089215
5045627022405,5045627022375_1.jpg,"5045627022375_1.jpg,5045627022375_2.jpg,5045627022375_3.jpg,5045627022375_4.jpg,5045627022375_5.jpg,5045627022375_11.jpg",active,Black,8089215
5045627022436,5045627022375_1.jpg,"5045627022375_1.jpg,5045627022375_2.jpg,5045627022375_3.jpg,5045627022375_4.jpg,5045627022375_5.jpg,5045627022375_11.jpg",active,Black,8089215
5045627022467,5045627022375_1.jpg,"5045627022375_1.jpg,5045627022375_2.jpg,5045627022375_3.jpg,5045627022375_4.jpg,5045627022375_5.jpg,5045627022375_11.jpg",active,Black,8089215
5045627022498,5045627022375_1.jpg,"5045627022375_1.jpg,5045627022375_2.jpg,5045627022375_3.jpg,5045627022375_4.jpg,5045627022375_5.jpg,5045627022375_11.jpg",active,Black,8089215
5045627022528,5045627022375_1.jpg,"5045627022375_1.jpg,5045627022375_2.jpg,5045627022375_3.jpg,5045627022375_4.jpg,5045627022375_5.jpg,5045627022375_11.jpg",active,Black,8089215
5045626217062,5045626217062_1.jpg,"5045626217062_1.jpg,5045626217062_2.jpg,5045626217062_3.jpg,5045626217062_4.jpg",active,Brown,8089416
5045626217093,5045626217062_1.jpg,"5045626217062_1.jpg,5045626217062_2.jpg,5045626217062_3.jpg,5045626217062_4.jpg",active,Brown,8089416
5045626217123,5045626217062_1.jpg,"5045626217062_1.jpg,5045626217062_2.jpg,5045626217062_3.jpg,5045626217062_4.jpg",active,Brown,8089416
5045621351617,5045621351617_1.jpg,"5045621351617_1.jpg,5045621351617_2.jpg,5045621351617_3.jpg,5045621351617_4.jpg,5045621351617_5.jpg,5045621351617_6.jpg,5045621351617_7.jpg,5045621351617_11.jpg",inactive,Brown,8089428
5045621351648,5045621351617_1.jpg,"5045621351617_1.jpg,5045621351617_2.jpg,5045621351617_3.jpg,5045621351617_4.jpg,5045621351617_5.jpg,5045621351617_6.jpg,5045621351617_7.jpg,5045621351617_11.jpg",inactive,Brown,8089428
5045621351679,5045621351617_1.jpg,"5045621351617_1.jpg,5045621351617_2.jpg,5045621351617_3.jpg,5045621351617_4.jpg,5045621351617_5.jpg,5045621351617_6.jpg,5045621351617_7.jpg,5045621351617_11.jpg",inactive,Brown,8089428
5045621351709,5045621351617_1.jpg,"5045621351617_1.jpg,5045621351617_2.jpg,5045621351617_3.jpg,5045621351617_4.jpg,5045621351617_5.jpg,5045621351617_6.jpg,5045621351617_7.jpg,5045621351617_11.jpg",inactive,Brown,8089428
5045626280653,5045626280653_1.jpg,"5045626280653_1.jpg,5045626280653_2.jpg,5045626280653_3.jpg,5045626280653_4.jpg,5045626280653_5.jpg,5045626280653_6.jpg,5045626280653_11.jpg",active,Beige,8087603
5045626280684,5045626280653_1.jpg,"5045626280653_1.jpg,5045626280653_2.jpg,5045626280653_3.jpg,5045626280653_4.jpg,5045626280653_5.jpg,5045626280653_6.jpg,5045626280653_11.jpg",active,Beige,8087603
5045626280714,5045626280653_1.jpg,"5045626280653_1.jpg,5045626280653_2.jpg,5045626280653_3.jpg,5045626280653_4.jpg,5045626280653_5.jpg,5045626280653_6.jpg,5045626280653_11.jpg",active,Beige,8087603
5045626280745,5045626280653_1.jpg,"5045626280653_1.jpg,5045626280653_2.jpg,5045626280653_3.jpg,5045626280653_4.jpg,5045626280653_5.jpg,5045626280653_6.jpg,5045626280653_11.jpg",active,Beige,8087603
5045626280776,5045626280653_1.jpg,"5045626280653_1.jpg,5045626280653_2.jpg,5045626280653_3.jpg,5045626280653_4.jpg,5045626280653_5.jpg,5045626280653_6.jpg,5045626280653_11.jpg",active,Beige,8087603
5045626280806,5045626280653_1.jpg,"5045626280653_1.jpg,5045626280653_2.jpg,5045626280653_3.jpg,5045626280653_4.jpg,5045626280653_5.jpg,5045626280653_6.jpg,5045626280653_11.jpg",active,Beige,8087603
5045626280837,5045626280653_1.jpg,"5045626280653_1.jpg,5045626280653_2.jpg,5045626280653_3.jpg,5045626280653_4.jpg,5045626280653_5.jpg,5045626280653_6.jpg,5045626280653_11.jpg",active,Beige,8087603
5045626280868,5045626280653_1.jpg,"5045626280653_1.jpg,5045626280653_2.jpg,5045626280653_3.jpg,5045626280653_4.jpg,5045626280653_5.jpg,5045626280653_6.jpg,5045626280653_11.jpg",active,Beige,8087603
5045626280899,5045626280653_1.jpg,"5045626280653_1.jpg,5045626280653_2.jpg,5045626280653_3.jpg,5045626280653_4.jpg,5045626280653_5.jpg,5045626280653_6.jpg,5045626280653_11.jpg",active,Beige,8087603
5045626280929,5045626280653_1.jpg,"5045626280653_1.jpg,5045626280653_2.jpg,5045626280653_3.jpg,5045626280653_4.jpg,5045626280653_5.jpg,5045626280653_6.jpg,5045626280653_11.jpg",active,Beige,8087603
5045626280950,5045626280653_1.jpg,"5045626280653_1.jpg,5045626280653_2.jpg,5045626280653_3.jpg,5045626280653_4.jpg,5045626280653_5.jpg,5045626280653_6.jpg,5045626280653_11.jpg",active,Beige,8087603
5045626280981,5045626280653_1.jpg,"5045626280653_1.jpg,5045626280653_2.jpg,5045626280653_3.jpg,5045626280653_4.jpg,5045626280653_5.jpg,5045626280653_6.jpg,5045626280653_11.jpg",active,Beige,8087603
5045626281018,5045626280653_1.jpg,"5045626280653_1.jpg,5045626280653_2.jpg,5045626280653_3.jpg,5045626280653_4.jpg,5045626280653_5.jpg,5045626280653_6.jpg,5045626280653_11.jpg",active,Beige,8087603
5045626281049,5045626280653_1.jpg,"5045626280653_1.jpg,5045626280653_2.jpg,5045626280653_3.jpg,5045626280653_4.jpg,5045626280653_5.jpg,5045626280653_6.jpg,5045626280653_11.jpg",active,Beige,8087603
5045626281070,5045626280653_1.jpg,"5045626280653_1.jpg,5045626280653_2.jpg,5045626280653_3.jpg,5045626280653_4.jpg,5045626280653_5.jpg,5045626280653_6.jpg,5045626280653_11.jpg",active,Beige,8087603
5045626281100,5045626280653_1.jpg,"5045626280653_1.jpg,5045626280653_2.jpg,5045626280653_3.jpg,5045626280653_4.jpg,5045626280653_5.jpg,5045626280653_6.jpg,5045626280653_11.jpg",active,Beige,8087603
5045626281131,5045626280653_1.jpg,"5045626280653_1.jpg,5045626280653_2.jpg,5045626280653_3.jpg,5045626280653_4.jpg,5045626280653_5.jpg,5045626280653_6.jpg,5045626280653_11.jpg",active,Beige,8087603
5045626281162,5045626280653_1.jpg,"5045626280653_1.jpg,5045626280653_2.jpg,5045626280653_3.jpg,5045626280653_4.jpg,5045626280653_5.jpg,5045626280653_6.jpg,5045626280653_11.jpg",active,Beige,8087603
5045626281193,5045626280653_1.jpg,"5045626280653_1.jpg,5045626280653_2.jpg,5045626280653_3.jpg,5045626280653_4.jpg,5045626280653_5.jpg,5045626280653_6.jpg,5045626280653_11.jpg",active,Beige,8087603
5045626281223,5045626280653_1.jpg,"5045626280653_1.jpg,5045626280653_2.jpg,5045626280653_3.jpg,5045626280653_4.jpg,5045626280653_5.jpg,5045626280653_6.jpg,5045626280653_11.jpg",active,Beige,8087603
5045626288123,5045626288123_1.jpg,"5045626288123_1.jpg,5045626288123_2.jpg,5045626288123_3.jpg,5045626288123_4.jpg,5045626288123_5.jpg,5045626288123_6.jpg,5045626288123_7.jpg,5045626288123_8.jpg,5045626288123_11.jpg",active,Brown,8089431
5045627093467,5045627093467_1.jpg,"5045627093467_1.jpg,5045627093467_2.jpg,5045627093467_3.jpg,5045627093467_4.jpg,5045627093467_5.jpg,5045627093467_6.jpg,5045627093467_11.jpg",active,Brown,8087516
5045627093498,5045627093467_1.jpg,"5045627093467_1.jpg,5045627093467_2.jpg,5045627093467_3.jpg,5045627093467_4.jpg,5045627093467_5.jpg,5045627093467_6.jpg,5045627093467_11.jpg",active,Brown,8087516
5045627093528,5045627093467_1.jpg,"5045627093467_1.jpg,5045627093467_2.jpg,5045627093467_3.jpg,5045627093467_4.jpg,5045627093467_5.jpg,5045627093467_6.jpg,5045627093467_11.jpg",active,Brown,8087516
5045627093559,5045627093467_1.jpg,"5045627093467_1.jpg,5045627093467_2.jpg,5045627093467_3.jpg,5045627093467_4.jpg,5045627093467_5.jpg,5045627093467_6.jpg,5045627093467_11.jpg",active,Brown,8087516
5045627093580,5045627093467_1.jpg,"5045627093467_1.jpg,5045627093467_2.jpg,5045627093467_3.jpg,5045627093467_4.jpg,5045627093467_5.jpg,5045627093467_6.jpg,5045627093467_11.jpg",active,Brown,8087516
5045627093610,5045627093467_1.jpg,"5045627093467_1.jpg,5045627093467_2.jpg,5045627093467_3.jpg,5045627093467_4.jpg,5045627093467_5.jpg,5045627093467_6.jpg,5045627093467_11.jpg",active,Brown,8087516
5045627093641,5045627093467_1.jpg,"5045627093467_1.jpg,5045627093467_2.jpg,5045627093467_3.jpg,5045627093467_4.jpg,5045627093467_5.jpg,5045627093467_6.jpg,5045627093467_11.jpg",active,Brown,8087516
5045627093672,5045627093467_1.jpg,"5045627093467_1.jpg,5045627093467_2.jpg,5045627093467_3.jpg,5045627093467_4.jpg,5045627093467_5.jpg,5045627093467_6.jpg,5045627093467_11.jpg",active,Brown,8087516
5045623206649,5045623206649_1.jpg,"5045623206649_1.jpg,5045623206649_2.jpg,5045623206649_3.jpg,5045623206649_4.jpg,5045623206649_5.jpg,5045623206649_6.jpg,5045623206649_7.jpg,5045623206649_11.jpg",active,Yellow,8087549
5045623206670,5045623206649_1.jpg,"5045623206649_1.jpg,5045623206649_2.jpg,5045623206649_3.jpg,5045623206649_4.jpg,5045623206649_5.jpg,5045623206649_6.jpg,5045623206649_7.jpg,5045623206649_11.jpg",active,Yellow,8087549
5045623268708,5045623206649_1.jpg,"5045623206649_1.jpg,5045623206649_2.jpg,5045623206649_3.jpg,5045623206649_4.jpg,5045623206649_5.jpg,5045623206649_6.jpg,5045623206649_7.jpg,5045623206649_11.jpg",active,Yellow,8087549
5045623268739,5045623206649_1.jpg,"5045623206649_1.jpg,5045623206649_2.jpg,5045623206649_3.jpg,5045623206649_4.jpg,5045623206649_5.jpg,5045623206649_6.jpg,5045623206649_7.jpg,5045623206649_11.jpg",active,Yellow,8087549
5045623268760,5045623206649_1.jpg,"5045623206649_1.jpg,5045623206649_2.jpg,5045623206649_3.jpg,5045623206649_4.jpg,5045623206649_5.jpg,5045623206649_6.jpg,5045623206649_7.jpg,5045623206649_11.jpg",active,Yellow,8087549
5045623268791,5045623206649_1.jpg,"5045623206649_1.jpg,5045623206649_2.jpg,5045623206649_3.jpg,5045623206649_4.jpg,5045623206649_5.jpg,5045623206649_6.jpg,5045623206649_7.jpg,5045623206649_11.jpg",active,Yellow,8087549
5045623268821,5045623206649_1.jpg,"5045623206649_1.jpg,5045623206649_2.jpg,5045623206649_3.jpg,5045623206649_4.jpg,5045623206649_5.jpg,5045623206649_6.jpg,5045623206649_7.jpg,5045623206649_11.jpg",active,Yellow,8087549
5045623268852,5045623206649_1.jpg,"5045623206649_1.jpg,5045623206649_2.jpg,5045623206649_3.jpg,5045623206649_4.jpg,5045623206649_5.jpg,5045623206649_6.jpg,5045623206649_7.jpg,5045623206649_11.jpg",active,Yellow,8087549
5045623268883,5045623206649_1.jpg,"5045623206649_1.jpg,5045623206649_2.jpg,5045623206649_3.jpg,5045623206649_4.jpg,5045623206649_5.jpg,5045623206649_6.jpg,5045623206649_7.jpg,5045623206649_11.jpg",active,Yellow,8087549
5045623268913,5045623206649_1.jpg,"5045623206649_1.jpg,5045623206649_2.jpg,5045623206649_3.jpg,5045623206649_4.jpg,5045623206649_5.jpg,5045623206649_6.jpg,5045623206649_7.jpg,5045623206649_11.jpg",active,Yellow,8087549
5045621217029,5045621217029_1.jpg,"5045621217029_1.jpg,5045621217029_2.jpg,5045621217029_3.jpg,5045621217029_4.jpg,5045621217029_5.jpg,5045621217029_6.jpg,5045621217029_11.jpg",active,Beige,8087613
5045621217050,5045621217029_1.jpg,"5045621217029_1.jpg,5045621217029_2.jpg,5045621217029_3.jpg,5045621217029_4.jpg,5045621217029_5.jpg,5045621217029_6.jpg,5045621217029_11.jpg",active,Beige,8087613
5045621217081,5045621217029_1.jpg,"5045621217029_1.jpg,5045621217029_2.jpg,5045621217029_3.jpg,5045621217029_4.jpg,5045621217029_5.jpg,5045621217029_6.jpg,5045621217029_11.jpg",active,Beige,8087613
5045621217111,5045621217029_1.jpg,"5045621217029_1.jpg,5045621217029_2.jpg,5045621217029_3.jpg,5045621217029_4.jpg,5045621217029_5.jpg,5045621217029_6.jpg,5045621217029_11.jpg",active,Beige,8087613
5045621217142,5045621217029_1.jpg,"5045621217029_1.jpg,5045621217029_2.jpg,5045621217029_3.jpg,5045621217029_4.jpg,5045621217029_5.jpg,5045621217029_6.jpg,5045621217029_11.jpg",active,Beige,8087613
5045621217173,5045621217029_1.jpg,"5045621217029_1.jpg,5045621217029_2.jpg,5045621217029_3.jpg,5045621217029_4.jpg,5045621217029_5.jpg,5045621217029_6.jpg,5045621217029_11.jpg",active,Beige,8087613
5045621217203,5045621217029_1.jpg,"5045621217029_1.jpg,5045621217029_2.jpg,5045621217029_3.jpg,5045621217029_4.jpg,5045621217029_5.jpg,5045621217029_6.jpg,5045621217029_11.jpg",active,Beige,8087613
5045621217234,5045621217029_1.jpg,"5045621217029_1.jpg,5045621217029_2.jpg,5045621217029_3.jpg,5045621217029_4.jpg,5045621217029_5.jpg,5045621217029_6.jpg,5045621217029_11.jpg",active,Beige,8087613
5045621217265,5045621217029_1.jpg,"5045621217029_1.jpg,5045621217029_2.jpg,5045621217029_3.jpg,5045621217029_4.jpg,5045621217029_5.jpg,5045621217029_6.jpg,5045621217029_11.jpg",active,Beige,8087613
5045621217296,5045621217029_1.jpg,"5045621217029_1.jpg,5045621217029_2.jpg,5045621217029_3.jpg,5045621217029_4.jpg,5045621217029_5.jpg,5045621217029_6.jpg,5045621217029_11.jpg",active,Beige,8087613
5045621217326,5045621217029_1.jpg,"5045621217029_1.jpg,5045621217029_2.jpg,5045621217029_3.jpg,5045621217029_4.jpg,5045621217029_5.jpg,5045621217029_6.jpg,5045621217029_11.jpg",active,Beige,8087613
5045621217357,5045621217029_1.jpg,"5045621217029_1.jpg,5045621217029_2.jpg,5045621217029_3.jpg,5045621217029_4.jpg,5045621217029_5.jpg,5045621217029_6.jpg,5045621217029_11.jpg",active,Beige,8087613
5045621217388,5045621217029_1.jpg,"5045621217029_1.jpg,5045621217029_2.jpg,5045621217029_3.jpg,5045621217029_4.jpg,5045621217029_5.jpg,5045621217029_6.jpg,5045621217029_11.jpg",active,Beige,8087613
5045559263440,5045559263440_1.jpg,"5045559263440_1.jpg,5045559263440_2.jpg,5045559263440_3.jpg,5045559263440_4.jpg,5045559263440_5.jpg,5045559263440_6.jpg,5045559263440_11.jpg",active,Beige,8087440
5045559266601,5045559263440_1.jpg,"5045559263440_1.jpg,5045559263440_2.jpg,5045559263440_3.jpg,5045559263440_4.jpg,5045559263440_5.jpg,5045559263440_6.jpg,5045559263440_11.jpg",active,Beige,8087440
5045559266663,5045559263440_1.jpg,"5045559263440_1.jpg,5045559263440_2.jpg,5045559263440_3.jpg,5045559263440_4.jpg,5045559263440_5.jpg,5045559263440_6.jpg,5045559263440_11.jpg",active,Beige,8087440
5045559266724,5045559263440_1.jpg,"5045559263440_1.jpg,5045559263440_2.jpg,5045559263440_3.jpg,5045559263440_4.jpg,5045559263440_5.jpg,5045559263440_6.jpg,5045559263440_11.jpg",active,Beige,8087440
5045559266786,5045559263440_1.jpg,"5045559263440_1.jpg,5045559263440_2.jpg,5045559263440_3.jpg,5045559263440_4.jpg,5045559263440_5.jpg,5045559263440_6.jpg,5045559263440_11.jpg",active,Beige,8087440
5045559266847,5045559263440_1.jpg,"5045559263440_1.jpg,5045559263440_2.jpg,5045559263440_3.jpg,5045559263440_4.jpg,5045559263440_5.jpg,5045559263440_6.jpg,5045559263440_11.jpg",active,Beige,8087440
5045559266908,5045559263440_1.jpg,"5045559263440_1.jpg,5045559263440_2.jpg,5045559263440_3.jpg,5045559263440_4.jpg,5045559263440_5.jpg,5045559263440_6.jpg,5045559263440_11.jpg",active,Beige,8087440
5045625711448,5045625711448_1.jpg,"5045625711448_1.jpg,5045625711448_2.jpg,5045625711448_3.jpg,5045625711448_4.jpg,5045625711448_5.jpg,5045625711448_6.jpg,5045625711448_11.jpg",active,White,8087455
5045625711479,5045625711448_1.jpg,"5045625711448_1.jpg,5045625711448_2.jpg,5045625711448_3.jpg,5045625711448_4.jpg,5045625711448_5.jpg,5045625711448_6.jpg,5045625711448_11.jpg",active,White,8087455
5045625711509,5045625711448_1.jpg,"5045625711448_1.jpg,5045625711448_2.jpg,5045625711448_3.jpg,5045625711448_4.jpg,5045625711448_5.jpg,5045625711448_6.jpg,5045625711448_11.jpg",active,White,8087455
5045625711530,5045625711448_1.jpg,"5045625711448_1.jpg,5045625711448_2.jpg,5045625711448_3.jpg,5045625711448_4.jpg,5045625711448_5.jpg,5045625711448_6.jpg,5045625711448_11.jpg",active,White,8087455
5045625711561,5045625711448_1.jpg,"5045625711448_1.jpg,5045625711448_2.jpg,5045625711448_3.jpg,5045625711448_4.jpg,5045625711448_5.jpg,5045625711448_6.jpg,5045625711448_11.jpg",active,White,8087455
5045625711592,5045625711448_1.jpg,"5045625711448_1.jpg,5045625711448_2.jpg,5045625711448_3.jpg,5045625711448_4.jpg,5045625711448_5.jpg,5045625711448_6.jpg,5045625711448_11.jpg",active,White,8087455
5045625711622,5045625711448_1.jpg,"5045625711448_1.jpg,5045625711448_2.jpg,5045625711448_3.jpg,5045625711448_4.jpg,5045625711448_5.jpg,5045625711448_6.jpg,5045625711448_11.jpg",active,White,8087455
5045625711653,5045625711448_1.jpg,"5045625711448_1.jpg,5045625711448_2.jpg,5045625711448_3.jpg,5045625711448_4.jpg,5045625711448_5.jpg,5045625711448_6.jpg,5045625711448_11.jpg",active,White,8087455
5045625711684,5045625711448_1.jpg,"5045625711448_1.jpg,5045625711448_2.jpg,5045625711448_3.jpg,5045625711448_4.jpg,5045625711448_5.jpg,5045625711448_6.jpg,5045625711448_11.jpg",active,White,8087455
5045622956934,5045622956934_1.jpg,"5045622956934_1.jpg,5045622956934_2.jpg,5045622956934_3.jpg,5045622956934_4.jpg,5045622956934_5.jpg,5045622956934_6.jpg,5045622956934_7.jpg,5045622956934_8.jpg,5045622956934_11.jpg",active,Black,8087489
5045622956996,5045622956934_1.jpg,"5045622956934_1.jpg,5045622956934_2.jpg,5045622956934_3.jpg,5045622956934_4.jpg,5045622956934_5.jpg,5045622956934_6.jpg,5045622956934_7.jpg,5045622956934_8.jpg,5045622956934_11.jpg",active,Black,8087489
5045622957054,5045622956934_1.jpg,"5045622956934_1.jpg,5045622956934_2.jpg,5045622956934_3.jpg,5045622956934_4.jpg,5045622956934_5.jpg,5045622956934_6.jpg,5045622956934_7.jpg,5045622956934_8.jpg,5045622956934_11.jpg",active,Black,8087489
5045622957115,5045622956934_1.jpg,"5045622956934_1.jpg,5045622956934_2.jpg,5045622956934_3.jpg,5045622956934_4.jpg,5045622956934_5.jpg,5045622956934_6.jpg,5045622956934_7.jpg,5045622956934_8.jpg,5045622956934_11.jpg",active,Black,8087489
5045622957177,5045622956934_1.jpg,"5045622956934_1.jpg,5045622956934_2.jpg,5045622956934_3.jpg,5045622956934_4.jpg,5045622956934_5.jpg,5045622956934_6.jpg,5045622956934_7.jpg,5045622956934_8.jpg,5045622956934_11.jpg",active,Black,8087489
5045622957238,5045622956934_1.jpg,"5045622956934_1.jpg,5045622956934_2.jpg,5045622956934_3.jpg,5045622956934_4.jpg,5045622956934_5.jpg,5045622956934_6.jpg,5045622956934_7.jpg,5045622956934_8.jpg,5045622956934_11.jpg",active,Black,8087489
5045622957290,5045622956934_1.jpg,"5045622956934_1.jpg,5045622956934_2.jpg,5045622956934_3.jpg,5045622956934_4.jpg,5045622956934_5.jpg,5045622956934_6.jpg,5045622956934_7.jpg,5045622956934_8.jpg,5045622956934_11.jpg",active,Black,8087489
5045622957320,5045622956934_1.jpg,"5045622956934_1.jpg,5045622956934_2.jpg,5045622956934_3.jpg,5045622956934_4.jpg,5045622956934_5.jpg,5045622956934_6.jpg,5045622956934_7.jpg,5045622956934_8.jpg,5045622956934_11.jpg",active,Black,8087489
5045622957382,5045622956934_1.jpg,"5045622956934_1.jpg,5045622956934_2.jpg,5045622956934_3.jpg,5045622956934_4.jpg,5045622956934_5.jpg,5045622956934_6.jpg,5045622956934_7.jpg,5045622956934_8.jpg,5045622956934_11.jpg",active,Black,8087489
5045627263631,5045627263631_1.jpg,"5045627263631_1.jpg,5045627263631_2.jpg,5045627263631_3.jpg,5045627263631_4.jpg,5045627263631_5.jpg,5045627263631_6.jpg,5045627263631_7.jpg,5045627263631_11.jpg",active,Black,8087457
5045627263662,5045627263631_1.jpg,"5045627263631_1.jpg,5045627263631_2.jpg,5045627263631_3.jpg,5045627263631_4.jpg,5045627263631_5.jpg,5045627263631_6.jpg,5045627263631_7.jpg,5045627263631_11.jpg",active,Black,8087457
5045627263693,5045627263631_1.jpg,"5045627263631_1.jpg,5045627263631_2.jpg,5045627263631_3.jpg,5045627263631_4.jpg,5045627263631_5.jpg,5045627263631_6.jpg,5045627263631_7.jpg,5045627263631_11.jpg",active,Black,8087457
5045627263723,5045627263631_1.jpg,"5045627263631_1.jpg,5045627263631_2.jpg,5045627263631_3.jpg,5045627263631_4.jpg,5045627263631_5.jpg,5045627263631_6.jpg,5045627263631_7.jpg,5045627263631_11.jpg",active,Black,8087457
5045627263754,5045627263631_1.jpg,"5045627263631_1.jpg,5045627263631_2.jpg,5045627263631_3.jpg,5045627263631_4.jpg,5045627263631_5.jpg,5045627263631_6.jpg,5045627263631_7.jpg,5045627263631_11.jpg",active,Black,8087457
5045627263785,5045627263631_1.jpg,"5045627263631_1.jpg,5045627263631_2.jpg,5045627263631_3.jpg,5045627263631_4.jpg,5045627263631_5.jpg,5045627263631_6.jpg,5045627263631_7.jpg,5045627263631_11.jpg",active,Black,8087457
5045627263815,5045627263631_1.jpg,"5045627263631_1.jpg,5045627263631_2.jpg,5045627263631_3.jpg,5045627263631_4.jpg,5045627263631_5.jpg,5045627263631_6.jpg,5045627263631_7.jpg,5045627263631_11.jpg",active,Black,8087457
5045627263846,5045627263631_1.jpg,"5045627263631_1.jpg,5045627263631_2.jpg,5045627263631_3.jpg,5045627263631_4.jpg,5045627263631_5.jpg,5045627263631_6.jpg,5045627263631_7.jpg,5045627263631_11.jpg",active,Black,8087457
5045559029435,5045559029435_1.jpg,"5045559029435_1.jpg,5045559029435_2.jpg,5045559029435_3.jpg,5045559029435_4.jpg,5045559029435_5.jpg,5045559029435_11.jpg",active,Blue,8089210
5045559029466,5045559029435_1.jpg,"5045559029435_1.jpg,5045559029435_2.jpg,5045559029435_3.jpg,5045559029435_4.jpg,5045559029435_5.jpg,5045559029435_11.jpg",active,Blue,8089210
5045559029497,5045559029435_1.jpg,"5045559029435_1.jpg,5045559029435_2.jpg,5045559029435_3.jpg,5045559029435_4.jpg,5045559029435_5.jpg,5045559029435_11.jpg",active,Blue,8089210
5045559029527,5045559029435_1.jpg,"5045559029435_1.jpg,5045559029435_2.jpg,5045559029435_3.jpg,5045559029435_4.jpg,5045559029435_5.jpg,5045559029435_11.jpg",active,Blue,8089210
5045559029558,5045559029435_1.jpg,"5045559029435_1.jpg,5045559029435_2.jpg,5045559029435_3.jpg,5045559029435_4.jpg,5045559029435_5.jpg,5045559029435_11.jpg",active,Blue,8089210
5045559029589,5045559029435_1.jpg,"5045559029435_1.jpg,5045559029435_2.jpg,5045559029435_3.jpg,5045559029435_4.jpg,5045559029435_5.jpg,5045559029435_11.jpg",active,Blue,8089210
5045559029619,5045559029435_1.jpg,"5045559029435_1.jpg,5045559029435_2.jpg,5045559029435_3.jpg,5045559029435_4.jpg,5045559029435_5.jpg,5045559029435_11.jpg",active,Blue,8089210
5045559029640,5045559029435_1.jpg,"5045559029435_1.jpg,5045559029435_2.jpg,5045559029435_3.jpg,5045559029435_4.jpg,5045559029435_5.jpg,5045559029435_11.jpg",active,Blue,8089210
5045559029671,5045559029435_1.jpg,"5045559029435_1.jpg,5045559029435_2.jpg,5045559029435_3.jpg,5045559029435_4.jpg,5045559029435_5.jpg,5045559029435_11.jpg",active,Blue,8089210
5045626000848,5045626000848_1.jpg,"5045626000848_1.jpg,5045626000848_2.jpg,5045626000848_3.jpg,5045626000848_4.jpg,5045626000848_5.jpg,5045626000848_11.jpg",active,Black,8087545
5045626000879,5045626000848_1.jpg,"5045626000848_1.jpg,5045626000848_2.jpg,5045626000848_3.jpg,5045626000848_4.jpg,5045626000848_5.jpg,5045626000848_11.jpg",active,Black,8087545
5045626000909,5045626000848_1.jpg,"5045626000848_1.jpg,5045626000848_2.jpg,5045626000848_3.jpg,5045626000848_4.jpg,5045626000848_5.jpg,5045626000848_11.jpg",active,Black,8087545
5045626000930,5045626000848_1.jpg,"5045626000848_1.jpg,5045626000848_2.jpg,5045626000848_3.jpg,5045626000848_4.jpg,5045626000848_5.jpg,5045626000848_11.jpg",active,Black,8087545
5045626000961,5045626000848_1.jpg,"5045626000848_1.jpg,5045626000848_2.jpg,5045626000848_3.jpg,5045626000848_4.jpg,5045626000848_5.jpg,5045626000848_11.jpg",active,Black,8087545
5045626001029,5045626000848_1.jpg,"5045626000848_1.jpg,5045626000848_2.jpg,5045626000848_3.jpg,5045626000848_4.jpg,5045626000848_5.jpg,5045626000848_11.jpg",active,Black,8087545
5045622602510,5045622602510_1.jpg,"5045622602510_1.jpg,5045622602510_2.jpg,5045622602510_3.jpg,5045622602510_4.jpg,5045622602510_11.jpg",active,Beige,8087587
5045622602541,5045622602510_1.jpg,"5045622602510_1.jpg,5045622602510_2.jpg,5045622602510_3.jpg,5045622602510_4.jpg,5045622602510_11.jpg",active,Beige,8087587
5045622602572,5045622602510_1.jpg,"5045622602510_1.jpg,5045622602510_2.jpg,5045622602510_3.jpg,5045622602510_4.jpg,5045622602510_11.jpg",active,Beige,8087587
5045626414324,5045626414324_1.jpg,"5045626414324_1.jpg,5045626414324_2.jpg,5045626414324_3.jpg,5045626414324_4.jpg,5045626414324_5.jpg,5045626414324_6.jpg,5045626414324_11.jpg",active,Beige,8089454
5045627524541,5045627524541_1.jpg,"5045627524541_1.jpg,5045627524541_2.jpg,5045627524541_3.jpg,5045627524541_4.jpg,5045627524541_5.jpg,5045627524541_6.jpg,5045627524541_7.jpg,5045627524541_11.jpg",active,Beige,8089439
5045627524572,5045627524541_1.jpg,"5045627524541_1.jpg,5045627524541_2.jpg,5045627524541_3.jpg,5045627524541_4.jpg,5045627524541_5.jpg,5045627524541_6.jpg,5045627524541_7.jpg,5045627524541_11.jpg",active,Beige,8089439
5045627524602,5045627524541_1.jpg,"5045627524541_1.jpg,5045627524541_2.jpg,5045627524541_3.jpg,5045627524541_4.jpg,5045627524541_5.jpg,5045627524541_6.jpg,5045627524541_7.jpg,5045627524541_11.jpg",active,Beige,8089439
5045627524633,5045627524541_1.jpg,"5045627524541_1.jpg,5045627524541_2.jpg,5045627524541_3.jpg,5045627524541_4.jpg,5045627524541_5.jpg,5045627524541_6.jpg,5045627524541_7.jpg,5045627524541_11.jpg",active,Beige,8089439
5045627524664,5045627524541_1.jpg,"5045627524541_1.jpg,5045627524541_2.jpg,5045627524541_3.jpg,5045627524541_4.jpg,5045627524541_5.jpg,5045627524541_6.jpg,5045627524541_7.jpg,5045627524541_11.jpg",active,Beige,8089439
5045625883527,5045625883527_1.jpg,"5045625883527_1.jpg,5045625883527_2.jpg,5045625883527_3.jpg,5045625883527_4.jpg,5045625883527_5.jpg,5045625883527_11.jpg",active,Black,8089297
5045627556566,5045627556566_1.jpg,"5045627556566_1.jpg,5045627556566_2.jpg,5045627556566_3.jpg,5045627556566_4.jpg,5045627556566_5.jpg,5045627556566_6.jpg,5045627556566_7.jpg,5045627556566_11.jpg",active,Miscellaneous,8089406
5045627261200,5045627261200_1.jpg,"5045627261200_1.jpg,5045627261200_2.jpg,5045627261200_3.jpg,5045627261200_4.jpg,5045627261200_5.jpg,5045627261200_6.jpg,5045627261200_7.jpg,5045627261200_11.jpg",active,Black,8087362
5045627261231,5045627261200_1.jpg,"5045627261200_1.jpg,5045627261200_2.jpg,5045627261200_3.jpg,5045627261200_4.jpg,5045627261200_5.jpg,5045627261200_6.jpg,5045627261200_7.jpg,5045627261200_11.jpg",active,Black,8087362
5045627261262,5045627261200_1.jpg,"5045627261200_1.jpg,5045627261200_2.jpg,5045627261200_3.jpg,5045627261200_4.jpg,5045627261200_5.jpg,5045627261200_6.jpg,5045627261200_7.jpg,5045627261200_11.jpg",active,Black,8087362
5045627261293,5045627261200_1.jpg,"5045627261200_1.jpg,5045627261200_2.jpg,5045627261200_3.jpg,5045627261200_4.jpg,5045627261200_5.jpg,5045627261200_6.jpg,5045627261200_7.jpg,5045627261200_11.jpg",active,Black,8087362
5045627261323,5045627261200_1.jpg,"5045627261200_1.jpg,5045627261200_2.jpg,5045627261200_3.jpg,5045627261200_4.jpg,5045627261200_5.jpg,5045627261200_6.jpg,5045627261200_7.jpg,5045627261200_11.jpg",active,Black,8087362
5045627261354,5045627261200_1.jpg,"5045627261200_1.jpg,5045627261200_2.jpg,5045627261200_3.jpg,5045627261200_4.jpg,5045627261200_5.jpg,5045627261200_6.jpg,5045627261200_7.jpg,5045627261200_11.jpg",active,Black,8087362
5045627261385,5045627261200_1.jpg,"5045627261200_1.jpg,5045627261200_2.jpg,5045627261200_3.jpg,5045627261200_4.jpg,5045627261200_5.jpg,5045627261200_6.jpg,5045627261200_7.jpg,5045627261200_11.jpg",active,Black,8087362
5045627261415,5045627261200_1.jpg,"5045627261200_1.jpg,5045627261200_2.jpg,5045627261200_3.jpg,5045627261200_4.jpg,5045627261200_5.jpg,5045627261200_6.jpg,5045627261200_7.jpg,5045627261200_11.jpg",active,Black,8087362
5045627261446,5045627261200_1.jpg,"5045627261200_1.jpg,5045627261200_2.jpg,5045627261200_3.jpg,5045627261200_4.jpg,5045627261200_5.jpg,5045627261200_6.jpg,5045627261200_7.jpg,5045627261200_11.jpg",active,Black,8087362
5045625888560,5045625888560_1.jpg,"5045625888560_1.jpg,5045625888560_2.jpg,5045625888560_3.jpg,5045625888560_4.jpg,5045625888560_5.jpg,5045625888560_6.jpg,5045625888560_11.jpg",active,Beige,8087588
5045625888591,5045625888560_1.jpg,"5045625888560_1.jpg,5045625888560_2.jpg,5045625888560_3.jpg,5045625888560_4.jpg,5045625888560_5.jpg,5045625888560_6.jpg,5045625888560_11.jpg",active,Beige,8087588
5045625888621,5045625888560_1.jpg,"5045625888560_1.jpg,5045625888560_2.jpg,5045625888560_3.jpg,5045625888560_4.jpg,5045625888560_5.jpg,5045625888560_6.jpg,5045625888560_11.jpg",active,Beige,8087588
5045625888652,5045625888560_1.jpg,"5045625888560_1.jpg,5045625888560_2.jpg,5045625888560_3.jpg,5045625888560_4.jpg,5045625888560_5.jpg,5045625888560_6.jpg,5045625888560_11.jpg",active,Beige,8087588
5045625888683,5045625888560_1.jpg,"5045625888560_1.jpg,5045625888560_2.jpg,5045625888560_3.jpg,5045625888560_4.jpg,5045625888560_5.jpg,5045625888560_6.jpg,5045625888560_11.jpg",active,Beige,8087588
5045625888713,5045625888560_1.jpg,"5045625888560_1.jpg,5045625888560_2.jpg,5045625888560_3.jpg,5045625888560_4.jpg,5045625888560_5.jpg,5045625888560_6.jpg,5045625888560_11.jpg",active,Beige,8087588
5045625888744,5045625888560_1.jpg,"5045625888560_1.jpg,5045625888560_2.jpg,5045625888560_3.jpg,5045625888560_4.jpg,5045625888560_5.jpg,5045625888560_6.jpg,5045625888560_11.jpg",active,Beige,8087588
5045625888775,5045625888560_1.jpg,"5045625888560_1.jpg,5045625888560_2.jpg,5045625888560_3.jpg,5045625888560_4.jpg,5045625888560_5.jpg,5045625888560_6.jpg,5045625888560_11.jpg",active,Beige,8087588
5045559779569,5045559779569_1.jpg,"5045559779569_1.jpg,5045559779569_2.jpg,5045559779569_3.jpg,5045559779569_4.jpg,5045559779569_5.jpg,5045559779569_6.jpg,5045559779569_7.jpg,5045559779569_11.jpg",active,Beige,8087594
5045559779590,5045559779569_1.jpg,"5045559779569_1.jpg,5045559779569_2.jpg,5045559779569_3.jpg,5045559779569_4.jpg,5045559779569_5.jpg,5045559779569_6.jpg,5045559779569_7.jpg,5045559779569_11.jpg",active,Beige,8087594
5045559779620,5045559779569_1.jpg,"5045559779569_1.jpg,5045559779569_2.jpg,5045559779569_3.jpg,5045559779569_4.jpg,5045559779569_5.jpg,5045559779569_6.jpg,5045559779569_7.jpg,5045559779569_11.jpg",active,Beige,8087594
5045559779651,5045559779569_1.jpg,"5045559779569_1.jpg,5045559779569_2.jpg,5045559779569_3.jpg,5045559779569_4.jpg,5045559779569_5.jpg,5045559779569_6.jpg,5045559779569_7.jpg,5045559779569_11.jpg",active,Beige,8087594
5045559779682,5045559779569_1.jpg,"5045559779569_1.jpg,5045559779569_2.jpg,5045559779569_3.jpg,5045559779569_4.jpg,5045559779569_5.jpg,5045559779569_6.jpg,5045559779569_7.jpg,5045559779569_11.jpg",active,Beige,8087594
5045559779712,5045559779569_1.jpg,"5045559779569_1.jpg,5045559779569_2.jpg,5045559779569_3.jpg,5045559779569_4.jpg,5045559779569_5.jpg,5045559779569_6.jpg,5045559779569_7.jpg,5045559779569_11.jpg",active,Beige,8087594
5045559779743,5045559779569_1.jpg,"5045559779569_1.jpg,5045559779569_2.jpg,5045559779569_3.jpg,5045559779569_4.jpg,5045559779569_5.jpg,5045559779569_6.jpg,5045559779569_7.jpg,5045559779569_11.jpg",active,Beige,8087594
5045559779774,5045559779569_1.jpg,"5045559779569_1.jpg,5045559779569_2.jpg,5045559779569_3.jpg,5045559779569_4.jpg,5045559779569_5.jpg,5045559779569_6.jpg,5045559779569_7.jpg,5045559779569_11.jpg",active,Beige,8087594
5045559779804,5045559779569_1.jpg,"5045559779569_1.jpg,5045559779569_2.jpg,5045559779569_3.jpg,5045559779569_4.jpg,5045559779569_5.jpg,5045559779569_6.jpg,5045559779569_7.jpg,5045559779569_11.jpg",active,Beige,8087594
5045559779835,5045559779569_1.jpg,"5045559779569_1.jpg,5045559779569_2.jpg,5045559779569_3.jpg,5045559779569_4.jpg,5045559779569_5.jpg,5045559779569_6.jpg,5045559779569_7.jpg,5045559779569_11.jpg",active,Beige,8087594
5045559779866,5045559779569_1.jpg,"5045559779569_1.jpg,5045559779569_2.jpg,5045559779569_3.jpg,5045559779569_4.jpg,5045559779569_5.jpg,5045559779569_6.jpg,5045559779569_7.jpg,5045559779569_11.jpg",active,Beige,8087594
5045559779897,5045559779569_1.jpg,"5045559779569_1.jpg,5045559779569_2.jpg,5045559779569_3.jpg,5045559779569_4.jpg,5045559779569_5.jpg,5045559779569_6.jpg,5045559779569_7.jpg,5045559779569_11.jpg",active,Beige,8087594
5045559779927,5045559779569_1.jpg,"5045559779569_1.jpg,5045559779569_2.jpg,5045559779569_3.jpg,5045559779569_4.jpg,5045559779569_5.jpg,5045559779569_6.jpg,5045559779569_7.jpg,5045559779569_11.jpg",active,Beige,8087594
5045559779958,5045559779569_1.jpg,"5045559779569_1.jpg,5045559779569_2.jpg,5045559779569_3.jpg,5045559779569_4.jpg,5045559779569_5.jpg,5045559779569_6.jpg,5045559779569_7.jpg,5045559779569_11.jpg",active,Beige,8087594
5045559779989,5045559779569_1.jpg,"5045559779569_1.jpg,5045559779569_2.jpg,5045559779569_3.jpg,5045559779569_4.jpg,5045559779569_5.jpg,5045559779569_6.jpg,5045559779569_7.jpg,5045559779569_11.jpg",active,Beige,8087594
5045559780015,5045559779569_1.jpg,"5045559779569_1.jpg,5045559779569_2.jpg,5045559779569_3.jpg,5045559779569_4.jpg,5045559779569_5.jpg,5045559779569_6.jpg,5045559779569_7.jpg,5045559779569_11.jpg",active,Beige,8087594
5045623758889,5045559779569_1.jpg,"5045559779569_1.jpg,5045559779569_2.jpg,5045559779569_3.jpg,5045559779569_4.jpg,5045559779569_5.jpg,5045559779569_6.jpg,5045559779569_7.jpg,5045559779569_11.jpg",active,Beige,8087594
5045623758919,5045559779569_1.jpg,"5045559779569_1.jpg,5045559779569_2.jpg,5045559779569_3.jpg,5045559779569_4.jpg,5045559779569_5.jpg,5045559779569_6.jpg,5045559779569_7.jpg,5045559779569_11.jpg",active,Beige,8087594
5045623758940,5045559779569_1.jpg,"5045559779569_1.jpg,5045559779569_2.jpg,5045559779569_3.jpg,5045559779569_4.jpg,5045559779569_5.jpg,5045559779569_6.jpg,5045559779569_7.jpg,5045559779569_11.jpg",active,Beige,8087594
5045623758971,5045559779569_1.jpg,"5045559779569_1.jpg,5045559779569_2.jpg,5045559779569_3.jpg,5045559779569_4.jpg,5045559779569_5.jpg,5045559779569_6.jpg,5045559779569_7.jpg,5045559779569_11.jpg",active,Beige,8087594
5045626337517,5045626337517_1.jpg,"5045626337517_1.jpg,5045626337517_2.jpg,5045626337517_3.jpg,5045626337517_4.jpg,5045626337517_5.jpg,5045626337517_6.jpg,5045626337517_11.jpg",active,Black,8087422
5045626337548,5045626337517_1.jpg,"5045626337517_1.jpg,5045626337517_2.jpg,5045626337517_3.jpg,5045626337517_4.jpg,5045626337517_5.jpg,5045626337517_6.jpg,5045626337517_11.jpg",active,Black,8087422
5045626337579,5045626337517_1.jpg,"5045626337517_1.jpg,5045626337517_2.jpg,5045626337517_3.jpg,5045626337517_4.jpg,5045626337517_5.jpg,5045626337517_6.jpg,5045626337517_11.jpg",active,Black,8087422
5045626337609,5045626337517_1.jpg,"5045626337517_1.jpg,5045626337517_2.jpg,5045626337517_3.jpg,5045626337517_4.jpg,5045626337517_5.jpg,5045626337517_6.jpg,5045626337517_11.jpg",active,Black,8087422
5045626337630,5045626337517_1.jpg,"5045626337517_1.jpg,5045626337517_2.jpg,5045626337517_3.jpg,5045626337517_4.jpg,5045626337517_5.jpg,5045626337517_6.jpg,5045626337517_11.jpg",active,Black,8087422
5045626337661,5045626337517_1.jpg,"5045626337517_1.jpg,5045626337517_2.jpg,5045626337517_3.jpg,5045626337517_4.jpg,5045626337517_5.jpg,5045626337517_6.jpg,5045626337517_11.jpg",active,Black,8087422
5045626337692,5045626337517_1.jpg,"5045626337517_1.jpg,5045626337517_2.jpg,5045626337517_3.jpg,5045626337517_4.jpg,5045626337517_5.jpg,5045626337517_6.jpg,5045626337517_11.jpg",active,Black,8087422
5045626337722,5045626337517_1.jpg,"5045626337517_1.jpg,5045626337517_2.jpg,5045626337517_3.jpg,5045626337517_4.jpg,5045626337517_5.jpg,5045626337517_6.jpg,5045626337517_11.jpg",active,Black,8087422
5045559862407,5045559862407_1.jpg,"5045559862407_1.jpg,5045559862407_2.jpg,5045559862407_3.jpg,5045559862407_4.jpg,5045559862407_5.jpg,5045559862407_6.jpg,5045559862407_7.jpg,5045559862407_11.jpg",active,Brown,8087401
5045559862438,5045559862407_1.jpg,"5045559862407_1.jpg,5045559862407_2.jpg,5045559862407_3.jpg,5045559862407_4.jpg,5045559862407_5.jpg,5045559862407_6.jpg,5045559862407_7.jpg,5045559862407_11.jpg",active,Brown,8087401
5045559862469,5045559862407_1.jpg,"5045559862407_1.jpg,5045559862407_2.jpg,5045559862407_3.jpg,5045559862407_4.jpg,5045559862407_5.jpg,5045559862407_6.jpg,5045559862407_7.jpg,5045559862407_11.jpg",active,Brown,8087401
5045559862490,5045559862407_1.jpg,"5045559862407_1.jpg,5045559862407_2.jpg,5045559862407_3.jpg,5045559862407_4.jpg,5045559862407_5.jpg,5045559862407_6.jpg,5045559862407_7.jpg,5045559862407_11.jpg",active,Brown,8087401
5045559862520,5045559862407_1.jpg,"5045559862407_1.jpg,5045559862407_2.jpg,5045559862407_3.jpg,5045559862407_4.jpg,5045559862407_5.jpg,5045559862407_6.jpg,5045559862407_7.jpg,5045559862407_11.jpg",active,Brown,8087401
5045559862551,5045559862407_1.jpg,"5045559862407_1.jpg,5045559862407_2.jpg,5045559862407_3.jpg,5045559862407_4.jpg,5045559862407_5.jpg,5045559862407_6.jpg,5045559862407_7.jpg,5045559862407_11.jpg",active,Brown,8087401
5045559862582,5045559862407_1.jpg,"5045559862407_1.jpg,5045559862407_2.jpg,5045559862407_3.jpg,5045559862407_4.jpg,5045559862407_5.jpg,5045559862407_6.jpg,5045559862407_7.jpg,5045559862407_11.jpg",active,Brown,8087401
5045559862612,5045559862407_1.jpg,"5045559862407_1.jpg,5045559862407_2.jpg,5045559862407_3.jpg,5045559862407_4.jpg,5045559862407_5.jpg,5045559862407_6.jpg,5045559862407_7.jpg,5045559862407_11.jpg",active,Brown,8087401
5045559862643,5045559862407_1.jpg,"5045559862407_1.jpg,5045559862407_2.jpg,5045559862407_3.jpg,5045559862407_4.jpg,5045559862407_5.jpg,5045559862407_6.jpg,5045559862407_7.jpg,5045559862407_11.jpg",active,Brown,8087401
5045622964557,5045559862407_1.jpg,"5045559862407_1.jpg,5045559862407_2.jpg,5045559862407_3.jpg,5045559862407_4.jpg,5045559862407_5.jpg,5045559862407_6.jpg,5045559862407_7.jpg,5045559862407_11.jpg",active,Brown,8087401
5045625882308,5045625882308_1.jpg,"5045625882308_1.jpg,5045625882308_2.jpg,5045625882308_3.jpg,5045625882308_4.jpg,5045625882308_5.jpg,5045625882308_6.jpg,5045625882308_11.jpg",active,White,8087451
5045625882339,5045625882308_1.jpg,"5045625882308_1.jpg,5045625882308_2.jpg,5045625882308_3.jpg,5045625882308_4.jpg,5045625882308_5.jpg,5045625882308_6.jpg,5045625882308_11.jpg",active,White,8087451
5045625882360,5045625882308_1.jpg,"5045625882308_1.jpg,5045625882308_2.jpg,5045625882308_3.jpg,5045625882308_4.jpg,5045625882308_5.jpg,5045625882308_6.jpg,5045625882308_11.jpg",active,White,8087451
5045625882391,5045625882308_1.jpg,"5045625882308_1.jpg,5045625882308_2.jpg,5045625882308_3.jpg,5045625882308_4.jpg,5045625882308_5.jpg,5045625882308_6.jpg,5045625882308_11.jpg",active,White,8087451
5045625882421,5045625882308_1.jpg,"5045625882308_1.jpg,5045625882308_2.jpg,5045625882308_3.jpg,5045625882308_4.jpg,5045625882308_5.jpg,5045625882308_6.jpg,5045625882308_11.jpg",active,White,8087451
5045625882452,5045625882308_1.jpg,"5045625882308_1.jpg,5045625882308_2.jpg,5045625882308_3.jpg,5045625882308_4.jpg,5045625882308_5.jpg,5045625882308_6.jpg,5045625882308_11.jpg",active,White,8087451
5045625882483,5045625882308_1.jpg,"5045625882308_1.jpg,5045625882308_2.jpg,5045625882308_3.jpg,5045625882308_4.jpg,5045625882308_5.jpg,5045625882308_6.jpg,5045625882308_11.jpg",active,White,8087451
5045627092538,5045627092538_1.jpg,"5045627092538_1.jpg,5045627092538_2.jpg,5045627092538_3.jpg,5045627092538_4.jpg,5045627092538_5.jpg,5045627092538_6.jpg,5045627092538_11.jpg",active,Brown,8087453
5045627092569,5045627092538_1.jpg,"5045627092538_1.jpg,5045627092538_2.jpg,5045627092538_3.jpg,5045627092538_4.jpg,5045627092538_5.jpg,5045627092538_6.jpg,5045627092538_11.jpg",active,Brown,8087453
5045627092590,5045627092538_1.jpg,"5045627092538_1.jpg,5045627092538_2.jpg,5045627092538_3.jpg,5045627092538_4.jpg,5045627092538_5.jpg,5045627092538_6.jpg,5045627092538_11.jpg",active,Brown,8087453
5045627092620,5045627092538_1.jpg,"5045627092538_1.jpg,5045627092538_2.jpg,5045627092538_3.jpg,5045627092538_4.jpg,5045627092538_5.jpg,5045627092538_6.jpg,5045627092538_11.jpg",active,Brown,8087453
5045627092651,5045627092538_1.jpg,"5045627092538_1.jpg,5045627092538_2.jpg,5045627092538_3.jpg,5045627092538_4.jpg,5045627092538_5.jpg,5045627092538_6.jpg,5045627092538_11.jpg",active,Brown,8087453
5045627092682,5045627092538_1.jpg,"5045627092538_1.jpg,5045627092538_2.jpg,5045627092538_3.jpg,5045627092538_4.jpg,5045627092538_5.jpg,5045627092538_6.jpg,5045627092538_11.jpg",active,Brown,8087453
5045627092712,5045627092538_1.jpg,"5045627092538_1.jpg,5045627092538_2.jpg,5045627092538_3.jpg,5045627092538_4.jpg,5045627092538_5.jpg,5045627092538_6.jpg,5045627092538_11.jpg",active,Brown,8087453
5045627092743,5045627092538_1.jpg,"5045627092538_1.jpg,5045627092538_2.jpg,5045627092538_3.jpg,5045627092538_4.jpg,5045627092538_5.jpg,5045627092538_6.jpg,5045627092538_11.jpg",active,Brown,8087453
5045625193947,5045625193947_1.jpg,"5045625193947_1.jpg,5045625193947_2.jpg,5045625193947_3.jpg,5045625193947_4.jpg,5045625193947_5.jpg,5045625193947_6.jpg,5045625193947_11.jpg",active,Black,8087622
5045625193978,5045625193947_1.jpg,"5045625193947_1.jpg,5045625193947_2.jpg,5045625193947_3.jpg,5045625193947_4.jpg,5045625193947_5.jpg,5045625193947_6.jpg,5045625193947_11.jpg",active,Black,8087622
5045625194005,5045625193947_1.jpg,"5045625193947_1.jpg,5045625193947_2.jpg,5045625193947_3.jpg,5045625193947_4.jpg,5045625193947_5.jpg,5045625193947_6.jpg,5045625193947_11.jpg",active,Black,8087622
5045625194036,5045625193947_1.jpg,"5045625193947_1.jpg,5045625193947_2.jpg,5045625193947_3.jpg,5045625193947_4.jpg,5045625193947_5.jpg,5045625193947_6.jpg,5045625193947_11.jpg",active,Black,8087622
5045625194067,5045625193947_1.jpg,"5045625193947_1.jpg,5045625193947_2.jpg,5045625193947_3.jpg,5045625193947_4.jpg,5045625193947_5.jpg,5045625193947_6.jpg,5045625193947_11.jpg",active,Black,8087622
5045625194098,5045625193947_1.jpg,"5045625193947_1.jpg,5045625193947_2.jpg,5045625193947_3.jpg,5045625193947_4.jpg,5045625193947_5.jpg,5045625193947_6.jpg,5045625193947_11.jpg",active,Black,8087622
5045625194128,5045625193947_1.jpg,"5045625193947_1.jpg,5045625193947_2.jpg,5045625193947_3.jpg,5045625193947_4.jpg,5045625193947_5.jpg,5045625193947_6.jpg,5045625193947_11.jpg",active,Black,8087622
5045626205380,5045626205380_1.jpg,"5045626205380_1.jpg,5045626205380_2.jpg,5045626205380_3.jpg,5045626205380_4.jpg,5045626205380_5.jpg,5045626205380_6.jpg,5045626205380_7.jpg,5045626205380_8.jpg,5045626205380_11.jpg",active,Grey,8089377
5045625943894,5045625943894_1.jpg,"5045625943894_1.jpg,5045625943894_2.jpg,5045625943894_3.jpg,5045625943894_4.jpg,5045625943894_5.jpg,5045625943894_6.jpg,5045625943894_7.jpg,5045625943894_8.jpg,5045625943894_11.jpg",inactive,Green,8089295
5045627643129,5045627643129_1.jpg,"5045627643129_1.jpg,5045627643129_2.jpg,5045627643129_3.jpg,5045627643129_4.jpg,5045627643129_5.jpg,5045627643129_11.jpg",active,Brown,8089223
5045627643150,5045627643129_1.jpg,"5045627643129_1.jpg,5045627643129_2.jpg,5045627643129_3.jpg,5045627643129_4.jpg,5045627643129_5.jpg,5045627643129_11.jpg",active,Brown,8089223
5045627643181,5045627643129_1.jpg,"5045627643129_1.jpg,5045627643129_2.jpg,5045627643129_3.jpg,5045627643129_4.jpg,5045627643129_5.jpg,5045627643129_11.jpg",active,Brown,8089223
5045627643211,5045627643129_1.jpg,"5045627643129_1.jpg,5045627643129_2.jpg,5045627643129_3.jpg,5045627643129_4.jpg,5045627643129_5.jpg,5045627643129_11.jpg",active,Brown,8089223
5045627643242,5045627643129_1.jpg,"5045627643129_1.jpg,5045627643129_2.jpg,5045627643129_3.jpg,5045627643129_4.jpg,5045627643129_5.jpg,5045627643129_11.jpg",active,Brown,8089223
5045627643273,5045627643129_1.jpg,"5045627643129_1.jpg,5045627643129_2.jpg,5045627643129_3.jpg,5045627643129_4.jpg,5045627643129_5.jpg,5045627643129_11.jpg",active,Brown,8089223
5045627643303,5045627643129_1.jpg,"5045627643129_1.jpg,5045627643129_2.jpg,5045627643129_3.jpg,5045627643129_4.jpg,5045627643129_5.jpg,5045627643129_11.jpg",active,Brown,8089223
5045627643334,5045627643129_1.jpg,"5045627643129_1.jpg,5045627643129_2.jpg,5045627643129_3.jpg,5045627643129_4.jpg,5045627643129_5.jpg,5045627643129_11.jpg",active,Brown,8089223
5045627643365,5045627643129_1.jpg,"5045627643129_1.jpg,5045627643129_2.jpg,5045627643129_3.jpg,5045627643129_4.jpg,5045627643129_5.jpg,5045627643129_11.jpg",active,Brown,8089223
5045627643396,5045627643129_1.jpg,"5045627643129_1.jpg,5045627643129_2.jpg,5045627643129_3.jpg,5045627643129_4.jpg,5045627643129_5.jpg,5045627643129_11.jpg",active,Brown,8089223
5045626982823,5045626982823_1.jpg,"5045626982823_1.jpg,5045626982823_2.jpg,5045626982823_3.jpg,5045626982823_4.jpg,5045626982823_5.jpg,5045626982823_6.jpg,5045626982823_11.jpg",active,Beige,8089238
5045622371973,5045622371973_1.jpg,"5045622371973_1.jpg,5045622371973_2.jpg,5045622371973_3.jpg,5045622371973_4.jpg,5045622371973_5.jpg,5045622371973_11.jpg",active,Black,8089217
5045622372000,5045622371973_1.jpg,"5045622371973_1.jpg,5045622371973_2.jpg,5045622371973_3.jpg,5045622371973_4.jpg,5045622371973_5.jpg,5045622371973_11.jpg",active,Black,8089217
5045622372031,5045622371973_1.jpg,"5045622371973_1.jpg,5045622371973_2.jpg,5045622371973_3.jpg,5045622371973_4.jpg,5045622371973_5.jpg,5045622371973_11.jpg",active,Black,8089217
5045622372062,5045622371973_1.jpg,"5045622371973_1.jpg,5045622371973_2.jpg,5045622371973_3.jpg,5045622371973_4.jpg,5045622371973_5.jpg,5045622371973_11.jpg",active,Black,8089217
5045622372093,5045622371973_1.jpg,"5045622371973_1.jpg,5045622371973_2.jpg,5045622371973_3.jpg,5045622371973_4.jpg,5045622371973_5.jpg,5045622371973_11.jpg",active,Black,8089217
5045622372123,5045622371973_1.jpg,"5045622371973_1.jpg,5045622371973_2.jpg,5045622371973_3.jpg,5045622371973_4.jpg,5045622371973_5.jpg,5045622371973_11.jpg",active,Black,8089217
5045622372154,5045622371973_1.jpg,"5045622371973_1.jpg,5045622371973_2.jpg,5045622371973_3.jpg,5045622371973_4.jpg,5045622371973_5.jpg,5045622371973_11.jpg",active,Black,8089217
5045627447673,5045627447673_1.jpg,"5045627447673_1.jpg,5045627447673_2.jpg,5045627447673_3.jpg,5045627447673_4.jpg,5045627447673_5.jpg,5045627447673_11.jpg",active,Brown,8087400
5045627447703,5045627447673_1.jpg,"5045627447673_1.jpg,5045627447673_2.jpg,5045627447673_3.jpg,5045627447673_4.jpg,5045627447673_5.jpg,5045627447673_11.jpg",active,Brown,8087400
5045627447734,5045627447673_1.jpg,"5045627447673_1.jpg,5045627447673_2.jpg,5045627447673_3.jpg,5045627447673_4.jpg,5045627447673_5.jpg,5045627447673_11.jpg",active,Brown,8087400
5045627447765,5045627447673_1.jpg,"5045627447673_1.jpg,5045627447673_2.jpg,5045627447673_3.jpg,5045627447673_4.jpg,5045627447673_5.jpg,5045627447673_11.jpg",active,Brown,8087400
5045627447796,5045627447673_1.jpg,"5045627447673_1.jpg,5045627447673_2.jpg,5045627447673_3.jpg,5045627447673_4.jpg,5045627447673_5.jpg,5045627447673_11.jpg",active,Brown,8087400
5045627447826,5045627447673_1.jpg,"5045627447673_1.jpg,5045627447673_2.jpg,5045627447673_3.jpg,5045627447673_4.jpg,5045627447673_5.jpg,5045627447673_11.jpg",active,Brown,8087400
5045627447857,5045627447673_1.jpg,"5045627447673_1.jpg,5045627447673_2.jpg,5045627447673_3.jpg,5045627447673_4.jpg,5045627447673_5.jpg,5045627447673_11.jpg",active,Brown,8087400
5045627447888,5045627447673_1.jpg,"5045627447673_1.jpg,5045627447673_2.jpg,5045627447673_3.jpg,5045627447673_4.jpg,5045627447673_5.jpg,5045627447673_11.jpg",active,Brown,8087400
5045627426852,5045627426852_1.jpg,"5045627426852_1.jpg,5045627426852_2.jpg,5045627426852_3.jpg,5045627426852_4.jpg,5045627426852_5.jpg,5045627426852_6.jpg,5045627426852_7.jpg,5045627426852_11.jpg",active,Black,8089398
5045625386141,5045625386141_1.jpg,"5045625386141_1.jpg,5045625386141_2.jpg,5045625386141_3.jpg,5045625386141_4.jpg,5045625386141_5.jpg,5045625386141_6.jpg,5045625386141_11.jpg",active,Beige,8087456
5045625386172,5045625386141_1.jpg,"5045625386141_1.jpg,5045625386141_2.jpg,5045625386141_3.jpg,5045625386141_4.jpg,5045625386141_5.jpg,5045625386141_6.jpg,5045625386141_11.jpg",active,Beige,8087456
5045625386202,5045625386141_1.jpg,"5045625386141_1.jpg,5045625386141_2.jpg,5045625386141_3.jpg,5045625386141_4.jpg,5045625386141_5.jpg,5045625386141_6.jpg,5045625386141_11.jpg",active,Beige,8087456
5045625386233,5045625386141_1.jpg,"5045625386141_1.jpg,5045625386141_2.jpg,5045625386141_3.jpg,5045625386141_4.jpg,5045625386141_5.jpg,5045625386141_6.jpg,5045625386141_11.jpg",active,Beige,8087456
5045625386264,5045625386141_1.jpg,"5045625386141_1.jpg,5045625386141_2.jpg,5045625386141_3.jpg,5045625386141_4.jpg,5045625386141_5.jpg,5045625386141_6.jpg,5045625386141_11.jpg",active,Beige,8087456
5045625386295,5045625386141_1.jpg,"5045625386141_1.jpg,5045625386141_2.jpg,5045625386141_3.jpg,5045625386141_4.jpg,5045625386141_5.jpg,5045625386141_6.jpg,5045625386141_11.jpg",active,Beige,8087456
5045625386325,5045625386141_1.jpg,"5045625386141_1.jpg,5045625386141_2.jpg,5045625386141_3.jpg,5045625386141_4.jpg,5045625386141_5.jpg,5045625386141_6.jpg,5045625386141_11.jpg",active,Beige,8087456
5045623529328,5045623529328_1.jpg,"5045623529328_1.jpg,5045623529328_2.jpg,5045623529328_3.jpg,5045623529328_4.jpg,5045623529328_5.jpg,5045623529328_6.jpg,5045623529328_7.jpg,5045623529328_8.jpg,5045623529328_11.jpg",active,Black,8087340
5045623529359,5045623529328_1.jpg,"5045623529328_1.jpg,5045623529328_2.jpg,5045623529328_3.jpg,5045623529328_4.jpg,5045623529328_5.jpg,5045623529328_6.jpg,5045623529328_7.jpg,5045623529328_8.jpg,5045623529328_11.jpg",active,Black,8087340
5045623529380,5045623529328_1.jpg,"5045623529328_1.jpg,5045623529328_2.jpg,5045623529328_3.jpg,5045623529328_4.jpg,5045623529328_5.jpg,5045623529328_6.jpg,5045623529328_7.jpg,5045623529328_8.jpg,5045623529328_11.jpg",active,Black,8087340
5045623529410,5045623529328_1.jpg,"5045623529328_1.jpg,5045623529328_2.jpg,5045623529328_3.jpg,5045623529328_4.jpg,5045623529328_5.jpg,5045623529328_6.jpg,5045623529328_7.jpg,5045623529328_8.jpg,5045623529328_11.jpg",active,Black,8087340
5045623529441,5045623529328_1.jpg,"5045623529328_1.jpg,5045623529328_2.jpg,5045623529328_3.jpg,5045623529328_4.jpg,5045623529328_5.jpg,5045623529328_6.jpg,5045623529328_7.jpg,5045623529328_8.jpg,5045623529328_11.jpg",active,Black,8087340
5045623529472,5045623529328_1.jpg,"5045623529328_1.jpg,5045623529328_2.jpg,5045623529328_3.jpg,5045623529328_4.jpg,5045623529328_5.jpg,5045623529328_6.jpg,5045623529328_7.jpg,5045623529328_8.jpg,5045623529328_11.jpg",active,Black,8087340
5045623529502,5045623529328_1.jpg,"5045623529328_1.jpg,5045623529328_2.jpg,5045623529328_3.jpg,5045623529328_4.jpg,5045623529328_5.jpg,5045623529328_6.jpg,5045623529328_7.jpg,5045623529328_8.jpg,5045623529328_11.jpg",active,Black,8087340
5045626415406,5045626415406_1.jpg,"5045626415406_1.jpg,5045626415406_2.jpg,5045626415406_3.jpg,5045626415406_4.jpg,5045626415406_5.jpg,5045626415406_6.jpg,5045626415406_11.jpg",active,Brown,8089405
5045625949452,5045625949452_1.jpg,"5045625949452_1.jpg,5045625949452_2.jpg,5045625949452_3.jpg,5045625949452_4.jpg,5045625949452_5.jpg,5045625949452_6.jpg,5045625949452_7.jpg,5045625949452_8.jpg,5045625949452_11.jpg",active,Blue,8089434
5045627574768,5045627574768_1.jpg,"5045627574768_1.jpg,5045627574768_2.jpg,5045627574768_3.jpg,5045627574768_4.jpg,5045627574768_5.jpg,5045627574768_6.jpg,5045627574768_11.jpg",active,Green,8089304
5045553780875,5045553780875_1.jpg,"5045553780875_1.jpg,5045553780875_2.jpg,5045553780875_3.jpg,5045553780875_4.jpg,5045553780875_5.jpg,5045553780875_6.jpg,5045553780875_7.jpg,5045553780875_8.jpg,5045553780875_9.jpg,5045553780875_10.jpg,5045553780875_11.jpg",active,Black,8087454
5045553780905,5045553780875_1.jpg,"5045553780875_1.jpg,5045553780875_2.jpg,5045553780875_3.jpg,5045553780875_4.jpg,5045553780875_5.jpg,5045553780875_6.jpg,5045553780875_7.jpg,5045553780875_8.jpg,5045553780875_9.jpg,5045553780875_10.jpg,5045553780875_11.jpg",active,Black,8087454
5045553780936,5045553780875_1.jpg,"5045553780875_1.jpg,5045553780875_2.jpg,5045553780875_3.jpg,5045553780875_4.jpg,5045553780875_5.jpg,5045553780875_6.jpg,5045553780875_7.jpg,5045553780875_8.jpg,5045553780875_9.jpg,5045553780875_10.jpg,5045553780875_11.jpg",active,Black,8087454
5045553780967,5045553780875_1.jpg,"5045553780875_1.jpg,5045553780875_2.jpg,5045553780875_3.jpg,5045553780875_4.jpg,5045553780875_5.jpg,5045553780875_6.jpg,5045553780875_7.jpg,5045553780875_8.jpg,5045553780875_9.jpg,5045553780875_10.jpg,5045553780875_11.jpg",active,Black,8087454
5045553780998,5045553780875_1.jpg,"5045553780875_1.jpg,5045553780875_2.jpg,5045553780875_3.jpg,5045553780875_4.jpg,5045553780875_5.jpg,5045553780875_6.jpg,5045553780875_7.jpg,5045553780875_8.jpg,5045553780875_9.jpg,5045553780875_10.jpg,5045553780875_11.jpg",active,Black,8087454
5045553781025,5045553780875_1.jpg,"5045553780875_1.jpg,5045553780875_2.jpg,5045553780875_3.jpg,5045553780875_4.jpg,5045553780875_5.jpg,5045553780875_6.jpg,5045553780875_7.jpg,5045553780875_8.jpg,5045553780875_9.jpg,5045553780875_10.jpg,5045553780875_11.jpg",active,Black,8087454
5045553781056,5045553780875_1.jpg,"5045553780875_1.jpg,5045553780875_2.jpg,5045553780875_3.jpg,5045553780875_4.jpg,5045553780875_5.jpg,5045553780875_6.jpg,5045553780875_7.jpg,5045553780875_8.jpg,5045553780875_9.jpg,5045553780875_10.jpg,5045553780875_11.jpg",active,Black,8087454
5045553781087,5045553780875_1.jpg,"5045553780875_1.jpg,5045553780875_2.jpg,5045553780875_3.jpg,5045553780875_4.jpg,5045553780875_5.jpg,5045553780875_6.jpg,5045553780875_7.jpg,5045553780875_8.jpg,5045553780875_9.jpg,5045553780875_10.jpg,5045553780875_11.jpg",active,Black,8087454
5045553781117,5045553780875_1.jpg,"5045553780875_1.jpg,5045553780875_2.jpg,5045553780875_3.jpg,5045553780875_4.jpg,5045553780875_5.jpg,5045553780875_6.jpg,5045553780875_7.jpg,5045553780875_8.jpg,5045553780875_9.jpg,5045553780875_10.jpg,5045553780875_11.jpg",active,Black,8087454
5045622963208,5045553780875_1.jpg,"5045553780875_1.jpg,5045553780875_2.jpg,5045553780875_3.jpg,5045553780875_4.jpg,5045553780875_5.jpg,5045553780875_6.jpg,5045553780875_7.jpg,5045553780875_8.jpg,5045553780875_9.jpg,5045553780875_10.jpg,5045553780875_11.jpg",active,Black,8087454
5045626115856,5045626115856_1.jpg,"5045626115856_1.jpg,5045626115856_2.jpg,5045626115856_3.jpg,5045626115856_4.jpg,5045626115856_11.jpg",active,Blue,8089233
5045626115887,5045626115856_1.jpg,"5045626115856_1.jpg,5045626115856_2.jpg,5045626115856_3.jpg,5045626115856_4.jpg,5045626115856_11.jpg",active,Blue,8089233
5045626115917,5045626115856_1.jpg,"5045626115856_1.jpg,5045626115856_2.jpg,5045626115856_3.jpg,5045626115856_4.jpg,5045626115856_11.jpg",active,Blue,8089233
5045626115948,5045626115856_1.jpg,"5045626115856_1.jpg,5045626115856_2.jpg,5045626115856_3.jpg,5045626115856_4.jpg,5045626115856_11.jpg",active,Blue,8089233
5045626115979,5045626115856_1.jpg,"5045626115856_1.jpg,5045626115856_2.jpg,5045626115856_3.jpg,5045626115856_4.jpg,5045626115856_11.jpg",active,Blue,8089233
5045626116006,5045626115856_1.jpg,"5045626115856_1.jpg,5045626115856_2.jpg,5045626115856_3.jpg,5045626115856_4.jpg,5045626115856_11.jpg",active,Blue,8089233
5045626116037,5045626115856_1.jpg,"5045626115856_1.jpg,5045626115856_2.jpg,5045626115856_3.jpg,5045626115856_4.jpg,5045626115856_11.jpg",active,Blue,8089233
5045622579744,5045622579744_1.jpg,"5045622579744_1.jpg,5045622579744_2.jpg,5045622579744_3.jpg,5045622579744_4.jpg,5045622579744_11.jpg",active,Beige,8089239
5045626938219,5045626938219_1.jpg,"5045626938219_1.jpg,5045626938219_2.jpg,5045626938219_3.jpg,5045626938219_4.jpg,5045626938219_5.jpg,5045626938219_11.jpg",active,Black,8089237
5045626938240,5045626938219_1.jpg,"5045626938219_1.jpg,5045626938219_2.jpg,5045626938219_3.jpg,5045626938219_4.jpg,5045626938219_5.jpg,5045626938219_11.jpg",active,Black,8089237
5045626938271,5045626938219_1.jpg,"5045626938219_1.jpg,5045626938219_2.jpg,5045626938219_3.jpg,5045626938219_4.jpg,5045626938219_5.jpg,5045626938219_11.jpg",active,Black,8089237
5045626938301,5045626938219_1.jpg,"5045626938219_1.jpg,5045626938219_2.jpg,5045626938219_3.jpg,5045626938219_4.jpg,5045626938219_5.jpg,5045626938219_11.jpg",active,Black,8089237
5045626938332,5045626938219_1.jpg,"5045626938219_1.jpg,5045626938219_2.jpg,5045626938219_3.jpg,5045626938219_4.jpg,5045626938219_5.jpg,5045626938219_11.jpg",active,Black,8089237
5045626938363,5045626938219_1.jpg,"5045626938219_1.jpg,5045626938219_2.jpg,5045626938219_3.jpg,5045626938219_4.jpg,5045626938219_5.jpg,5045626938219_11.jpg",active,Black,8089237
5045626938394,5045626938219_1.jpg,"5045626938219_1.jpg,5045626938219_2.jpg,5045626938219_3.jpg,5045626938219_4.jpg,5045626938219_5.jpg,5045626938219_11.jpg",active,Black,8089237
5045626166827,5045626166827_1.jpg,"5045626166827_1.jpg,5045626166827_2.jpg,5045626166827_3.jpg,5045626166827_4.jpg,5045626166827_5.jpg,5045626166827_11.jpg",active,Black,8087411
5045626166858,5045626166827_1.jpg,"5045626166827_1.jpg,5045626166827_2.jpg,5045626166827_3.jpg,5045626166827_4.jpg,5045626166827_5.jpg,5045626166827_11.jpg",active,Black,8087411
5045626166889,5045626166827_1.jpg,"5045626166827_1.jpg,5045626166827_2.jpg,5045626166827_3.jpg,5045626166827_4.jpg,5045626166827_5.jpg,5045626166827_11.jpg",active,Black,8087411
5045626166919,5045626166827_1.jpg,"5045626166827_1.jpg,5045626166827_2.jpg,5045626166827_3.jpg,5045626166827_4.jpg,5045626166827_5.jpg,5045626166827_11.jpg",active,Black,8087411
5045626166940,5045626166827_1.jpg,"5045626166827_1.jpg,5045626166827_2.jpg,5045626166827_3.jpg,5045626166827_4.jpg,5045626166827_5.jpg,5045626166827_11.jpg",active,Black,8087411
5045626166971,5045626166827_1.jpg,"5045626166827_1.jpg,5045626166827_2.jpg,5045626166827_3.jpg,5045626166827_4.jpg,5045626166827_5.jpg,5045626166827_11.jpg",active,Black,8087411
5045626167008,5045626166827_1.jpg,"5045626166827_1.jpg,5045626166827_2.jpg,5045626166827_3.jpg,5045626166827_4.jpg,5045626166827_5.jpg,5045626166827_11.jpg",active,Black,8087411
5045626167039,5045626166827_1.jpg,"5045626166827_1.jpg,5045626166827_2.jpg,5045626166827_3.jpg,5045626166827_4.jpg,5045626166827_5.jpg,5045626166827_11.jpg",active,Black,8087411
5045626747606,5045626747606_1.jpg,"5045626747606_1.jpg,5045626747606_2.jpg,5045626747606_3.jpg,5045626747606_4.jpg,5045626747606_5.jpg,5045626747606_6.jpg,5045626747606_7.jpg,5045626747606_11.jpg",active,Grey,8087460
5045626747637,5045626747606_1.jpg,"5045626747606_1.jpg,5045626747606_2.jpg,5045626747606_3.jpg,5045626747606_4.jpg,5045626747606_5.jpg,5045626747606_6.jpg,5045626747606_7.jpg,5045626747606_11.jpg",active,Grey,8087460
5045626747668,5045626747606_1.jpg,"5045626747606_1.jpg,5045626747606_2.jpg,5045626747606_3.jpg,5045626747606_4.jpg,5045626747606_5.jpg,5045626747606_6.jpg,5045626747606_7.jpg,5045626747606_11.jpg",active,Grey,8087460
5045626747699,5045626747606_1.jpg,"5045626747606_1.jpg,5045626747606_2.jpg,5045626747606_3.jpg,5045626747606_4.jpg,5045626747606_5.jpg,5045626747606_6.jpg,5045626747606_7.jpg,5045626747606_11.jpg",active,Grey,8087460
5045626747729,5045626747606_1.jpg,"5045626747606_1.jpg,5045626747606_2.jpg,5045626747606_3.jpg,5045626747606_4.jpg,5045626747606_5.jpg,5045626747606_6.jpg,5045626747606_7.jpg,5045626747606_11.jpg",active,Grey,8087460
5045626747750,5045626747606_1.jpg,"5045626747606_1.jpg,5045626747606_2.jpg,5045626747606_3.jpg,5045626747606_4.jpg,5045626747606_5.jpg,5045626747606_6.jpg,5045626747606_7.jpg,5045626747606_11.jpg",active,Grey,8087460
5045626747781,5045626747606_1.jpg,"5045626747606_1.jpg,5045626747606_2.jpg,5045626747606_3.jpg,5045626747606_4.jpg,5045626747606_5.jpg,5045626747606_6.jpg,5045626747606_7.jpg,5045626747606_11.jpg",active,Grey,8087460
5045558738048,5045558738048_1.jpg,"5045558738048_1.jpg,5045558738048_2.jpg,5045558738048_3.jpg,5045558738048_4.jpg,5045558738048_5.jpg,5045558738048_6.jpg,5045558738048_7.jpg,5045558738048_11.jpg",active,Yellow,7824261
5045558738079,5045558738048_1.jpg,"5045558738048_1.jpg,5045558738048_2.jpg,5045558738048_3.jpg,5045558738048_4.jpg,5045558738048_5.jpg,5045558738048_6.jpg,5045558738048_7.jpg,5045558738048_11.jpg",active,Yellow,7824261
5045558738109,5045558738048_1.jpg,"5045558738048_1.jpg,5045558738048_2.jpg,5045558738048_3.jpg,5045558738048_4.jpg,5045558738048_5.jpg,5045558738048_6.jpg,5045558738048_7.jpg,5045558738048_11.jpg",active,Yellow,7824261
5045558738130,5045558738048_1.jpg,"5045558738048_1.jpg,5045558738048_2.jpg,5045558738048_3.jpg,5045558738048_4.jpg,5045558738048_5.jpg,5045558738048_6.jpg,5045558738048_7.jpg,5045558738048_11.jpg",active,Yellow,7824261
5045558738161,5045558738048_1.jpg,"5045558738048_1.jpg,5045558738048_2.jpg,5045558738048_3.jpg,5045558738048_4.jpg,5045558738048_5.jpg,5045558738048_6.jpg,5045558738048_7.jpg,5045558738048_11.jpg",active,Yellow,7824261
5045558738192,5045558738048_1.jpg,"5045558738048_1.jpg,5045558738048_2.jpg,5045558738048_3.jpg,5045558738048_4.jpg,5045558738048_5.jpg,5045558738048_6.jpg,5045558738048_7.jpg,5045558738048_11.jpg",active,Yellow,7824261
5045558738222,5045558738048_1.jpg,"5045558738048_1.jpg,5045558738048_2.jpg,5045558738048_3.jpg,5045558738048_4.jpg,5045558738048_5.jpg,5045558738048_6.jpg,5045558738048_7.jpg,5045558738048_11.jpg",active,Yellow,7824261
5045558738253,5045558738048_1.jpg,"5045558738048_1.jpg,5045558738048_2.jpg,5045558738048_3.jpg,5045558738048_4.jpg,5045558738048_5.jpg,5045558738048_6.jpg,5045558738048_7.jpg,5045558738048_11.jpg",active,Yellow,7824261
5045558738284,5045558738048_1.jpg,"5045558738048_1.jpg,5045558738048_2.jpg,5045558738048_3.jpg,5045558738048_4.jpg,5045558738048_5.jpg,5045558738048_6.jpg,5045558738048_7.jpg,5045558738048_11.jpg",active,Yellow,7824261
5045622963383,5045558738048_1.jpg,"5045558738048_1.jpg,5045558738048_2.jpg,5045558738048_3.jpg,5045558738048_4.jpg,5045558738048_5.jpg,5045558738048_6.jpg,5045558738048_7.jpg,5045558738048_11.jpg",active,Yellow,7824261
5045627315286,5045627315286_1.jpg,"5045627315286_1.jpg,5045627315286_2.jpg,5045627315286_3.jpg,5045627315286_4.jpg,5045627315286_5.jpg,5045627315286_11.jpg",active,Black,8087430
5045627315316,5045627315286_1.jpg,"5045627315286_1.jpg,5045627315286_2.jpg,5045627315286_3.jpg,5045627315286_4.jpg,5045627315286_5.jpg,5045627315286_11.jpg",active,Black,8087430
5045627315347,5045627315286_1.jpg,"5045627315286_1.jpg,5045627315286_2.jpg,5045627315286_3.jpg,5045627315286_4.jpg,5045627315286_5.jpg,5045627315286_11.jpg",active,Black,8087430
5045627315378,5045627315286_1.jpg,"5045627315286_1.jpg,5045627315286_2.jpg,5045627315286_3.jpg,5045627315286_4.jpg,5045627315286_5.jpg,5045627315286_11.jpg",active,Black,8087430
5045627315408,5045627315286_1.jpg,"5045627315286_1.jpg,5045627315286_2.jpg,5045627315286_3.jpg,5045627315286_4.jpg,5045627315286_5.jpg,5045627315286_11.jpg",active,Black,8087430
5045627315439,5045627315286_1.jpg,"5045627315286_1.jpg,5045627315286_2.jpg,5045627315286_3.jpg,5045627315286_4.jpg,5045627315286_5.jpg,5045627315286_11.jpg",active,Black,8087430
5045627315460,5045627315286_1.jpg,"5045627315286_1.jpg,5045627315286_2.jpg,5045627315286_3.jpg,5045627315286_4.jpg,5045627315286_5.jpg,5045627315286_11.jpg",active,Black,8087430
5045627315491,5045627315286_1.jpg,"5045627315286_1.jpg,5045627315286_2.jpg,5045627315286_3.jpg,5045627315286_4.jpg,5045627315286_5.jpg,5045627315286_11.jpg",active,Black,8087430
5045625830521,5045625830521_1.jpg,"5045625830521_1.jpg,5045625830521_2.jpg,5045625830521_3.jpg,5045625830521_4.jpg,5045625830521_5.jpg,5045625830521_6.jpg,5045625830521_7.jpg,5045625830521_8.jpg,5045625830521_9.jpg,5045625830521_11.jpg",inactive,Black,8089436
5045625830552,5045625830521_1.jpg,"5045625830521_1.jpg,5045625830521_2.jpg,5045625830521_3.jpg,5045625830521_4.jpg,5045625830521_5.jpg,5045625830521_6.jpg,5045625830521_7.jpg,5045625830521_8.jpg,5045625830521_9.jpg,5045625830521_11.jpg",inactive,Black,8089436
5045625830583,5045625830521_1.jpg,"5045625830521_1.jpg,5045625830521_2.jpg,5045625830521_3.jpg,5045625830521_4.jpg,5045625830521_5.jpg,5045625830521_6.jpg,5045625830521_7.jpg,5045625830521_8.jpg,5045625830521_9.jpg,5045625830521_11.jpg",inactive,Black,8089436
5045625830613,5045625830521_1.jpg,"5045625830521_1.jpg,5045625830521_2.jpg,5045625830521_3.jpg,5045625830521_4.jpg,5045625830521_5.jpg,5045625830521_6.jpg,5045625830521_7.jpg,5045625830521_8.jpg,5045625830521_9.jpg,5045625830521_11.jpg",inactive,Black,8089436
5045625830644,5045625830521_1.jpg,"5045625830521_1.jpg,5045625830521_2.jpg,5045625830521_3.jpg,5045625830521_4.jpg,5045625830521_5.jpg,5045625830521_6.jpg,5045625830521_7.jpg,5045625830521_8.jpg,5045625830521_9.jpg,5045625830521_11.jpg",inactive,Black,8089436
5045625830736,5045625830521_1.jpg,"5045625830521_1.jpg,5045625830521_2.jpg,5045625830521_3.jpg,5045625830521_4.jpg,5045625830521_5.jpg,5045625830521_6.jpg,5045625830521_7.jpg,5045625830521_8.jpg,5045625830521_9.jpg,5045625830521_11.jpg",inactive,Black,8089436
5045625830767,5045625830521_1.jpg,"5045625830521_1.jpg,5045625830521_2.jpg,5045625830521_3.jpg,5045625830521_4.jpg,5045625830521_5.jpg,5045625830521_6.jpg,5045625830521_7.jpg,5045625830521_8.jpg,5045625830521_9.jpg,5045625830521_11.jpg",inactive,Black,8089436
5045625830798,5045625830521_1.jpg,"5045625830521_1.jpg,5045625830521_2.jpg,5045625830521_3.jpg,5045625830521_4.jpg,5045625830521_5.jpg,5045625830521_6.jpg,5045625830521_7.jpg,5045625830521_8.jpg,5045625830521_9.jpg,5045625830521_11.jpg",inactive,Black,8089436
5045625830828,5045625830521_1.jpg,"5045625830521_1.jpg,5045625830521_2.jpg,5045625830521_3.jpg,5045625830521_4.jpg,5045625830521_5.jpg,5045625830521_6.jpg,5045625830521_7.jpg,5045625830521_8.jpg,5045625830521_9.jpg,5045625830521_11.jpg",inactive,Black,8089436
5045625830859,5045625830521_1.jpg,"5045625830521_1.jpg,5045625830521_2.jpg,5045625830521_3.jpg,5045625830521_4.jpg,5045625830521_5.jpg,5045625830521_6.jpg,5045625830521_7.jpg,5045625830521_8.jpg,5045625830521_9.jpg,5045625830521_11.jpg",inactive,Black,8089436
5045625344318,5045625344318_1.jpg,"5045625344318_1.jpg,5045625344318_2.jpg,5045625344318_3.jpg,5045625344318_4.jpg,5045625344318_5.jpg,5045625344318_6.jpg,5045625344318_7.jpg,5045625344318_8.jpg,5045625344318_11.jpg",active,Blue,8087505
5045625344349,5045625344318_1.jpg,"5045625344318_1.jpg,5045625344318_2.jpg,5045625344318_3.jpg,5045625344318_4.jpg,5045625344318_5.jpg,5045625344318_6.jpg,5045625344318_7.jpg,5045625344318_8.jpg,5045625344318_11.jpg",active,Blue,8087505
5045625344370,5045625344318_1.jpg,"5045625344318_1.jpg,5045625344318_2.jpg,5045625344318_3.jpg,5045625344318_4.jpg,5045625344318_5.jpg,5045625344318_6.jpg,5045625344318_7.jpg,5045625344318_8.jpg,5045625344318_11.jpg",active,Blue,8087505
5045625344400,5045625344318_1.jpg,"5045625344318_1.jpg,5045625344318_2.jpg,5045625344318_3.jpg,5045625344318_4.jpg,5045625344318_5.jpg,5045625344318_6.jpg,5045625344318_7.jpg,5045625344318_8.jpg,5045625344318_11.jpg",active,Blue,8087505
5045625344431,5045625344318_1.jpg,"5045625344318_1.jpg,5045625344318_2.jpg,5045625344318_3.jpg,5045625344318_4.jpg,5045625344318_5.jpg,5045625344318_6.jpg,5045625344318_7.jpg,5045625344318_8.jpg,5045625344318_11.jpg",active,Blue,8087505
5045625344462,5045625344318_1.jpg,"5045625344318_1.jpg,5045625344318_2.jpg,5045625344318_3.jpg,5045625344318_4.jpg,5045625344318_5.jpg,5045625344318_6.jpg,5045625344318_7.jpg,5045625344318_8.jpg,5045625344318_11.jpg",active,Blue,8087505
5045625344493,5045625344318_1.jpg,"5045625344318_1.jpg,5045625344318_2.jpg,5045625344318_3.jpg,5045625344318_4.jpg,5045625344318_5.jpg,5045625344318_6.jpg,5045625344318_7.jpg,5045625344318_8.jpg,5045625344318_11.jpg",active,Blue,8087505
5045625344523,5045625344318_1.jpg,"5045625344318_1.jpg,5045625344318_2.jpg,5045625344318_3.jpg,5045625344318_4.jpg,5045625344318_5.jpg,5045625344318_6.jpg,5045625344318_7.jpg,5045625344318_8.jpg,5045625344318_11.jpg",active,Blue,8087505
5045625344554,5045625344318_1.jpg,"5045625344318_1.jpg,5045625344318_2.jpg,5045625344318_3.jpg,5045625344318_4.jpg,5045625344318_5.jpg,5045625344318_6.jpg,5045625344318_7.jpg,5045625344318_8.jpg,5045625344318_11.jpg",active,Blue,8087505
5045625344585,5045625344318_1.jpg,"5045625344318_1.jpg,5045625344318_2.jpg,5045625344318_3.jpg,5045625344318_4.jpg,5045625344318_5.jpg,5045625344318_6.jpg,5045625344318_7.jpg,5045625344318_8.jpg,5045625344318_11.jpg",active,Blue,8087505
5045559093641,5045559093641_1.jpg,"5045559093641_1.jpg,5045559093641_2.jpg,5045559093641_3.jpg,5045559093641_4.jpg,5045559093641_5.jpg,5045559093641_6.jpg,5045559093641_7.jpg,5045559093641_11.jpg",inactive,Black,8087634
5045559093672,5045559093641_1.jpg,"5045559093641_1.jpg,5045559093641_2.jpg,5045559093641_3.jpg,5045559093641_4.jpg,5045559093641_5.jpg,5045559093641_6.jpg,5045559093641_7.jpg,5045559093641_11.jpg",inactive,Black,8087634
5045559093702,5045559093641_1.jpg,"5045559093641_1.jpg,5045559093641_2.jpg,5045559093641_3.jpg,5045559093641_4.jpg,5045559093641_5.jpg,5045559093641_6.jpg,5045559093641_7.jpg,5045559093641_11.jpg",inactive,Black,8087634
5045559093733,5045559093641_1.jpg,"5045559093641_1.jpg,5045559093641_2.jpg,5045559093641_3.jpg,5045559093641_4.jpg,5045559093641_5.jpg,5045559093641_6.jpg,5045559093641_7.jpg,5045559093641_11.jpg",inactive,Black,8087634
5045559093764,5045559093641_1.jpg,"5045559093641_1.jpg,5045559093641_2.jpg,5045559093641_3.jpg,5045559093641_4.jpg,5045559093641_5.jpg,5045559093641_6.jpg,5045559093641_7.jpg,5045559093641_11.jpg",inactive,Black,8087634
5045559093795,5045559093641_1.jpg,"5045559093641_1.jpg,5045559093641_2.jpg,5045559093641_3.jpg,5045559093641_4.jpg,5045559093641_5.jpg,5045559093641_6.jpg,5045559093641_7.jpg,5045559093641_11.jpg",inactive,Black,8087634
5045559093825,5045559093641_1.jpg,"5045559093641_1.jpg,5045559093641_2.jpg,5045559093641_3.jpg,5045559093641_4.jpg,5045559093641_5.jpg,5045559093641_6.jpg,5045559093641_7.jpg,5045559093641_11.jpg",inactive,Black,8087634
5045620524531,5045559093641_1.jpg,"5045559093641_1.jpg,5045559093641_2.jpg,5045559093641_3.jpg,5045559093641_4.jpg,5045559093641_5.jpg,5045559093641_6.jpg,5045559093641_7.jpg,5045559093641_11.jpg",inactive,Black,8087634
5045622758989,5045622758989_1.jpg,"5045622758989_1.jpg,5045622758989_2.jpg,5045622758989_3.jpg,5045622758989_4.jpg,5045622758989_5.jpg,5045622758989_6.jpg,5045622758989_11.jpg",inactive,White,8087623
5045622759016,5045622758989_1.jpg,"5045622758989_1.jpg,5045622758989_2.jpg,5045622758989_3.jpg,5045622758989_4.jpg,5045622758989_5.jpg,5045622758989_6.jpg,5045622758989_11.jpg",inactive,White,8087623
5045622759047,5045622758989_1.jpg,"5045622758989_1.jpg,5045622758989_2.jpg,5045622758989_3.jpg,5045622758989_4.jpg,5045622758989_5.jpg,5045622758989_6.jpg,5045622758989_11.jpg",inactive,White,8087623
5045622759078,5045622758989_1.jpg,"5045622758989_1.jpg,5045622758989_2.jpg,5045622758989_3.jpg,5045622758989_4.jpg,5045622758989_5.jpg,5045622758989_6.jpg,5045622758989_11.jpg",inactive,White,8087623
5045622759108,5045622758989_1.jpg,"5045622758989_1.jpg,5045622758989_2.jpg,5045622758989_3.jpg,5045622758989_4.jpg,5045622758989_5.jpg,5045622758989_6.jpg,5045622758989_11.jpg",inactive,White,8087623
5045622759139,5045622758989_1.jpg,"5045622758989_1.jpg,5045622758989_2.jpg,5045622758989_3.jpg,5045622758989_4.jpg,5045622758989_5.jpg,5045622758989_6.jpg,5045622758989_11.jpg",inactive,White,8087623
5045622759160,5045622758989_1.jpg,"5045622758989_1.jpg,5045622758989_2.jpg,5045622758989_3.jpg,5045622758989_4.jpg,5045622758989_5.jpg,5045622758989_6.jpg,5045622758989_11.jpg",inactive,White,8087623
5045622759191,5045622758989_1.jpg,"5045622758989_1.jpg,5045622758989_2.jpg,5045622758989_3.jpg,5045622758989_4.jpg,5045622758989_5.jpg,5045622758989_6.jpg,5045622758989_11.jpg",inactive,White,8087623
5045622759221,5045622758989_1.jpg,"5045622758989_1.jpg,5045622758989_2.jpg,5045622758989_3.jpg,5045622758989_4.jpg,5045622758989_5.jpg,5045622758989_6.jpg,5045622758989_11.jpg",inactive,White,8087623
5045622759252,5045622758989_1.jpg,"5045622758989_1.jpg,5045622758989_2.jpg,5045622758989_3.jpg,5045622758989_4.jpg,5045622758989_5.jpg,5045622758989_6.jpg,5045622758989_11.jpg",inactive,White,8087623
5045622759283,5045622758989_1.jpg,"5045622758989_1.jpg,5045622758989_2.jpg,5045622758989_3.jpg,5045622758989_4.jpg,5045622758989_5.jpg,5045622758989_6.jpg,5045622758989_11.jpg",inactive,White,8087623
5045622759313,5045622758989_1.jpg,"5045622758989_1.jpg,5045622758989_2.jpg,5045622758989_3.jpg,5045622758989_4.jpg,5045622758989_5.jpg,5045622758989_6.jpg,5045622758989_11.jpg",inactive,White,8087623
5045622759344,5045622758989_1.jpg,"5045622758989_1.jpg,5045622758989_2.jpg,5045622758989_3.jpg,5045622758989_4.jpg,5045622758989_5.jpg,5045622758989_6.jpg,5045622758989_11.jpg",inactive,White,8087623
5045621021657,5045621021657_1.jpg,"5045621021657_1.jpg,5045621021657_2.jpg,5045621021657_3.jpg,5045621021657_4.jpg,5045621021657_5.jpg,5045621021657_6.jpg,5045621021657_11.jpg",active,Black,8089412
5045621021688,5045621021657_1.jpg,"5045621021657_1.jpg,5045621021657_2.jpg,5045621021657_3.jpg,5045621021657_4.jpg,5045621021657_5.jpg,5045621021657_6.jpg,5045621021657_11.jpg",active,Black,8089412
5045621021718,5045621021657_1.jpg,"5045621021657_1.jpg,5045621021657_2.jpg,5045621021657_3.jpg,5045621021657_4.jpg,5045621021657_5.jpg,5045621021657_6.jpg,5045621021657_11.jpg",active,Black,8089412
5045627262016,5045627262016_1.jpg,"5045627262016_1.jpg,5045627262016_2.jpg,5045627262016_3.jpg,5045627262016_4.jpg,5045627262016_5.jpg,5045627262016_6.jpg,5045627262016_11.jpg",active,Blue,8087437
5045627262047,5045627262016_1.jpg,"5045627262016_1.jpg,5045627262016_2.jpg,5045627262016_3.jpg,5045627262016_4.jpg,5045627262016_5.jpg,5045627262016_6.jpg,5045627262016_11.jpg",active,Blue,8087437
5045627262078,5045627262016_1.jpg,"5045627262016_1.jpg,5045627262016_2.jpg,5045627262016_3.jpg,5045627262016_4.jpg,5045627262016_5.jpg,5045627262016_6.jpg,5045627262016_11.jpg",active,Blue,8087437
5045627262108,5045627262016_1.jpg,"5045627262016_1.jpg,5045627262016_2.jpg,5045627262016_3.jpg,5045627262016_4.jpg,5045627262016_5.jpg,5045627262016_6.jpg,5045627262016_11.jpg",active,Blue,8087437
5045627262139,5045627262016_1.jpg,"5045627262016_1.jpg,5045627262016_2.jpg,5045627262016_3.jpg,5045627262016_4.jpg,5045627262016_5.jpg,5045627262016_6.jpg,5045627262016_11.jpg",active,Blue,8087437
5045627262160,5045627262016_1.jpg,"5045627262016_1.jpg,5045627262016_2.jpg,5045627262016_3.jpg,5045627262016_4.jpg,5045627262016_5.jpg,5045627262016_6.jpg,5045627262016_11.jpg",active,Blue,8087437
5045627262191,5045627262016_1.jpg,"5045627262016_1.jpg,5045627262016_2.jpg,5045627262016_3.jpg,5045627262016_4.jpg,5045627262016_5.jpg,5045627262016_6.jpg,5045627262016_11.jpg",active,Blue,8087437
5045627262221,5045627262016_1.jpg,"5045627262016_1.jpg,5045627262016_2.jpg,5045627262016_3.jpg,5045627262016_4.jpg,5045627262016_5.jpg,5045627262016_6.jpg,5045627262016_11.jpg",active,Blue,8087437
5045625921854,5045625921854_1.jpg,"5045625921854_1.jpg,5045625921854_2.jpg,5045625921854_3.jpg,5045625921854_4.jpg,5045625921854_5.jpg,5045625921854_11.jpg",active,Black,8087520
5045625921885,5045625921854_1.jpg,"5045625921854_1.jpg,5045625921854_2.jpg,5045625921854_3.jpg,5045625921854_4.jpg,5045625921854_5.jpg,5045625921854_11.jpg",active,Black,8087520
5045625921915,5045625921854_1.jpg,"5045625921854_1.jpg,5045625921854_2.jpg,5045625921854_3.jpg,5045625921854_4.jpg,5045625921854_5.jpg,5045625921854_11.jpg",active,Black,8087520
5045625921946,5045625921854_1.jpg,"5045625921854_1.jpg,5045625921854_2.jpg,5045625921854_3.jpg,5045625921854_4.jpg,5045625921854_5.jpg,5045625921854_11.jpg",active,Black,8087520
5045625921977,5045625921854_1.jpg,"5045625921854_1.jpg,5045625921854_2.jpg,5045625921854_3.jpg,5045625921854_4.jpg,5045625921854_5.jpg,5045625921854_11.jpg",active,Black,8087520
5045625922004,5045625921854_1.jpg,"5045625921854_1.jpg,5045625921854_2.jpg,5045625921854_3.jpg,5045625921854_4.jpg,5045625921854_5.jpg,5045625921854_11.jpg",active,Black,8087520
5045625922035,5045625921854_1.jpg,"5045625921854_1.jpg,5045625921854_2.jpg,5045625921854_3.jpg,5045625921854_4.jpg,5045625921854_5.jpg,5045625921854_11.jpg",active,Black,8087520
5045625793697,5045625793697_1.jpg,"5045625793697_1.jpg,5045625793697_2.jpg,5045625793697_3.jpg,5045625793697_4.jpg,5045625793697_5.jpg,5045625793697_11.jpg",active,Black,8089279
5045559839195,5045559839195_1.jpg,"5045559839195_1.jpg,5045559839195_2.jpg,5045559839195_3.jpg,5045559839195_4.jpg,5045559839195_5.jpg,5045559839195_6.jpg,5045559839195_7.jpg,5045559839195_11.jpg",active,White,8087601
5045559839225,5045559839195_1.jpg,"5045559839195_1.jpg,5045559839195_2.jpg,5045559839195_3.jpg,5045559839195_4.jpg,5045559839195_5.jpg,5045559839195_6.jpg,5045559839195_7.jpg,5045559839195_11.jpg",active,White,8087601
5045559839256,5045559839195_1.jpg,"5045559839195_1.jpg,5045559839195_2.jpg,5045559839195_3.jpg,5045559839195_4.jpg,5045559839195_5.jpg,5045559839195_6.jpg,5045559839195_7.jpg,5045559839195_11.jpg",active,White,8087601
5045559839287,5045559839195_1.jpg,"5045559839195_1.jpg,5045559839195_2.jpg,5045559839195_3.jpg,5045559839195_4.jpg,5045559839195_5.jpg,5045559839195_6.jpg,5045559839195_7.jpg,5045559839195_11.jpg",active,White,8087601
5045559839317,5045559839195_1.jpg,"5045559839195_1.jpg,5045559839195_2.jpg,5045559839195_3.jpg,5045559839195_4.jpg,5045559839195_5.jpg,5045559839195_6.jpg,5045559839195_7.jpg,5045559839195_11.jpg",active,White,8087601
5045559839348,5045559839195_1.jpg,"5045559839195_1.jpg,5045559839195_2.jpg,5045559839195_3.jpg,5045559839195_4.jpg,5045559839195_5.jpg,5045559839195_6.jpg,5045559839195_7.jpg,5045559839195_11.jpg",active,White,8087601
5045559839379,5045559839195_1.jpg,"5045559839195_1.jpg,5045559839195_2.jpg,5045559839195_3.jpg,5045559839195_4.jpg,5045559839195_5.jpg,5045559839195_6.jpg,5045559839195_7.jpg,5045559839195_11.jpg",active,White,8087601
5045559839409,5045559839195_1.jpg,"5045559839195_1.jpg,5045559839195_2.jpg,5045559839195_3.jpg,5045559839195_4.jpg,5045559839195_5.jpg,5045559839195_6.jpg,5045559839195_7.jpg,5045559839195_11.jpg",active,White,8087601
5045559839430,5045559839195_1.jpg,"5045559839195_1.jpg,5045559839195_2.jpg,5045559839195_3.jpg,5045559839195_4.jpg,5045559839195_5.jpg,5045559839195_6.jpg,5045559839195_7.jpg,5045559839195_11.jpg",active,White,8087601
5045559839461,5045559839195_1.jpg,"5045559839195_1.jpg,5045559839195_2.jpg,5045559839195_3.jpg,5045559839195_4.jpg,5045559839195_5.jpg,5045559839195_6.jpg,5045559839195_7.jpg,5045559839195_11.jpg",active,White,8087601
5045559839492,5045559839195_1.jpg,"5045559839195_1.jpg,5045559839195_2.jpg,5045559839195_3.jpg,5045559839195_4.jpg,5045559839195_5.jpg,5045559839195_6.jpg,5045559839195_7.jpg,5045559839195_11.jpg",active,White,8087601
5045559839522,5045559839195_1.jpg,"5045559839195_1.jpg,5045559839195_2.jpg,5045559839195_3.jpg,5045559839195_4.jpg,5045559839195_5.jpg,5045559839195_6.jpg,5045559839195_7.jpg,5045559839195_11.jpg",active,White,8087601
5045559839553,5045559839195_1.jpg,"5045559839195_1.jpg,5045559839195_2.jpg,5045559839195_3.jpg,5045559839195_4.jpg,5045559839195_5.jpg,5045559839195_6.jpg,5045559839195_7.jpg,5045559839195_11.jpg",active,White,8087601
5045559839584,5045559839195_1.jpg,"5045559839195_1.jpg,5045559839195_2.jpg,5045559839195_3.jpg,5045559839195_4.jpg,5045559839195_5.jpg,5045559839195_6.jpg,5045559839195_7.jpg,5045559839195_11.jpg",active,White,8087601
5045559839614,5045559839195_1.jpg,"5045559839195_1.jpg,5045559839195_2.jpg,5045559839195_3.jpg,5045559839195_4.jpg,5045559839195_5.jpg,5045559839195_6.jpg,5045559839195_7.jpg,5045559839195_11.jpg",active,White,8087601
5045559839645,5045559839195_1.jpg,"5045559839195_1.jpg,5045559839195_2.jpg,5045559839195_3.jpg,5045559839195_4.jpg,5045559839195_5.jpg,5045559839195_6.jpg,5045559839195_7.jpg,5045559839195_11.jpg",active,White,8087601
5045559839676,5045559839195_1.jpg,"5045559839195_1.jpg,5045559839195_2.jpg,5045559839195_3.jpg,5045559839195_4.jpg,5045559839195_5.jpg,5045559839195_6.jpg,5045559839195_7.jpg,5045559839195_11.jpg",active,White,8087601
5045559839706,5045559839195_1.jpg,"5045559839195_1.jpg,5045559839195_2.jpg,5045559839195_3.jpg,5045559839195_4.jpg,5045559839195_5.jpg,5045559839195_6.jpg,5045559839195_7.jpg,5045559839195_11.jpg",active,White,8087601
5045559839737,5045559839195_1.jpg,"5045559839195_1.jpg,5045559839195_2.jpg,5045559839195_3.jpg,5045559839195_4.jpg,5045559839195_5.jpg,5045559839195_6.jpg,5045559839195_7.jpg,5045559839195_11.jpg",active,White,8087601
5045559839768,5045559839195_1.jpg,"5045559839195_1.jpg,5045559839195_2.jpg,5045559839195_3.jpg,5045559839195_4.jpg,5045559839195_5.jpg,5045559839195_6.jpg,5045559839195_7.jpg,5045559839195_11.jpg",active,White,8087601
5045559839799,5045559839195_1.jpg,"5045559839195_1.jpg,5045559839195_2.jpg,5045559839195_3.jpg,5045559839195_4.jpg,5045559839195_5.jpg,5045559839195_6.jpg,5045559839195_7.jpg,5045559839195_11.jpg",active,White,8087601
5045559839829,5045559839195_1.jpg,"5045559839195_1.jpg,5045559839195_2.jpg,5045559839195_3.jpg,5045559839195_4.jpg,5045559839195_5.jpg,5045559839195_6.jpg,5045559839195_7.jpg,5045559839195_11.jpg",active,White,8087601
5045559839850,5045559839195_1.jpg,"5045559839195_1.jpg,5045559839195_2.jpg,5045559839195_3.jpg,5045559839195_4.jpg,5045559839195_5.jpg,5045559839195_6.jpg,5045559839195_7.jpg,5045559839195_11.jpg",active,White,8087601
5045627339114,5045627339114_1.jpg,"5045627339114_1.jpg,5045627339114_2.jpg,5045627339114_3.jpg,5045627339114_4.jpg,5045627339114_5.jpg,5045627339114_6.jpg,5045627339114_11.jpg",active,Grey,8087521
5045627339145,5045627339114_1.jpg,"5045627339114_1.jpg,5045627339114_2.jpg,5045627339114_3.jpg,5045627339114_4.jpg,5045627339114_5.jpg,5045627339114_6.jpg,5045627339114_11.jpg",active,Grey,8087521
5045627339176,5045627339114_1.jpg,"5045627339114_1.jpg,5045627339114_2.jpg,5045627339114_3.jpg,5045627339114_4.jpg,5045627339114_5.jpg,5045627339114_6.jpg,5045627339114_11.jpg",active,Grey,8087521
5045627340103,5045627339114_1.jpg,"5045627339114_1.jpg,5045627339114_2.jpg,5045627339114_3.jpg,5045627339114_4.jpg,5045627339114_5.jpg,5045627339114_6.jpg,5045627339114_11.jpg",active,Grey,8087521
5045627340134,5045627339114_1.jpg,"5045627339114_1.jpg,5045627339114_2.jpg,5045627339114_3.jpg,5045627339114_4.jpg,5045627339114_5.jpg,5045627339114_6.jpg,5045627339114_11.jpg",active,Grey,8087521
5045627340165,5045627339114_1.jpg,"5045627339114_1.jpg,5045627339114_2.jpg,5045627339114_3.jpg,5045627339114_4.jpg,5045627339114_5.jpg,5045627339114_6.jpg,5045627339114_11.jpg",active,Grey,8087521
5045627340196,5045627339114_1.jpg,"5045627339114_1.jpg,5045627339114_2.jpg,5045627339114_3.jpg,5045627339114_4.jpg,5045627339114_5.jpg,5045627339114_6.jpg,5045627339114_11.jpg",active,Grey,8087521
5045627340226,5045627339114_1.jpg,"5045627339114_1.jpg,5045627339114_2.jpg,5045627339114_3.jpg,5045627339114_4.jpg,5045627339114_5.jpg,5045627339114_6.jpg,5045627339114_11.jpg",active,Grey,8087521
5045559786314,5045559786314_1.jpg,"5045559786314_1.jpg,5045559786314_2.jpg,5045559786314_3.jpg,5045559786314_4.jpg,5045559786314_5.jpg,5045559786314_6.jpg,5045559786314_7.jpg,5045559786314_11.jpg",active,Brown,8087593
5045559786345,5045559786314_1.jpg,"5045559786314_1.jpg,5045559786314_2.jpg,5045559786314_3.jpg,5045559786314_4.jpg,5045559786314_5.jpg,5045559786314_6.jpg,5045559786314_7.jpg,5045559786314_11.jpg",active,Brown,8087593
5045559786376,5045559786314_1.jpg,"5045559786314_1.jpg,5045559786314_2.jpg,5045559786314_3.jpg,5045559786314_4.jpg,5045559786314_5.jpg,5045559786314_6.jpg,5045559786314_7.jpg,5045559786314_11.jpg",active,Brown,8087593
5045559786406,5045559786314_1.jpg,"5045559786314_1.jpg,5045559786314_2.jpg,5045559786314_3.jpg,5045559786314_4.jpg,5045559786314_5.jpg,5045559786314_6.jpg,5045559786314_7.jpg,5045559786314_11.jpg",active,Brown,8087593
5045559786437,5045559786314_1.jpg,"5045559786314_1.jpg,5045559786314_2.jpg,5045559786314_3.jpg,5045559786314_4.jpg,5045559786314_5.jpg,5045559786314_6.jpg,5045559786314_7.jpg,5045559786314_11.jpg",active,Brown,8087593
5045559786468,5045559786314_1.jpg,"5045559786314_1.jpg,5045559786314_2.jpg,5045559786314_3.jpg,5045559786314_4.jpg,5045559786314_5.jpg,5045559786314_6.jpg,5045559786314_7.jpg,5045559786314_11.jpg",active,Brown,8087593
5045559786499,5045559786314_1.jpg,"5045559786314_1.jpg,5045559786314_2.jpg,5045559786314_3.jpg,5045559786314_4.jpg,5045559786314_5.jpg,5045559786314_6.jpg,5045559786314_7.jpg,5045559786314_11.jpg",active,Brown,8087593
5045559786529,5045559786314_1.jpg,"5045559786314_1.jpg,5045559786314_2.jpg,5045559786314_3.jpg,5045559786314_4.jpg,5045559786314_5.jpg,5045559786314_6.jpg,5045559786314_7.jpg,5045559786314_11.jpg",active,Brown,8087593
5045559786550,5045559786314_1.jpg,"5045559786314_1.jpg,5045559786314_2.jpg,5045559786314_3.jpg,5045559786314_4.jpg,5045559786314_5.jpg,5045559786314_6.jpg,5045559786314_7.jpg,5045559786314_11.jpg",active,Brown,8087593
5045559786581,5045559786314_1.jpg,"5045559786314_1.jpg,5045559786314_2.jpg,5045559786314_3.jpg,5045559786314_4.jpg,5045559786314_5.jpg,5045559786314_6.jpg,5045559786314_7.jpg,5045559786314_11.jpg",active,Brown,8087593
5045559786611,5045559786314_1.jpg,"5045559786314_1.jpg,5045559786314_2.jpg,5045559786314_3.jpg,5045559786314_4.jpg,5045559786314_5.jpg,5045559786314_6.jpg,5045559786314_7.jpg,5045559786314_11.jpg",active,Brown,8087593
5045559786642,5045559786314_1.jpg,"5045559786314_1.jpg,5045559786314_2.jpg,5045559786314_3.jpg,5045559786314_4.jpg,5045559786314_5.jpg,5045559786314_6.jpg,5045559786314_7.jpg,5045559786314_11.jpg",active,Brown,8087593
5045559786673,5045559786314_1.jpg,"5045559786314_1.jpg,5045559786314_2.jpg,5045559786314_3.jpg,5045559786314_4.jpg,5045559786314_5.jpg,5045559786314_6.jpg,5045559786314_7.jpg,5045559786314_11.jpg",active,Brown,8087593
5045559786703,5045559786314_1.jpg,"5045559786314_1.jpg,5045559786314_2.jpg,5045559786314_3.jpg,5045559786314_4.jpg,5045559786314_5.jpg,5045559786314_6.jpg,5045559786314_7.jpg,5045559786314_11.jpg",active,Brown,8087593
5045559786734,5045559786314_1.jpg,"5045559786314_1.jpg,5045559786314_2.jpg,5045559786314_3.jpg,5045559786314_4.jpg,5045559786314_5.jpg,5045559786314_6.jpg,5045559786314_7.jpg,5045559786314_11.jpg",active,Brown,8087593
5045559786765,5045559786314_1.jpg,"5045559786314_1.jpg,5045559786314_2.jpg,5045559786314_3.jpg,5045559786314_4.jpg,5045559786314_5.jpg,5045559786314_6.jpg,5045559786314_7.jpg,5045559786314_11.jpg",active,Brown,8087593
5045559786796,5045559786314_1.jpg,"5045559786314_1.jpg,5045559786314_2.jpg,5045559786314_3.jpg,5045559786314_4.jpg,5045559786314_5.jpg,5045559786314_6.jpg,5045559786314_7.jpg,5045559786314_11.jpg",active,Brown,8087593
5045559786826,5045559786314_1.jpg,"5045559786314_1.jpg,5045559786314_2.jpg,5045559786314_3.jpg,5045559786314_4.jpg,5045559786314_5.jpg,5045559786314_6.jpg,5045559786314_7.jpg,5045559786314_11.jpg",active,Brown,8087593
5045559786857,5045559786314_1.jpg,"5045559786314_1.jpg,5045559786314_2.jpg,5045559786314_3.jpg,5045559786314_4.jpg,5045559786314_5.jpg,5045559786314_6.jpg,5045559786314_7.jpg,5045559786314_11.jpg",active,Brown,8087593
5045559786888,5045559786314_1.jpg,"5045559786314_1.jpg,5045559786314_2.jpg,5045559786314_3.jpg,5045559786314_4.jpg,5045559786314_5.jpg,5045559786314_6.jpg,5045559786314_7.jpg,5045559786314_11.jpg",active,Brown,8087593
5045559786918,5045559786314_1.jpg,"5045559786314_1.jpg,5045559786314_2.jpg,5045559786314_3.jpg,5045559786314_4.jpg,5045559786314_5.jpg,5045559786314_6.jpg,5045559786314_7.jpg,5045559786314_11.jpg",active,Brown,8087593
5045559786949,5045559786314_1.jpg,"5045559786314_1.jpg,5045559786314_2.jpg,5045559786314_3.jpg,5045559786314_4.jpg,5045559786314_5.jpg,5045559786314_6.jpg,5045559786314_7.jpg,5045559786314_11.jpg",active,Brown,8087593
5045559786970,5045559786314_1.jpg,"5045559786314_1.jpg,5045559786314_2.jpg,5045559786314_3.jpg,5045559786314_4.jpg,5045559786314_5.jpg,5045559786314_6.jpg,5045559786314_7.jpg,5045559786314_11.jpg",active,Brown,8087593
5045626202662,5045626202662_1.jpg,"5045626202662_1.jpg,5045626202662_2.jpg,5045626202662_3.jpg,5045626202662_4.jpg,5045626202662_5.jpg,5045626202662_11.jpg",active,Black,8089442
5045627335086,5045627335086_1.jpg,5045627335086_1.jpg,active,Blue,8089247
5045627335116,5045627335086_1.jpg,5045627335086_1.jpg,active,Blue,8089247
5045627335147,5045627335086_1.jpg,5045627335086_1.jpg,active,Blue,8089247
5045627335178,5045627335086_1.jpg,5045627335086_1.jpg,active,Blue,8089247
5045627335208,5045627335086_1.jpg,5045627335086_1.jpg,active,Blue,8089247
5045627335239,5045627335086_1.jpg,5045627335086_1.jpg,active,Blue,8089247
5045627335260,5045627335086_1.jpg,5045627335086_1.jpg,active,Blue,8089247
5045627530665,5045627530665_1.jpg,5045627530665_1.jpg,active,White,8087501
5045627530696,5045627530665_1.jpg,5045627530665_1.jpg,active,White,8087501
5045627530726,5045627530665_1.jpg,5045627530665_1.jpg,active,White,8087501
5045627530757,5045627530665_1.jpg,5045627530665_1.jpg,active,White,8087501
5045627530788,5045627530665_1.jpg,5045627530665_1.jpg,active,White,8087501
5045627530818,5045627530665_1.jpg,5045627530665_1.jpg,active,White,8087501
5045627530849,5045627530665_1.jpg,5045627530665_1.jpg,active,White,8087501
5045627530870,5045627530665_1.jpg,5045627530665_1.jpg,active,White,8087501
5045627530900,5045627530665_1.jpg,5045627530665_1.jpg,active,White,8087501
5045626953786,5045626953786_1.jpg,"5045626953786_1.jpg,5045626953786_2.jpg,5045626953786_3.jpg,5045626953786_4.jpg,5045626953786_5.jpg,5045626953786_11.jpg",active,Black,8087524
5045626953816,5045626953786_1.jpg,"5045626953786_1.jpg,5045626953786_2.jpg,5045626953786_3.jpg,5045626953786_4.jpg,5045626953786_5.jpg,5045626953786_11.jpg",active,Black,8087524
5045626953847,5045626953786_1.jpg,"5045626953786_1.jpg,5045626953786_2.jpg,5045626953786_3.jpg,5045626953786_4.jpg,5045626953786_5.jpg,5045626953786_11.jpg",active,Black,8087524
5045626953878,5045626953786_1.jpg,"5045626953786_1.jpg,5045626953786_2.jpg,5045626953786_3.jpg,5045626953786_4.jpg,5045626953786_5.jpg,5045626953786_11.jpg",active,Black,8087524
5045626953908,5045626953786_1.jpg,"5045626953786_1.jpg,5045626953786_2.jpg,5045626953786_3.jpg,5045626953786_4.jpg,5045626953786_5.jpg,5045626953786_11.jpg",active,Black,8087524
5045626953939,5045626953786_1.jpg,"5045626953786_1.jpg,5045626953786_2.jpg,5045626953786_3.jpg,5045626953786_4.jpg,5045626953786_5.jpg,5045626953786_11.jpg",active,Black,8087524
5045626953960,5045626953786_1.jpg,"5045626953786_1.jpg,5045626953786_2.jpg,5045626953786_3.jpg,5045626953786_4.jpg,5045626953786_5.jpg,5045626953786_11.jpg",active,Black,8087524
5045627453575,5045627453575_1.jpg,"5045627453575_1.jpg,5045627453575_2.jpg,5045627453575_3.jpg,5045627453575_4.jpg,5045627453575_5.jpg,5045627453575_6.jpg,5045627453575_7.jpg,5045627453575_8.jpg,5045627453575_11.jpg",active,Black,8087417
5045627453605,5045627453575_1.jpg,"5045627453575_1.jpg,5045627453575_2.jpg,5045627453575_3.jpg,5045627453575_4.jpg,5045627453575_5.jpg,5045627453575_6.jpg,5045627453575_7.jpg,5045627453575_8.jpg,5045627453575_11.jpg",active,Black,8087417
5045627453636,5045627453575_1.jpg,"5045627453575_1.jpg,5045627453575_2.jpg,5045627453575_3.jpg,5045627453575_4.jpg,5045627453575_5.jpg,5045627453575_6.jpg,5045627453575_7.jpg,5045627453575_8.jpg,5045627453575_11.jpg",active,Black,8087417
5045627453667,5045627453575_1.jpg,"5045627453575_1.jpg,5045627453575_2.jpg,5045627453575_3.jpg,5045627453575_4.jpg,5045627453575_5.jpg,5045627453575_6.jpg,5045627453575_7.jpg,5045627453575_8.jpg,5045627453575_11.jpg",active,Black,8087417
5045627453698,5045627453575_1.jpg,"5045627453575_1.jpg,5045627453575_2.jpg,5045627453575_3.jpg,5045627453575_4.jpg,5045627453575_5.jpg,5045627453575_6.jpg,5045627453575_7.jpg,5045627453575_8.jpg,5045627453575_11.jpg",active,Black,8087417
5045627453728,5045627453575_1.jpg,"5045627453575_1.jpg,5045627453575_2.jpg,5045627453575_3.jpg,5045627453575_4.jpg,5045627453575_5.jpg,5045627453575_6.jpg,5045627453575_7.jpg,5045627453575_8.jpg,5045627453575_11.jpg",active,Black,8087417
5045627453759,5045627453575_1.jpg,"5045627453575_1.jpg,5045627453575_2.jpg,5045627453575_3.jpg,5045627453575_4.jpg,5045627453575_5.jpg,5045627453575_6.jpg,5045627453575_7.jpg,5045627453575_8.jpg,5045627453575_11.jpg",active,Black,8087417
5045627453780,5045627453575_1.jpg,"5045627453575_1.jpg,5045627453575_2.jpg,5045627453575_3.jpg,5045627453575_4.jpg,5045627453575_5.jpg,5045627453575_6.jpg,5045627453575_7.jpg,5045627453575_8.jpg,5045627453575_11.jpg",active,Black,8087417
5045624675697,5045624675697_1.jpg,"5045624675697_1.jpg,5045624675697_2.jpg,5045624675697_3.jpg,5045624675697_4.jpg,5045624675697_5.jpg,5045624675697_6.jpg,5045624675697_11.jpg",active,Brown,8087497
5045624678223,5045624675697_1.jpg,"5045624675697_1.jpg,5045624675697_2.jpg,5045624675697_3.jpg,5045624675697_4.jpg,5045624675697_5.jpg,5045624675697_6.jpg,5045624675697_11.jpg",active,Brown,8087497
5045624678254,5045624675697_1.jpg,"5045624675697_1.jpg,5045624675697_2.jpg,5045624675697_3.jpg,5045624675697_4.jpg,5045624675697_5.jpg,5045624675697_6.jpg,5045624675697_11.jpg",active,Brown,8087497
5045624678285,5045624675697_1.jpg,"5045624675697_1.jpg,5045624675697_2.jpg,5045624675697_3.jpg,5045624675697_4.jpg,5045624675697_5.jpg,5045624675697_6.jpg,5045624675697_11.jpg",active,Brown,8087497
5045624678315,5045624675697_1.jpg,"5045624675697_1.jpg,5045624675697_2.jpg,5045624675697_3.jpg,5045624675697_4.jpg,5045624675697_5.jpg,5045624675697_6.jpg,5045624675697_11.jpg",active,Brown,8087497
5045624678346,5045624675697_1.jpg,"5045624675697_1.jpg,5045624675697_2.jpg,5045624675697_3.jpg,5045624675697_4.jpg,5045624675697_5.jpg,5045624675697_6.jpg,5045624675697_11.jpg",active,Brown,8087497
5045624678377,5045624675697_1.jpg,"5045624675697_1.jpg,5045624675697_2.jpg,5045624675697_3.jpg,5045624675697_4.jpg,5045624675697_5.jpg,5045624675697_6.jpg,5045624675697_11.jpg",active,Brown,8087497
5045627567821,5045627567821_1.jpg,"5045627567821_1.jpg,5045627567821_2.jpg,5045627567821_3.jpg,5045627567821_11.jpg",active,Grey,8089393
5045627552124,5045627552124_1.jpg,"5045627552124_1.jpg,5045627552124_2.jpg,5045627552124_3.jpg,5045627552124_4.jpg,5045627552124_5.jpg,5045627552124_6.jpg,5045627552124_11.jpg",active,White,8087331
5045627552155,5045627552124_1.jpg,"5045627552124_1.jpg,5045627552124_2.jpg,5045627552124_3.jpg,5045627552124_4.jpg,5045627552124_5.jpg,5045627552124_6.jpg,5045627552124_11.jpg",active,White,8087331
5045627552186,5045627552124_1.jpg,"5045627552124_1.jpg,5045627552124_2.jpg,5045627552124_3.jpg,5045627552124_4.jpg,5045627552124_5.jpg,5045627552124_6.jpg,5045627552124_11.jpg",active,White,8087331
5045627552216,5045627552124_1.jpg,"5045627552124_1.jpg,5045627552124_2.jpg,5045627552124_3.jpg,5045627552124_4.jpg,5045627552124_5.jpg,5045627552124_6.jpg,5045627552124_11.jpg",active,White,8087331
5045627572641,5045627572641_1.jpg,"5045627572641_1.jpg,5045627572641_2.jpg,5045627572641_3.jpg,5045627572641_4.jpg,5045627572641_5.jpg,5045627572641_11.jpg",active,Brown,8087487
5045627572672,5045627572641_1.jpg,"5045627572641_1.jpg,5045627572641_2.jpg,5045627572641_3.jpg,5045627572641_4.jpg,5045627572641_5.jpg,5045627572641_11.jpg",active,Brown,8087487
5045627572702,5045627572641_1.jpg,"5045627572641_1.jpg,5045627572641_2.jpg,5045627572641_3.jpg,5045627572641_4.jpg,5045627572641_5.jpg,5045627572641_11.jpg",active,Brown,8087487
5045627572733,5045627572641_1.jpg,"5045627572641_1.jpg,5045627572641_2.jpg,5045627572641_3.jpg,5045627572641_4.jpg,5045627572641_5.jpg,5045627572641_11.jpg",active,Brown,8087487
5045627572764,5045627572641_1.jpg,"5045627572641_1.jpg,5045627572641_2.jpg,5045627572641_3.jpg,5045627572641_4.jpg,5045627572641_5.jpg,5045627572641_11.jpg",active,Brown,8087487
5045627572795,5045627572641_1.jpg,"5045627572641_1.jpg,5045627572641_2.jpg,5045627572641_3.jpg,5045627572641_4.jpg,5045627572641_5.jpg,5045627572641_11.jpg",active,Brown,8087487
5045627572825,5045627572641_1.jpg,"5045627572641_1.jpg,5045627572641_2.jpg,5045627572641_3.jpg,5045627572641_4.jpg,5045627572641_5.jpg,5045627572641_11.jpg",active,Brown,8087487
5045627572856,5045627572641_1.jpg,"5045627572641_1.jpg,5045627572641_2.jpg,5045627572641_3.jpg,5045627572641_4.jpg,5045627572641_5.jpg,5045627572641_11.jpg",active,Brown,8087487
5045626222882,5045626222882_1.jpg,"5045626222882_1.jpg,5045626222882_2.jpg,5045626222882_3.jpg,5045626222882_4.jpg,5045626222882_5.jpg,5045626222882_6.jpg,5045626222882_7.jpg,5045626222882_11.jpg",active,Grey,8089433
5045626222912,5045626222882_1.jpg,"5045626222882_1.jpg,5045626222882_2.jpg,5045626222882_3.jpg,5045626222882_4.jpg,5045626222882_5.jpg,5045626222882_6.jpg,5045626222882_7.jpg,5045626222882_11.jpg",active,Grey,8089433
5045626222943,5045626222882_1.jpg,"5045626222882_1.jpg,5045626222882_2.jpg,5045626222882_3.jpg,5045626222882_4.jpg,5045626222882_5.jpg,5045626222882_6.jpg,5045626222882_7.jpg,5045626222882_11.jpg",active,Grey,8089433
5045626222974,5045626222882_1.jpg,"5045626222882_1.jpg,5045626222882_2.jpg,5045626222882_3.jpg,5045626222882_4.jpg,5045626222882_5.jpg,5045626222882_6.jpg,5045626222882_7.jpg,5045626222882_11.jpg",active,Grey,8089433
5045626223001,5045626222882_1.jpg,"5045626222882_1.jpg,5045626222882_2.jpg,5045626222882_3.jpg,5045626222882_4.jpg,5045626222882_5.jpg,5045626222882_6.jpg,5045626222882_7.jpg,5045626222882_11.jpg",active,Grey,8089433
5045626363325,5045626363325_1.jpg,"5045626363325_1.jpg,5045626363325_2.jpg,5045626363325_3.jpg,5045626363325_4.jpg,5045626363325_5.jpg,5045626363325_6.jpg,5045626363325_11.jpg",active,Black,8089253
5045626363356,5045626363325_1.jpg,"5045626363325_1.jpg,5045626363325_2.jpg,5045626363325_3.jpg,5045626363325_4.jpg,5045626363325_5.jpg,5045626363325_6.jpg,5045626363325_11.jpg",active,Black,8089253
5045626363387,5045626363325_1.jpg,"5045626363325_1.jpg,5045626363325_2.jpg,5045626363325_3.jpg,5045626363325_4.jpg,5045626363325_5.jpg,5045626363325_6.jpg,5045626363325_11.jpg",active,Black,8089253
5045626363417,5045626363325_1.jpg,"5045626363325_1.jpg,5045626363325_2.jpg,5045626363325_3.jpg,5045626363325_4.jpg,5045626363325_5.jpg,5045626363325_6.jpg,5045626363325_11.jpg",active,Black,8089253
5045626363448,5045626363325_1.jpg,"5045626363325_1.jpg,5045626363325_2.jpg,5045626363325_3.jpg,5045626363325_4.jpg,5045626363325_5.jpg,5045626363325_6.jpg,5045626363325_11.jpg",active,Black,8089253
5045626363479,5045626363325_1.jpg,"5045626363325_1.jpg,5045626363325_2.jpg,5045626363325_3.jpg,5045626363325_4.jpg,5045626363325_5.jpg,5045626363325_6.jpg,5045626363325_11.jpg",active,Black,8089253
5045626363509,5045626363325_1.jpg,"5045626363325_1.jpg,5045626363325_2.jpg,5045626363325_3.jpg,5045626363325_4.jpg,5045626363325_5.jpg,5045626363325_6.jpg,5045626363325_11.jpg",active,Black,8089253
5045626363530,5045626363325_1.jpg,"5045626363325_1.jpg,5045626363325_2.jpg,5045626363325_3.jpg,5045626363325_4.jpg,5045626363325_5.jpg,5045626363325_6.jpg,5045626363325_11.jpg",active,Black,8089253
5045625128376,5045625128376_1.jpg,"5045625128376_1.jpg,5045625128376_2.jpg,5045625128376_3.jpg,5045625128376_4.jpg,5045625128376_5.jpg,5045625128376_6.jpg,5045625128376_7.jpg,5045625128376_8.jpg,5045625128376_11.jpg",active,Beige,8087565
5045625128406,5045625128376_1.jpg,"5045625128376_1.jpg,5045625128376_2.jpg,5045625128376_3.jpg,5045625128376_4.jpg,5045625128376_5.jpg,5045625128376_6.jpg,5045625128376_7.jpg,5045625128376_8.jpg,5045625128376_11.jpg",active,Beige,8087565
5045625128437,5045625128376_1.jpg,"5045625128376_1.jpg,5045625128376_2.jpg,5045625128376_3.jpg,5045625128376_4.jpg,5045625128376_5.jpg,5045625128376_6.jpg,5045625128376_7.jpg,5045625128376_8.jpg,5045625128376_11.jpg",active,Beige,8087565
5045625128468,5045625128376_1.jpg,"5045625128376_1.jpg,5045625128376_2.jpg,5045625128376_3.jpg,5045625128376_4.jpg,5045625128376_5.jpg,5045625128376_6.jpg,5045625128376_7.jpg,5045625128376_8.jpg,5045625128376_11.jpg",active,Beige,8087565
5045625128499,5045625128376_1.jpg,"5045625128376_1.jpg,5045625128376_2.jpg,5045625128376_3.jpg,5045625128376_4.jpg,5045625128376_5.jpg,5045625128376_6.jpg,5045625128376_7.jpg,5045625128376_8.jpg,5045625128376_11.jpg",active,Beige,8087565
5045625128529,5045625128376_1.jpg,"5045625128376_1.jpg,5045625128376_2.jpg,5045625128376_3.jpg,5045625128376_4.jpg,5045625128376_5.jpg,5045625128376_6.jpg,5045625128376_7.jpg,5045625128376_8.jpg,5045625128376_11.jpg",active,Beige,8087565
5045625128550,5045625128376_1.jpg,"5045625128376_1.jpg,5045625128376_2.jpg,5045625128376_3.jpg,5045625128376_4.jpg,5045625128376_5.jpg,5045625128376_6.jpg,5045625128376_7.jpg,5045625128376_8.jpg,5045625128376_11.jpg",active,Beige,8087565
5045625128581,5045625128376_1.jpg,"5045625128376_1.jpg,5045625128376_2.jpg,5045625128376_3.jpg,5045625128376_4.jpg,5045625128376_5.jpg,5045625128376_6.jpg,5045625128376_7.jpg,5045625128376_8.jpg,5045625128376_11.jpg",active,Beige,8087565
5045625128611,5045625128376_1.jpg,"5045625128376_1.jpg,5045625128376_2.jpg,5045625128376_3.jpg,5045625128376_4.jpg,5045625128376_5.jpg,5045625128376_6.jpg,5045625128376_7.jpg,5045625128376_8.jpg,5045625128376_11.jpg",active,Beige,8087565
5045625128642,5045625128376_1.jpg,"5045625128376_1.jpg,5045625128376_2.jpg,5045625128376_3.jpg,5045625128376_4.jpg,5045625128376_5.jpg,5045625128376_6.jpg,5045625128376_7.jpg,5045625128376_8.jpg,5045625128376_11.jpg",active,Beige,8087565
5045625128673,5045625128376_1.jpg,"5045625128376_1.jpg,5045625128376_2.jpg,5045625128376_3.jpg,5045625128376_4.jpg,5045625128376_5.jpg,5045625128376_6.jpg,5045625128376_7.jpg,5045625128376_8.jpg,5045625128376_11.jpg",active,Beige,8087565
5045625128703,5045625128376_1.jpg,"5045625128376_1.jpg,5045625128376_2.jpg,5045625128376_3.jpg,5045625128376_4.jpg,5045625128376_5.jpg,5045625128376_6.jpg,5045625128376_7.jpg,5045625128376_8.jpg,5045625128376_11.jpg",active,Beige,8087565
5045625128734,5045625128376_1.jpg,"5045625128376_1.jpg,5045625128376_2.jpg,5045625128376_3.jpg,5045625128376_4.jpg,5045625128376_5.jpg,5045625128376_6.jpg,5045625128376_7.jpg,5045625128376_8.jpg,5045625128376_11.jpg",active,Beige,8087565
5045625128765,5045625128376_1.jpg,"5045625128376_1.jpg,5045625128376_2.jpg,5045625128376_3.jpg,5045625128376_4.jpg,5045625128376_5.jpg,5045625128376_6.jpg,5045625128376_7.jpg,5045625128376_8.jpg,5045625128376_11.jpg",active,Beige,8087565
5045625128796,5045625128376_1.jpg,"5045625128376_1.jpg,5045625128376_2.jpg,5045625128376_3.jpg,5045625128376_4.jpg,5045625128376_5.jpg,5045625128376_6.jpg,5045625128376_7.jpg,5045625128376_8.jpg,5045625128376_11.jpg",active,Beige,8087565
5045627620991,5045627620991_1.jpg,"5045627620991_1.jpg,5045627620991_2.jpg,5045627620991_3.jpg,5045627620991_4.jpg,5045627620991_5.jpg,5045627620991_6.jpg,5045627620991_7.jpg,5045627620991_11.jpg",active,Pink,8089453
5045627018866,5045627018866_1.jpg,"5045627018866_1.jpg,5045627018866_2.jpg,5045627018866_3.jpg,5045627018866_4.jpg,5045627018866_5.jpg,5045627018866_6.jpg,5045627018866_11.jpg",active,White,8087496
5045627018897,5045627018866_1.jpg,"5045627018866_1.jpg,5045627018866_2.jpg,5045627018866_3.jpg,5045627018866_4.jpg,5045627018866_5.jpg,5045627018866_6.jpg,5045627018866_11.jpg",active,White,8087496
5045627018927,5045627018866_1.jpg,"5045627018866_1.jpg,5045627018866_2.jpg,5045627018866_3.jpg,5045627018866_4.jpg,5045627018866_5.jpg,5045627018866_6.jpg,5045627018866_11.jpg",active,White,8087496
5045627018958,5045627018866_1.jpg,"5045627018866_1.jpg,5045627018866_2.jpg,5045627018866_3.jpg,5045627018866_4.jpg,5045627018866_5.jpg,5045627018866_6.jpg,5045627018866_11.jpg",active,White,8087496
5045627018989,5045627018866_1.jpg,"5045627018866_1.jpg,5045627018866_2.jpg,5045627018866_3.jpg,5045627018866_4.jpg,5045627018866_5.jpg,5045627018866_6.jpg,5045627018866_11.jpg",active,White,8087496
5045627019016,5045627018866_1.jpg,"5045627018866_1.jpg,5045627018866_2.jpg,5045627018866_3.jpg,5045627018866_4.jpg,5045627018866_5.jpg,5045627018866_6.jpg,5045627018866_11.jpg",active,White,8087496
5045624789554,5045624789554_1.jpg,"5045624789554_1.jpg,5045624789554_2.jpg,5045624789554_3.jpg,5045624789554_4.jpg,5045624789554_5.jpg,5045624789554_6.jpg,5045624789554_7.jpg,5045624789554_8.jpg,5045624789554_11.jpg",active,Black,8087615
5045624789585,5045624789554_1.jpg,"5045624789554_1.jpg,5045624789554_2.jpg,5045624789554_3.jpg,5045624789554_4.jpg,5045624789554_5.jpg,5045624789554_6.jpg,5045624789554_7.jpg,5045624789554_8.jpg,5045624789554_11.jpg",active,Black,8087615
5045624789615,5045624789554_1.jpg,"5045624789554_1.jpg,5045624789554_2.jpg,5045624789554_3.jpg,5045624789554_4.jpg,5045624789554_5.jpg,5045624789554_6.jpg,5045624789554_7.jpg,5045624789554_8.jpg,5045624789554_11.jpg",active,Black,8087615
5045624789646,5045624789554_1.jpg,"5045624789554_1.jpg,5045624789554_2.jpg,5045624789554_3.jpg,5045624789554_4.jpg,5045624789554_5.jpg,5045624789554_6.jpg,5045624789554_7.jpg,5045624789554_8.jpg,5045624789554_11.jpg",active,Black,8087615
5045624789677,5045624789554_1.jpg,"5045624789554_1.jpg,5045624789554_2.jpg,5045624789554_3.jpg,5045624789554_4.jpg,5045624789554_5.jpg,5045624789554_6.jpg,5045624789554_7.jpg,5045624789554_8.jpg,5045624789554_11.jpg",active,Black,8087615
5045624789707,5045624789554_1.jpg,"5045624789554_1.jpg,5045624789554_2.jpg,5045624789554_3.jpg,5045624789554_4.jpg,5045624789554_5.jpg,5045624789554_6.jpg,5045624789554_7.jpg,5045624789554_8.jpg,5045624789554_11.jpg",active,Black,8087615
5045624789738,5045624789554_1.jpg,"5045624789554_1.jpg,5045624789554_2.jpg,5045624789554_3.jpg,5045624789554_4.jpg,5045624789554_5.jpg,5045624789554_6.jpg,5045624789554_7.jpg,5045624789554_8.jpg,5045624789554_11.jpg",active,Black,8087615
5045624789769,5045624789554_1.jpg,"5045624789554_1.jpg,5045624789554_2.jpg,5045624789554_3.jpg,5045624789554_4.jpg,5045624789554_5.jpg,5045624789554_6.jpg,5045624789554_7.jpg,5045624789554_8.jpg,5045624789554_11.jpg",active,Black,8087615
5045624789790,5045624789554_1.jpg,"5045624789554_1.jpg,5045624789554_2.jpg,5045624789554_3.jpg,5045624789554_4.jpg,5045624789554_5.jpg,5045624789554_6.jpg,5045624789554_7.jpg,5045624789554_8.jpg,5045624789554_11.jpg",active,Black,8087615
5045624789820,5045624789554_1.jpg,"5045624789554_1.jpg,5045624789554_2.jpg,5045624789554_3.jpg,5045624789554_4.jpg,5045624789554_5.jpg,5045624789554_6.jpg,5045624789554_7.jpg,5045624789554_8.jpg,5045624789554_11.jpg",active,Black,8087615
5045624789851,5045624789554_1.jpg,"5045624789554_1.jpg,5045624789554_2.jpg,5045624789554_3.jpg,5045624789554_4.jpg,5045624789554_5.jpg,5045624789554_6.jpg,5045624789554_7.jpg,5045624789554_8.jpg,5045624789554_11.jpg",active,Black,8087615
5045624789882,5045624789554_1.jpg,"5045624789554_1.jpg,5045624789554_2.jpg,5045624789554_3.jpg,5045624789554_4.jpg,5045624789554_5.jpg,5045624789554_6.jpg,5045624789554_7.jpg,5045624789554_8.jpg,5045624789554_11.jpg",active,Black,8087615
5045624789912,5045624789554_1.jpg,"5045624789554_1.jpg,5045624789554_2.jpg,5045624789554_3.jpg,5045624789554_4.jpg,5045624789554_5.jpg,5045624789554_6.jpg,5045624789554_7.jpg,5045624789554_8.jpg,5045624789554_11.jpg",active,Black,8087615
5045624789943,5045624789554_1.jpg,"5045624789554_1.jpg,5045624789554_2.jpg,5045624789554_3.jpg,5045624789554_4.jpg,5045624789554_5.jpg,5045624789554_6.jpg,5045624789554_7.jpg,5045624789554_8.jpg,5045624789554_11.jpg",active,Black,8087615
5045624789974,5045624789554_1.jpg,"5045624789554_1.jpg,5045624789554_2.jpg,5045624789554_3.jpg,5045624789554_4.jpg,5045624789554_5.jpg,5045624789554_6.jpg,5045624789554_7.jpg,5045624789554_8.jpg,5045624789554_11.jpg",active,Black,8087615
5045624790000,5045624789554_1.jpg,"5045624789554_1.jpg,5045624789554_2.jpg,5045624789554_3.jpg,5045624789554_4.jpg,5045624789554_5.jpg,5045624789554_6.jpg,5045624789554_7.jpg,5045624789554_8.jpg,5045624789554_11.jpg",active,Black,8087615
5045624790031,5045624789554_1.jpg,"5045624789554_1.jpg,5045624789554_2.jpg,5045624789554_3.jpg,5045624789554_4.jpg,5045624789554_5.jpg,5045624789554_6.jpg,5045624789554_7.jpg,5045624789554_8.jpg,5045624789554_11.jpg",active,Black,8087615
5045624790062,5045624789554_1.jpg,"5045624789554_1.jpg,5045624789554_2.jpg,5045624789554_3.jpg,5045624789554_4.jpg,5045624789554_5.jpg,5045624789554_6.jpg,5045624789554_7.jpg,5045624789554_8.jpg,5045624789554_11.jpg",active,Black,8087615
5045624790093,5045624789554_1.jpg,"5045624789554_1.jpg,5045624789554_2.jpg,5045624789554_3.jpg,5045624789554_4.jpg,5045624789554_5.jpg,5045624789554_6.jpg,5045624789554_7.jpg,5045624789554_8.jpg,5045624789554_11.jpg",active,Black,8087615
5045624790123,5045624789554_1.jpg,"5045624789554_1.jpg,5045624789554_2.jpg,5045624789554_3.jpg,5045624789554_4.jpg,5045624789554_5.jpg,5045624789554_6.jpg,5045624789554_7.jpg,5045624789554_8.jpg,5045624789554_11.jpg",active,Black,8087615
5045624790154,5045624789554_1.jpg,"5045624789554_1.jpg,5045624789554_2.jpg,5045624789554_3.jpg,5045624789554_4.jpg,5045624789554_5.jpg,5045624789554_6.jpg,5045624789554_7.jpg,5045624789554_8.jpg,5045624789554_11.jpg",active,Black,8087615
5045559094907,5045559094907_1.jpg,"5045559094907_1.jpg,5045559094907_2.jpg,5045559094907_3.jpg,5045559094907_4.jpg,5045559094907_5.jpg,5045559094907_6.jpg,5045559094907_7.jpg,5045559094907_8.jpg,5045559094907_9.jpg,5045559094907_11.jpg",inactive,Black,8087542
5045559094938,5045559094907_1.jpg,"5045559094907_1.jpg,5045559094907_2.jpg,5045559094907_3.jpg,5045559094907_4.jpg,5045559094907_5.jpg,5045559094907_6.jpg,5045559094907_7.jpg,5045559094907_8.jpg,5045559094907_9.jpg,5045559094907_11.jpg",inactive,Black,8087542
5045559094969,5045559094907_1.jpg,"5045559094907_1.jpg,5045559094907_2.jpg,5045559094907_3.jpg,5045559094907_4.jpg,5045559094907_5.jpg,5045559094907_6.jpg,5045559094907_7.jpg,5045559094907_8.jpg,5045559094907_9.jpg,5045559094907_11.jpg",inactive,Black,8087542
5045559094990,5045559094907_1.jpg,"5045559094907_1.jpg,5045559094907_2.jpg,5045559094907_3.jpg,5045559094907_4.jpg,5045559094907_5.jpg,5045559094907_6.jpg,5045559094907_7.jpg,5045559094907_8.jpg,5045559094907_9.jpg,5045559094907_11.jpg",inactive,Black,8087542
5045559095027,5045559094907_1.jpg,"5045559094907_1.jpg,5045559094907_2.jpg,5045559094907_3.jpg,5045559094907_4.jpg,5045559094907_5.jpg,5045559094907_6.jpg,5045559094907_7.jpg,5045559094907_8.jpg,5045559094907_9.jpg,5045559094907_11.jpg",inactive,Black,8087542
5045559095058,5045559094907_1.jpg,"5045559094907_1.jpg,5045559094907_2.jpg,5045559094907_3.jpg,5045559094907_4.jpg,5045559094907_5.jpg,5045559094907_6.jpg,5045559094907_7.jpg,5045559094907_8.jpg,5045559094907_9.jpg,5045559094907_11.jpg",inactive,Black,8087542
5045559095089,5045559094907_1.jpg,"5045559094907_1.jpg,5045559094907_2.jpg,5045559094907_3.jpg,5045559094907_4.jpg,5045559094907_5.jpg,5045559094907_6.jpg,5045559094907_7.jpg,5045559094907_8.jpg,5045559094907_9.jpg,5045559094907_11.jpg",inactive,Black,8087542
5045620524654,5045559094907_1.jpg,"5045559094907_1.jpg,5045559094907_2.jpg,5045559094907_3.jpg,5045559094907_4.jpg,5045559094907_5.jpg,5045559094907_6.jpg,5045559094907_7.jpg,5045559094907_8.jpg,5045559094907_9.jpg,5045559094907_11.jpg",inactive,Black,8087542
5045625986716,5045625986716_1.jpg,"5045625986716_1.jpg,5045625986716_2.jpg,5045625986716_3.jpg,5045625986716_4.jpg,5045625986716_5.jpg,5045625986716_6.jpg,5045625986716_7.jpg,5045625986716_11.jpg",active,Brown,8087381
5045625986747,5045625986716_1.jpg,"5045625986716_1.jpg,5045625986716_2.jpg,5045625986716_3.jpg,5045625986716_4.jpg,5045625986716_5.jpg,5045625986716_6.jpg,5045625986716_7.jpg,5045625986716_11.jpg",active,Brown,8087381
5045625986778,5045625986716_1.jpg,"5045625986716_1.jpg,5045625986716_2.jpg,5045625986716_3.jpg,5045625986716_4.jpg,5045625986716_5.jpg,5045625986716_6.jpg,5045625986716_7.jpg,5045625986716_11.jpg",active,Brown,8087381
5045625986808,5045625986716_1.jpg,"5045625986716_1.jpg,5045625986716_2.jpg,5045625986716_3.jpg,5045625986716_4.jpg,5045625986716_5.jpg,5045625986716_6.jpg,5045625986716_7.jpg,5045625986716_11.jpg",active,Brown,8087381
5045625986839,5045625986716_1.jpg,"5045625986716_1.jpg,5045625986716_2.jpg,5045625986716_3.jpg,5045625986716_4.jpg,5045625986716_5.jpg,5045625986716_6.jpg,5045625986716_7.jpg,5045625986716_11.jpg",active,Brown,8087381
5045625986860,5045625986716_1.jpg,"5045625986716_1.jpg,5045625986716_2.jpg,5045625986716_3.jpg,5045625986716_4.jpg,5045625986716_5.jpg,5045625986716_6.jpg,5045625986716_7.jpg,5045625986716_11.jpg",active,Brown,8087381
5045625986891,5045625986716_1.jpg,"5045625986716_1.jpg,5045625986716_2.jpg,5045625986716_3.jpg,5045625986716_4.jpg,5045625986716_5.jpg,5045625986716_6.jpg,5045625986716_7.jpg,5045625986716_11.jpg",active,Brown,8087381
5045625986921,5045625986716_1.jpg,"5045625986716_1.jpg,5045625986716_2.jpg,5045625986716_3.jpg,5045625986716_4.jpg,5045625986716_5.jpg,5045625986716_6.jpg,5045625986716_7.jpg,5045625986716_11.jpg",active,Brown,8087381
5045625134117,5045625134117_1.jpg,"5045625134117_1.jpg,5045625134117_2.jpg,5045625134117_3.jpg,5045625134117_4.jpg,5045625134117_5.jpg,5045625134117_6.jpg,5045625134117_11.jpg",active,Black,8089275
5045625797473,5045625797473_1.jpg,"5045625797473_1.jpg,5045625797473_2.jpg,5045625797473_3.jpg,5045625797473_4.jpg,5045625797473_5.jpg,5045625797473_11.jpg",active,Black,8087503
5045625797503,5045625797473_1.jpg,"5045625797473_1.jpg,5045625797473_2.jpg,5045625797473_3.jpg,5045625797473_4.jpg,5045625797473_5.jpg,5045625797473_11.jpg",active,Black,8087503
5045625797534,5045625797473_1.jpg,"5045625797473_1.jpg,5045625797473_2.jpg,5045625797473_3.jpg,5045625797473_4.jpg,5045625797473_5.jpg,5045625797473_11.jpg",active,Black,8087503
5045625797565,5045625797473_1.jpg,"5045625797473_1.jpg,5045625797473_2.jpg,5045625797473_3.jpg,5045625797473_4.jpg,5045625797473_5.jpg,5045625797473_11.jpg",active,Black,8087503
5045626749044,5045626749044_1.jpg,"5045626749044_1.jpg,5045626749044_2.jpg,5045626749044_3.jpg,5045626749044_4.jpg,5045626749044_5.jpg,5045626749044_6.jpg,5045626749044_7.jpg,5045626749044_8.jpg,5045626749044_9.jpg,5045626749044_11.jpg",active,Grey,8089446
5045626734576,5045626734576_1.jpg,"5045626734576_1.jpg,5045626734576_2.jpg,5045626734576_3.jpg,5045626734576_4.jpg,5045626734576_5.jpg,5045626734576_11.jpg",active,Yellow,8087363
5045626734606,5045626734576_1.jpg,"5045626734576_1.jpg,5045626734576_2.jpg,5045626734576_3.jpg,5045626734576_4.jpg,5045626734576_5.jpg,5045626734576_11.jpg",active,Yellow,8087363
5045626734637,5045626734576_1.jpg,"5045626734576_1.jpg,5045626734576_2.jpg,5045626734576_3.jpg,5045626734576_4.jpg,5045626734576_5.jpg,5045626734576_11.jpg",active,Yellow,8087363
5045626734668,5045626734576_1.jpg,"5045626734576_1.jpg,5045626734576_2.jpg,5045626734576_3.jpg,5045626734576_4.jpg,5045626734576_5.jpg,5045626734576_11.jpg",active,Yellow,8087363
5045626734699,5045626734576_1.jpg,"5045626734576_1.jpg,5045626734576_2.jpg,5045626734576_3.jpg,5045626734576_4.jpg,5045626734576_5.jpg,5045626734576_11.jpg",active,Yellow,8087363
5045626734729,5045626734576_1.jpg,"5045626734576_1.jpg,5045626734576_2.jpg,5045626734576_3.jpg,5045626734576_4.jpg,5045626734576_5.jpg,5045626734576_11.jpg",active,Yellow,8087363
5045626734750,5045626734576_1.jpg,"5045626734576_1.jpg,5045626734576_2.jpg,5045626734576_3.jpg,5045626734576_4.jpg,5045626734576_5.jpg,5045626734576_11.jpg",active,Yellow,8087363
5045626734781,5045626734576_1.jpg,"5045626734576_1.jpg,5045626734576_2.jpg,5045626734576_3.jpg,5045626734576_4.jpg,5045626734576_5.jpg,5045626734576_11.jpg",active,Yellow,8087363
5045626109824,5045626109824_1.jpg,"5045626109824_1.jpg,5045626109824_2.jpg,5045626109824_3.jpg,5045626109824_4.jpg,5045626109824_11.jpg",active,Blue,8087484
5045626109855,5045626109824_1.jpg,"5045626109824_1.jpg,5045626109824_2.jpg,5045626109824_3.jpg,5045626109824_4.jpg,5045626109824_11.jpg",active,Blue,8087484
5045626109886,5045626109824_1.jpg,"5045626109824_1.jpg,5045626109824_2.jpg,5045626109824_3.jpg,5045626109824_4.jpg,5045626109824_11.jpg",active,Blue,8087484
5045626109916,5045626109824_1.jpg,"5045626109824_1.jpg,5045626109824_2.jpg,5045626109824_3.jpg,5045626109824_4.jpg,5045626109824_11.jpg",active,Blue,8087484
5045625208511,5045625208511_1.jpg,"5045625208511_1.jpg,5045625208511_2.jpg,5045625208511_3.jpg,5045625208511_4.jpg,5045625208511_5.jpg,5045625208511_6.jpg,5045625208511_7.jpg,5045625208511_8.jpg,5045625208511_9.jpg,5045625208511_10.jpg,5045625208511_11.jpg",active,Black,8089319
5045627085523,5045627085523_1.jpg,"5045627085523_1.jpg,5045627085523_2.jpg,5045627085523_3.jpg,5045627085523_4.jpg,5045627085523_5.jpg,5045627085523_6.jpg,5045627085523_7.jpg,5045627085523_8.jpg,5045627085523_11.jpg",active,Brown,8087481
5045627085554,5045627085523_1.jpg,"5045627085523_1.jpg,5045627085523_2.jpg,5045627085523_3.jpg,5045627085523_4.jpg,5045627085523_5.jpg,5045627085523_6.jpg,5045627085523_7.jpg,5045627085523_8.jpg,5045627085523_11.jpg",active,Brown,8087481
5045627085585,5045627085523_1.jpg,"5045627085523_1.jpg,5045627085523_2.jpg,5045627085523_3.jpg,5045627085523_4.jpg,5045627085523_5.jpg,5045627085523_6.jpg,5045627085523_7.jpg,5045627085523_8.jpg,5045627085523_11.jpg",active,Brown,8087481
5045627085615,5045627085523_1.jpg,"5045627085523_1.jpg,5045627085523_2.jpg,5045627085523_3.jpg,5045627085523_4.jpg,5045627085523_5.jpg,5045627085523_6.jpg,5045627085523_7.jpg,5045627085523_8.jpg,5045627085523_11.jpg",active,Brown,8087481
5045627085646,5045627085523_1.jpg,"5045627085523_1.jpg,5045627085523_2.jpg,5045627085523_3.jpg,5045627085523_4.jpg,5045627085523_5.jpg,5045627085523_6.jpg,5045627085523_7.jpg,5045627085523_8.jpg,5045627085523_11.jpg",active,Brown,8087481
5045627085677,5045627085523_1.jpg,"5045627085523_1.jpg,5045627085523_2.jpg,5045627085523_3.jpg,5045627085523_4.jpg,5045627085523_5.jpg,5045627085523_6.jpg,5045627085523_7.jpg,5045627085523_8.jpg,5045627085523_11.jpg",active,Brown,8087481
5045627085707,5045627085523_1.jpg,"5045627085523_1.jpg,5045627085523_2.jpg,5045627085523_3.jpg,5045627085523_4.jpg,5045627085523_5.jpg,5045627085523_6.jpg,5045627085523_7.jpg,5045627085523_8.jpg,5045627085523_11.jpg",active,Brown,8087481
5045627085738,5045627085523_1.jpg,"5045627085523_1.jpg,5045627085523_2.jpg,5045627085523_3.jpg,5045627085523_4.jpg,5045627085523_5.jpg,5045627085523_6.jpg,5045627085523_7.jpg,5045627085523_8.jpg,5045627085523_11.jpg",active,Brown,8087481
5045627085769,5045627085523_1.jpg,"5045627085523_1.jpg,5045627085523_2.jpg,5045627085523_3.jpg,5045627085523_4.jpg,5045627085523_5.jpg,5045627085523_6.jpg,5045627085523_7.jpg,5045627085523_8.jpg,5045627085523_11.jpg",active,Brown,8087481
5045627085790,5045627085523_1.jpg,"5045627085523_1.jpg,5045627085523_2.jpg,5045627085523_3.jpg,5045627085523_4.jpg,5045627085523_5.jpg,5045627085523_6.jpg,5045627085523_7.jpg,5045627085523_8.jpg,5045627085523_11.jpg",active,Brown,8087481
5045625897012,5045625897012_1.jpg,"5045625897012_1.jpg,5045625897012_2.jpg,5045625897012_3.jpg,5045625897012_4.jpg,5045625897012_5.jpg,5045625897012_6.jpg,5045625897012_7.jpg,5045625897012_8.jpg,5045625897012_9.jpg,5045625897012_10.jpg,5045625897012_11.jpg",inactive,Red,8089286
5045627308806,5045627308806_1.jpg,"5045627308806_1.jpg,5045627308806_2.jpg,5045627308806_3.jpg,5045627308806_4.jpg,5045627308806_5.jpg,5045627308806_11.jpg",active,Black,8087421
5045627308837,5045627308806_1.jpg,"5045627308806_1.jpg,5045627308806_2.jpg,5045627308806_3.jpg,5045627308806_4.jpg,5045627308806_5.jpg,5045627308806_11.jpg",active,Black,8087421
5045627308868,5045627308806_1.jpg,"5045627308806_1.jpg,5045627308806_2.jpg,5045627308806_3.jpg,5045627308806_4.jpg,5045627308806_5.jpg,5045627308806_11.jpg",active,Black,8087421
5045627308899,5045627308806_1.jpg,"5045627308806_1.jpg,5045627308806_2.jpg,5045627308806_3.jpg,5045627308806_4.jpg,5045627308806_5.jpg,5045627308806_11.jpg",active,Black,8087421
5045627308929,5045627308806_1.jpg,"5045627308806_1.jpg,5045627308806_2.jpg,5045627308806_3.jpg,5045627308806_4.jpg,5045627308806_5.jpg,5045627308806_11.jpg",active,Black,8087421
5045627308950,5045627308806_1.jpg,"5045627308806_1.jpg,5045627308806_2.jpg,5045627308806_3.jpg,5045627308806_4.jpg,5045627308806_5.jpg,5045627308806_11.jpg",active,Black,8087421
5045627308981,5045627308806_1.jpg,"5045627308806_1.jpg,5045627308806_2.jpg,5045627308806_3.jpg,5045627308806_4.jpg,5045627308806_5.jpg,5045627308806_11.jpg",active,Black,8087421
5045627309018,5045627308806_1.jpg,"5045627308806_1.jpg,5045627308806_2.jpg,5045627308806_3.jpg,5045627308806_4.jpg,5045627308806_5.jpg,5045627308806_11.jpg",active,Black,8087421
5045627309049,5045627308806_1.jpg,"5045627308806_1.jpg,5045627308806_2.jpg,5045627308806_3.jpg,5045627308806_4.jpg,5045627308806_5.jpg,5045627308806_11.jpg",active,Black,8087421
5045626035277,5045626035277_1.jpg,"5045626035277_1.jpg,5045626035277_2.jpg,5045626035277_3.jpg,5045626035277_4.jpg,5045626035277_5.jpg,5045626035277_11.jpg",active,Grey,8089305
5045621072406,5045621072406_1.jpg,"5045621072406_1.jpg,5045621072406_2.jpg,5045621072406_3.jpg,5045621072406_4.jpg,5045621072406_5.jpg,5045621072406_6.jpg,5045621072406_11.jpg",active,Black,7824268
5045621072437,5045621072406_1.jpg,"5045621072406_1.jpg,5045621072406_2.jpg,5045621072406_3.jpg,5045621072406_4.jpg,5045621072406_5.jpg,5045621072406_6.jpg,5045621072406_11.jpg",active,Black,7824268
5045621072468,5045621072406_1.jpg,"5045621072406_1.jpg,5045621072406_2.jpg,5045621072406_3.jpg,5045621072406_4.jpg,5045621072406_5.jpg,5045621072406_6.jpg,5045621072406_11.jpg",active,Black,7824268
5045621072499,5045621072406_1.jpg,"5045621072406_1.jpg,5045621072406_2.jpg,5045621072406_3.jpg,5045621072406_4.jpg,5045621072406_5.jpg,5045621072406_6.jpg,5045621072406_11.jpg",active,Black,7824268
5045621072529,5045621072406_1.jpg,"5045621072406_1.jpg,5045621072406_2.jpg,5045621072406_3.jpg,5045621072406_4.jpg,5045621072406_5.jpg,5045621072406_6.jpg,5045621072406_11.jpg",active,Black,7824268
5045621072550,5045621072406_1.jpg,"5045621072406_1.jpg,5045621072406_2.jpg,5045621072406_3.jpg,5045621072406_4.jpg,5045621072406_5.jpg,5045621072406_6.jpg,5045621072406_11.jpg",active,Black,7824268
5045621072581,5045621072406_1.jpg,"5045621072406_1.jpg,5045621072406_2.jpg,5045621072406_3.jpg,5045621072406_4.jpg,5045621072406_5.jpg,5045621072406_6.jpg,5045621072406_11.jpg",active,Black,7824268
5045621072611,5045621072406_1.jpg,"5045621072406_1.jpg,5045621072406_2.jpg,5045621072406_3.jpg,5045621072406_4.jpg,5045621072406_5.jpg,5045621072406_6.jpg,5045621072406_11.jpg",active,Black,7824268
5045621072642,5045621072406_1.jpg,"5045621072406_1.jpg,5045621072406_2.jpg,5045621072406_3.jpg,5045621072406_4.jpg,5045621072406_5.jpg,5045621072406_6.jpg,5045621072406_11.jpg",active,Black,7824268
5045625882063,5045625882063_1.jpg,"5045625882063_1.jpg,5045625882063_2.jpg,5045625882063_3.jpg,5045625882063_4.jpg,5045625882063_5.jpg,5045625882063_11.jpg",active,Black,8087493
5045625882094,5045625882063_1.jpg,"5045625882063_1.jpg,5045625882063_2.jpg,5045625882063_3.jpg,5045625882063_4.jpg,5045625882063_5.jpg,5045625882063_11.jpg",active,Black,8087493
5045625882124,5045625882063_1.jpg,"5045625882063_1.jpg,5045625882063_2.jpg,5045625882063_3.jpg,5045625882063_4.jpg,5045625882063_5.jpg,5045625882063_11.jpg",active,Black,8087493
5045625882155,5045625882063_1.jpg,"5045625882063_1.jpg,5045625882063_2.jpg,5045625882063_3.jpg,5045625882063_4.jpg,5045625882063_5.jpg,5045625882063_11.jpg",active,Black,8087493
5045625882186,5045625882063_1.jpg,"5045625882063_1.jpg,5045625882063_2.jpg,5045625882063_3.jpg,5045625882063_4.jpg,5045625882063_5.jpg,5045625882063_11.jpg",active,Black,8087493
5045625882216,5045625882063_1.jpg,"5045625882063_1.jpg,5045625882063_2.jpg,5045625882063_3.jpg,5045625882063_4.jpg,5045625882063_5.jpg,5045625882063_11.jpg",active,Black,8087493
5045625882247,5045625882063_1.jpg,"5045625882063_1.jpg,5045625882063_2.jpg,5045625882063_3.jpg,5045625882063_4.jpg,5045625882063_5.jpg,5045625882063_11.jpg",active,Black,8087493
5045626190693,5045626190693_1.jpg,"5045626190693_1.jpg,5045626190693_2.jpg,5045626190693_3.jpg,5045626190693_4.jpg,5045626190693_5.jpg,5045626190693_11.jpg",active,Grey,8089221
5045626190723,5045626190693_1.jpg,"5045626190693_1.jpg,5045626190693_2.jpg,5045626190693_3.jpg,5045626190693_4.jpg,5045626190693_5.jpg,5045626190693_11.jpg",active,Grey,8089221
5045626190754,5045626190693_1.jpg,"5045626190693_1.jpg,5045626190693_2.jpg,5045626190693_3.jpg,5045626190693_4.jpg,5045626190693_5.jpg,5045626190693_11.jpg",active,Grey,8089221
5045626190785,5045626190693_1.jpg,"5045626190693_1.jpg,5045626190693_2.jpg,5045626190693_3.jpg,5045626190693_4.jpg,5045626190693_5.jpg,5045626190693_11.jpg",active,Grey,8089221
5045626190815,5045626190693_1.jpg,"5045626190693_1.jpg,5045626190693_2.jpg,5045626190693_3.jpg,5045626190693_4.jpg,5045626190693_5.jpg,5045626190693_11.jpg",active,Grey,8089221
5045626190846,5045626190693_1.jpg,"5045626190693_1.jpg,5045626190693_2.jpg,5045626190693_3.jpg,5045626190693_4.jpg,5045626190693_5.jpg,5045626190693_11.jpg",active,Grey,8089221
5045626190877,5045626190693_1.jpg,"5045626190693_1.jpg,5045626190693_2.jpg,5045626190693_3.jpg,5045626190693_4.jpg,5045626190693_5.jpg,5045626190693_11.jpg",active,Grey,8089221
5045626190907,5045626190693_1.jpg,"5045626190693_1.jpg,5045626190693_2.jpg,5045626190693_3.jpg,5045626190693_4.jpg,5045626190693_5.jpg,5045626190693_11.jpg",active,Grey,8089221
5045626981710,5045626981710_1.jpg,"5045626981710_1.jpg,5045626981710_2.jpg,5045626981710_3.jpg,5045626981710_4.jpg,5045626981710_5.jpg,5045626981710_6.jpg,5045626981710_7.jpg,5045626981710_8.jpg,5045626981710_9.jpg,5045626981710_10.jpg,5045626981710_11.jpg",active,White,8087629
5045626981741,5045626981710_1.jpg,"5045626981710_1.jpg,5045626981710_2.jpg,5045626981710_3.jpg,5045626981710_4.jpg,5045626981710_5.jpg,5045626981710_6.jpg,5045626981710_7.jpg,5045626981710_8.jpg,5045626981710_9.jpg,5045626981710_10.jpg,5045626981710_11.jpg",active,White,8087629
5045626981772,5045626981710_1.jpg,"5045626981710_1.jpg,5045626981710_2.jpg,5045626981710_3.jpg,5045626981710_4.jpg,5045626981710_5.jpg,5045626981710_6.jpg,5045626981710_7.jpg,5045626981710_8.jpg,5045626981710_9.jpg,5045626981710_10.jpg,5045626981710_11.jpg",active,White,8087629
5045626981802,5045626981710_1.jpg,"5045626981710_1.jpg,5045626981710_2.jpg,5045626981710_3.jpg,5045626981710_4.jpg,5045626981710_5.jpg,5045626981710_6.jpg,5045626981710_7.jpg,5045626981710_8.jpg,5045626981710_9.jpg,5045626981710_10.jpg,5045626981710_11.jpg",active,White,8087629
5045626981833,5045626981710_1.jpg,"5045626981710_1.jpg,5045626981710_2.jpg,5045626981710_3.jpg,5045626981710_4.jpg,5045626981710_5.jpg,5045626981710_6.jpg,5045626981710_7.jpg,5045626981710_8.jpg,5045626981710_9.jpg,5045626981710_10.jpg,5045626981710_11.jpg",active,White,8087629
5045626981864,5045626981710_1.jpg,"5045626981710_1.jpg,5045626981710_2.jpg,5045626981710_3.jpg,5045626981710_4.jpg,5045626981710_5.jpg,5045626981710_6.jpg,5045626981710_7.jpg,5045626981710_8.jpg,5045626981710_9.jpg,5045626981710_10.jpg,5045626981710_11.jpg",active,White,8087629
5045627260395,5045627260395_1.jpg,"5045627260395_1.jpg,5045627260395_2.jpg,5045627260395_3.jpg,5045627260395_4.jpg,5045627260395_5.jpg,5045627260395_6.jpg,5045627260395_7.jpg,5045627260395_11.jpg",active,Brown,8087514
5045627260425,5045627260395_1.jpg,"5045627260395_1.jpg,5045627260395_2.jpg,5045627260395_3.jpg,5045627260395_4.jpg,5045627260395_5.jpg,5045627260395_6.jpg,5045627260395_7.jpg,5045627260395_11.jpg",active,Brown,8087514
5045627260456,5045627260395_1.jpg,"5045627260395_1.jpg,5045627260395_2.jpg,5045627260395_3.jpg,5045627260395_4.jpg,5045627260395_5.jpg,5045627260395_6.jpg,5045627260395_7.jpg,5045627260395_11.jpg",active,Brown,8087514
5045627260487,5045627260395_1.jpg,"5045627260395_1.jpg,5045627260395_2.jpg,5045627260395_3.jpg,5045627260395_4.jpg,5045627260395_5.jpg,5045627260395_6.jpg,5045627260395_7.jpg,5045627260395_11.jpg",active,Brown,8087514
5045627260517,5045627260395_1.jpg,"5045627260395_1.jpg,5045627260395_2.jpg,5045627260395_3.jpg,5045627260395_4.jpg,5045627260395_5.jpg,5045627260395_6.jpg,5045627260395_7.jpg,5045627260395_11.jpg",active,Brown,8087514
5045627260548,5045627260395_1.jpg,"5045627260395_1.jpg,5045627260395_2.jpg,5045627260395_3.jpg,5045627260395_4.jpg,5045627260395_5.jpg,5045627260395_6.jpg,5045627260395_7.jpg,5045627260395_11.jpg",active,Brown,8087514
5045627260579,5045627260395_1.jpg,"5045627260395_1.jpg,5045627260395_2.jpg,5045627260395_3.jpg,5045627260395_4.jpg,5045627260395_5.jpg,5045627260395_6.jpg,5045627260395_7.jpg,5045627260395_11.jpg",active,Brown,8087514
5045627260609,5045627260395_1.jpg,"5045627260395_1.jpg,5045627260395_2.jpg,5045627260395_3.jpg,5045627260395_4.jpg,5045627260395_5.jpg,5045627260395_6.jpg,5045627260395_7.jpg,5045627260395_11.jpg",active,Brown,8087514
5045627260630,5045627260395_1.jpg,"5045627260395_1.jpg,5045627260395_2.jpg,5045627260395_3.jpg,5045627260395_4.jpg,5045627260395_5.jpg,5045627260395_6.jpg,5045627260395_7.jpg,5045627260395_11.jpg",active,Brown,8087514
5045626071510,5045626071510_1.jpg,"5045626071510_1.jpg,5045626071510_2.jpg,5045626071510_3.jpg,5045626071510_4.jpg,5045626071510_5.jpg,5045626071510_11.jpg",active,Black,8087498
5045626071541,5045626071510_1.jpg,"5045626071510_1.jpg,5045626071510_2.jpg,5045626071510_3.jpg,5045626071510_4.jpg,5045626071510_5.jpg,5045626071510_11.jpg",active,Black,8087498
5045626071572,5045626071510_1.jpg,"5045626071510_1.jpg,5045626071510_2.jpg,5045626071510_3.jpg,5045626071510_4.jpg,5045626071510_5.jpg,5045626071510_11.jpg",active,Black,8087498
5045626071602,5045626071510_1.jpg,"5045626071510_1.jpg,5045626071510_2.jpg,5045626071510_3.jpg,5045626071510_4.jpg,5045626071510_5.jpg,5045626071510_11.jpg",active,Black,8087498
5045626071633,5045626071510_1.jpg,"5045626071510_1.jpg,5045626071510_2.jpg,5045626071510_3.jpg,5045626071510_4.jpg,5045626071510_5.jpg,5045626071510_11.jpg",active,Black,8087498
5045626071664,5045626071510_1.jpg,"5045626071510_1.jpg,5045626071510_2.jpg,5045626071510_3.jpg,5045626071510_4.jpg,5045626071510_5.jpg,5045626071510_11.jpg",active,Black,8087498
5045626071725,5045626071510_1.jpg,"5045626071510_1.jpg,5045626071510_2.jpg,5045626071510_3.jpg,5045626071510_4.jpg,5045626071510_5.jpg,5045626071510_11.jpg",active,Black,8087498
5045626758251,5045626758251_1.jpg,"5045626758251_1.jpg,5045626758251_2.jpg,5045626758251_3.jpg,5045626758251_4.jpg,5045626758251_5.jpg,5045626758251_6.jpg,5045626758251_7.jpg,5045626758251_11.jpg",active,Green,8087424
5045626758312,5045626758251_1.jpg,"5045626758251_1.jpg,5045626758251_2.jpg,5045626758251_3.jpg,5045626758251_4.jpg,5045626758251_5.jpg,5045626758251_6.jpg,5045626758251_7.jpg,5045626758251_11.jpg",active,Green,8087424
5045626758374,5045626758251_1.jpg,"5045626758251_1.jpg,5045626758251_2.jpg,5045626758251_3.jpg,5045626758251_4.jpg,5045626758251_5.jpg,5045626758251_6.jpg,5045626758251_7.jpg,5045626758251_11.jpg",active,Green,8087424
5045626758435,5045626758251_1.jpg,"5045626758251_1.jpg,5045626758251_2.jpg,5045626758251_3.jpg,5045626758251_4.jpg,5045626758251_5.jpg,5045626758251_6.jpg,5045626758251_7.jpg,5045626758251_11.jpg",active,Green,8087424
5045626758497,5045626758251_1.jpg,"5045626758251_1.jpg,5045626758251_2.jpg,5045626758251_3.jpg,5045626758251_4.jpg,5045626758251_5.jpg,5045626758251_6.jpg,5045626758251_7.jpg,5045626758251_11.jpg",active,Green,8087424
5045626758558,5045626758251_1.jpg,"5045626758251_1.jpg,5045626758251_2.jpg,5045626758251_3.jpg,5045626758251_4.jpg,5045626758251_5.jpg,5045626758251_6.jpg,5045626758251_7.jpg,5045626758251_11.jpg",active,Green,8087424
5045626758619,5045626758251_1.jpg,"5045626758251_1.jpg,5045626758251_2.jpg,5045626758251_3.jpg,5045626758251_4.jpg,5045626758251_5.jpg,5045626758251_6.jpg,5045626758251_7.jpg,5045626758251_11.jpg",active,Green,8087424
5045626758671,5045626758251_1.jpg,"5045626758251_1.jpg,5045626758251_2.jpg,5045626758251_3.jpg,5045626758251_4.jpg,5045626758251_5.jpg,5045626758251_6.jpg,5045626758251_7.jpg,5045626758251_11.jpg",active,Green,8087424
5045625442649,5045625442649_1.jpg,"5045625442649_1.jpg,5045625442649_2.jpg,5045625442649_3.jpg,5045625442649_4.jpg,5045625442649_5.jpg,5045625442649_11.jpg",active,White,8087552
5045625442670,5045625442649_1.jpg,"5045625442649_1.jpg,5045625442649_2.jpg,5045625442649_3.jpg,5045625442649_4.jpg,5045625442649_5.jpg,5045625442649_11.jpg",active,White,8087552
5045625442700,5045625442649_1.jpg,"5045625442649_1.jpg,5045625442649_2.jpg,5045625442649_3.jpg,5045625442649_4.jpg,5045625442649_5.jpg,5045625442649_11.jpg",active,White,8087552
5045625442731,5045625442649_1.jpg,"5045625442649_1.jpg,5045625442649_2.jpg,5045625442649_3.jpg,5045625442649_4.jpg,5045625442649_5.jpg,5045625442649_11.jpg",active,White,8087552
5045625945034,5045625945034_1.jpg,"5045625945034_1.jpg,5045625945034_2.jpg,5045625945034_3.jpg,5045625945034_4.jpg,5045625945034_5.jpg,5045625945034_6.jpg,5045625945034_7.jpg,5045625945034_8.jpg,5045625945034_11.jpg",active,White,8087470
5045625945065,5045625945034_1.jpg,"5045625945034_1.jpg,5045625945034_2.jpg,5045625945034_3.jpg,5045625945034_4.jpg,5045625945034_5.jpg,5045625945034_6.jpg,5045625945034_7.jpg,5045625945034_8.jpg,5045625945034_11.jpg",active,White,8087470
5045625945096,5045625945034_1.jpg,"5045625945034_1.jpg,5045625945034_2.jpg,5045625945034_3.jpg,5045625945034_4.jpg,5045625945034_5.jpg,5045625945034_6.jpg,5045625945034_7.jpg,5045625945034_8.jpg,5045625945034_11.jpg",active,White,8087470
5045625945126,5045625945034_1.jpg,"5045625945034_1.jpg,5045625945034_2.jpg,5045625945034_3.jpg,5045625945034_4.jpg,5045625945034_5.jpg,5045625945034_6.jpg,5045625945034_7.jpg,5045625945034_8.jpg,5045625945034_11.jpg",active,White,8087470
5045625945157,5045625945034_1.jpg,"5045625945034_1.jpg,5045625945034_2.jpg,5045625945034_3.jpg,5045625945034_4.jpg,5045625945034_5.jpg,5045625945034_6.jpg,5045625945034_7.jpg,5045625945034_8.jpg,5045625945034_11.jpg",active,White,8087470
5045625945188,5045625945034_1.jpg,"5045625945034_1.jpg,5045625945034_2.jpg,5045625945034_3.jpg,5045625945034_4.jpg,5045625945034_5.jpg,5045625945034_6.jpg,5045625945034_7.jpg,5045625945034_8.jpg,5045625945034_11.jpg",active,White,8087470
5045625945218,5045625945034_1.jpg,"5045625945034_1.jpg,5045625945034_2.jpg,5045625945034_3.jpg,5045625945034_4.jpg,5045625945034_5.jpg,5045625945034_6.jpg,5045625945034_7.jpg,5045625945034_8.jpg,5045625945034_11.jpg",active,White,8087470
5045625945249,5045625945034_1.jpg,"5045625945034_1.jpg,5045625945034_2.jpg,5045625945034_3.jpg,5045625945034_4.jpg,5045625945034_5.jpg,5045625945034_6.jpg,5045625945034_7.jpg,5045625945034_8.jpg,5045625945034_11.jpg",active,White,8087470
5045625945270,5045625945034_1.jpg,"5045625945034_1.jpg,5045625945034_2.jpg,5045625945034_3.jpg,5045625945034_4.jpg,5045625945034_5.jpg,5045625945034_6.jpg,5045625945034_7.jpg,5045625945034_8.jpg,5045625945034_11.jpg",active,White,8087470
5045625945300,5045625945034_1.jpg,"5045625945034_1.jpg,5045625945034_2.jpg,5045625945034_3.jpg,5045625945034_4.jpg,5045625945034_5.jpg,5045625945034_6.jpg,5045625945034_7.jpg,5045625945034_8.jpg,5045625945034_11.jpg",active,White,8087470
5045625858907,5045625858907_1.jpg,"5045625858907_1.jpg,5045625858907_2.jpg,5045625858907_3.jpg,5045625858907_4.jpg,5045625858907_5.jpg,5045625858907_6.jpg,5045625858907_7.jpg,5045625858907_8.jpg,5045625858907_9.jpg,5045625858907_11.jpg",active,Orange,8089383
5045626145297,5045626145297_1.jpg,"5045626145297_1.jpg,5045626145297_2.jpg,5045626145297_3.jpg,5045626145297_4.jpg,5045626145297_5.jpg,5045626145297_6.jpg,5045626145297_11.jpg",active,Brown,8089414
5045626145327,5045626145297_1.jpg,"5045626145297_1.jpg,5045626145297_2.jpg,5045626145297_3.jpg,5045626145297_4.jpg,5045626145297_5.jpg,5045626145297_6.jpg,5045626145297_11.jpg",active,Brown,8089414
5045626145358,5045626145297_1.jpg,"5045626145297_1.jpg,5045626145297_2.jpg,5045626145297_3.jpg,5045626145297_4.jpg,5045626145297_5.jpg,5045626145297_6.jpg,5045626145297_11.jpg",active,Brown,8089414
5045627550380,5045627550380_1.jpg,"5045627550380_1.jpg,5045627550380_2.jpg,5045627550380_3.jpg,5045627550380_4.jpg,5045627550380_5.jpg,5045627550380_6.jpg,5045627550380_7.jpg,5045627550380_11.jpg",active,White,8087553
5045627550410,5045627550380_1.jpg,"5045627550380_1.jpg,5045627550380_2.jpg,5045627550380_3.jpg,5045627550380_4.jpg,5045627550380_5.jpg,5045627550380_6.jpg,5045627550380_7.jpg,5045627550380_11.jpg",active,White,8087553
5045627550441,5045627550380_1.jpg,"5045627550380_1.jpg,5045627550380_2.jpg,5045627550380_3.jpg,5045627550380_4.jpg,5045627550380_5.jpg,5045627550380_6.jpg,5045627550380_7.jpg,5045627550380_11.jpg",active,White,8087553
5045627550472,5045627550380_1.jpg,"5045627550380_1.jpg,5045627550380_2.jpg,5045627550380_3.jpg,5045627550380_4.jpg,5045627550380_5.jpg,5045627550380_6.jpg,5045627550380_7.jpg,5045627550380_11.jpg",active,White,8087553
5045627550502,5045627550380_1.jpg,"5045627550380_1.jpg,5045627550380_2.jpg,5045627550380_3.jpg,5045627550380_4.jpg,5045627550380_5.jpg,5045627550380_6.jpg,5045627550380_7.jpg,5045627550380_11.jpg",active,White,8087553
5045627550533,5045627550380_1.jpg,"5045627550380_1.jpg,5045627550380_2.jpg,5045627550380_3.jpg,5045627550380_4.jpg,5045627550380_5.jpg,5045627550380_6.jpg,5045627550380_7.jpg,5045627550380_11.jpg",active,White,8087553
5045627550564,5045627550380_1.jpg,"5045627550380_1.jpg,5045627550380_2.jpg,5045627550380_3.jpg,5045627550380_4.jpg,5045627550380_5.jpg,5045627550380_6.jpg,5045627550380_7.jpg,5045627550380_11.jpg",active,White,8087553
5045625907308,5045625907308_1.jpg,"5045625907308_1.jpg,5045625907308_2.jpg,5045625907308_3.jpg,5045625907308_4.jpg,5045625907308_5.jpg,5045625907308_6.jpg,5045625907308_7.jpg,5045625907308_11.jpg",active,Grey,8087630
5045625907339,5045625907308_1.jpg,"5045625907308_1.jpg,5045625907308_2.jpg,5045625907308_3.jpg,5045625907308_4.jpg,5045625907308_5.jpg,5045625907308_6.jpg,5045625907308_7.jpg,5045625907308_11.jpg",active,Grey,8087630
5045625907360,5045625907308_1.jpg,"5045625907308_1.jpg,5045625907308_2.jpg,5045625907308_3.jpg,5045625907308_4.jpg,5045625907308_5.jpg,5045625907308_6.jpg,5045625907308_7.jpg,5045625907308_11.jpg",active,Grey,8087630
5045625907391,5045625907308_1.jpg,"5045625907308_1.jpg,5045625907308_2.jpg,5045625907308_3.jpg,5045625907308_4.jpg,5045625907308_5.jpg,5045625907308_6.jpg,5045625907308_7.jpg,5045625907308_11.jpg",active,Grey,8087630
5045625907421,5045625907308_1.jpg,"5045625907308_1.jpg,5045625907308_2.jpg,5045625907308_3.jpg,5045625907308_4.jpg,5045625907308_5.jpg,5045625907308_6.jpg,5045625907308_7.jpg,5045625907308_11.jpg",active,Grey,8087630
5045625907452,5045625907308_1.jpg,"5045625907308_1.jpg,5045625907308_2.jpg,5045625907308_3.jpg,5045625907308_4.jpg,5045625907308_5.jpg,5045625907308_6.jpg,5045625907308_7.jpg,5045625907308_11.jpg",active,Grey,8087630
5045625907483,5045625907308_1.jpg,"5045625907308_1.jpg,5045625907308_2.jpg,5045625907308_3.jpg,5045625907308_4.jpg,5045625907308_5.jpg,5045625907308_6.jpg,5045625907308_7.jpg,5045625907308_11.jpg",active,Grey,8087630
5045559095119,5045559095119_1.jpg,"5045559095119_1.jpg,5045559095119_2.jpg,5045559095119_3.jpg,5045559095119_4.jpg,5045559095119_5.jpg,5045559095119_6.jpg,5045559095119_7.jpg,5045559095119_8.jpg,5045559095119_11.jpg",inactive,Blue,8087547
5045559095140,5045559095119_1.jpg,"5045559095119_1.jpg,5045559095119_2.jpg,5045559095119_3.jpg,5045559095119_4.jpg,5045559095119_5.jpg,5045559095119_6.jpg,5045559095119_7.jpg,5045559095119_8.jpg,5045559095119_11.jpg",inactive,Blue,8087547
5045559095171,5045559095119_1.jpg,"5045559095119_1.jpg,5045559095119_2.jpg,5045559095119_3.jpg,5045559095119_4.jpg,5045559095119_5.jpg,5045559095119_6.jpg,5045559095119_7.jpg,5045559095119_8.jpg,5045559095119_11.jpg",inactive,Blue,8087547
5045559095201,5045559095119_1.jpg,"5045559095119_1.jpg,5045559095119_2.jpg,5045559095119_3.jpg,5045559095119_4.jpg,5045559095119_5.jpg,5045559095119_6.jpg,5045559095119_7.jpg,5045559095119_8.jpg,5045559095119_11.jpg",inactive,Blue,8087547
5045559095232,5045559095119_1.jpg,"5045559095119_1.jpg,5045559095119_2.jpg,5045559095119_3.jpg,5045559095119_4.jpg,5045559095119_5.jpg,5045559095119_6.jpg,5045559095119_7.jpg,5045559095119_8.jpg,5045559095119_11.jpg",inactive,Blue,8087547
5045559095263,5045559095119_1.jpg,"5045559095119_1.jpg,5045559095119_2.jpg,5045559095119_3.jpg,5045559095119_4.jpg,5045559095119_5.jpg,5045559095119_6.jpg,5045559095119_7.jpg,5045559095119_8.jpg,5045559095119_11.jpg",inactive,Blue,8087547
5045559095294,5045559095119_1.jpg,"5045559095119_1.jpg,5045559095119_2.jpg,5045559095119_3.jpg,5045559095119_4.jpg,5045559095119_5.jpg,5045559095119_6.jpg,5045559095119_7.jpg,5045559095119_8.jpg,5045559095119_11.jpg",inactive,Blue,8087547
5045620524623,5045559095119_1.jpg,"5045559095119_1.jpg,5045559095119_2.jpg,5045559095119_3.jpg,5045559095119_4.jpg,5045559095119_5.jpg,5045559095119_6.jpg,5045559095119_7.jpg,5045559095119_8.jpg,5045559095119_11.jpg",inactive,Blue,8087547
5045626946467,5045626946467_1.jpg,"5045626946467_1.jpg,5045626946467_2.jpg,5045626946467_3.jpg,5045626946467_4.jpg,5045626946467_5.jpg,5045626946467_6.jpg,5045626946467_7.jpg,5045626946467_11.jpg",active,Black,8089227
5045626946498,5045626946467_1.jpg,"5045626946467_1.jpg,5045626946467_2.jpg,5045626946467_3.jpg,5045626946467_4.jpg,5045626946467_5.jpg,5045626946467_6.jpg,5045626946467_7.jpg,5045626946467_11.jpg",active,Black,8089227
5045626946528,5045626946467_1.jpg,"5045626946467_1.jpg,5045626946467_2.jpg,5045626946467_3.jpg,5045626946467_4.jpg,5045626946467_5.jpg,5045626946467_6.jpg,5045626946467_7.jpg,5045626946467_11.jpg",active,Black,8089227
5045626946559,5045626946467_1.jpg,"5045626946467_1.jpg,5045626946467_2.jpg,5045626946467_3.jpg,5045626946467_4.jpg,5045626946467_5.jpg,5045626946467_6.jpg,5045626946467_7.jpg,5045626946467_11.jpg",active,Black,8089227
5045626946580,5045626946467_1.jpg,"5045626946467_1.jpg,5045626946467_2.jpg,5045626946467_3.jpg,5045626946467_4.jpg,5045626946467_5.jpg,5045626946467_6.jpg,5045626946467_7.jpg,5045626946467_11.jpg",active,Black,8089227
5045626946610,5045626946467_1.jpg,"5045626946467_1.jpg,5045626946467_2.jpg,5045626946467_3.jpg,5045626946467_4.jpg,5045626946467_5.jpg,5045626946467_6.jpg,5045626946467_7.jpg,5045626946467_11.jpg",active,Black,8089227
5045626946641,5045626946467_1.jpg,"5045626946467_1.jpg,5045626946467_2.jpg,5045626946467_3.jpg,5045626946467_4.jpg,5045626946467_5.jpg,5045626946467_6.jpg,5045626946467_7.jpg,5045626946467_11.jpg",active,Black,8089227
5045622805034,5045622805034_1.jpg,"5045622805034_1.jpg,5045622805034_2.jpg,5045622805034_3.jpg,5045622805034_4.jpg,5045622805034_5.jpg,5045622805034_6.jpg,5045622805034_7.jpg,5045622805034_11.jpg",active,Beige,8089194
5045626101903,5045626101903_1.jpg,"5045626101903_1.jpg,5045626101903_2.jpg,5045626101903_3.jpg,5045626101903_4.jpg,5045626101903_5.jpg,5045626101903_6.jpg,5045626101903_11.jpg",active,Beige,8087555
5045626101934,5045626101903_1.jpg,"5045626101903_1.jpg,5045626101903_2.jpg,5045626101903_3.jpg,5045626101903_4.jpg,5045626101903_5.jpg,5045626101903_6.jpg,5045626101903_11.jpg",active,Beige,8087555
5045626101965,5045626101903_1.jpg,"5045626101903_1.jpg,5045626101903_2.jpg,5045626101903_3.jpg,5045626101903_4.jpg,5045626101903_5.jpg,5045626101903_6.jpg,5045626101903_11.jpg",active,Beige,8087555
5045626101996,5045626101903_1.jpg,"5045626101903_1.jpg,5045626101903_2.jpg,5045626101903_3.jpg,5045626101903_4.jpg,5045626101903_5.jpg,5045626101903_6.jpg,5045626101903_11.jpg",active,Beige,8087555
5045626102023,5045626101903_1.jpg,"5045626101903_1.jpg,5045626101903_2.jpg,5045626101903_3.jpg,5045626101903_4.jpg,5045626101903_5.jpg,5045626101903_6.jpg,5045626101903_11.jpg",active,Beige,8087555
5045626102054,5045626101903_1.jpg,"5045626101903_1.jpg,5045626101903_2.jpg,5045626101903_3.jpg,5045626101903_4.jpg,5045626101903_5.jpg,5045626101903_6.jpg,5045626101903_11.jpg",active,Beige,8087555
5045626102085,5045626101903_1.jpg,"5045626101903_1.jpg,5045626101903_2.jpg,5045626101903_3.jpg,5045626101903_4.jpg,5045626101903_5.jpg,5045626101903_6.jpg,5045626101903_11.jpg",active,Beige,8087555
5045625993196,5045625993196_1.jpg,"5045625993196_1.jpg,5045625993196_2.jpg,5045625993196_3.jpg,5045625993196_4.jpg,5045625993196_5.jpg,5045625993196_6.jpg,5045625993196_11.jpg",active,Brown,8089310
5045625993226,5045625993196_1.jpg,"5045625993196_1.jpg,5045625993196_2.jpg,5045625993196_3.jpg,5045625993196_4.jpg,5045625993196_5.jpg,5045625993196_6.jpg,5045625993196_11.jpg",active,Brown,8089310
5045625993257,5045625993196_1.jpg,"5045625993196_1.jpg,5045625993196_2.jpg,5045625993196_3.jpg,5045625993196_4.jpg,5045625993196_5.jpg,5045625993196_6.jpg,5045625993196_11.jpg",active,Brown,8089310
5045625993288,5045625993196_1.jpg,"5045625993196_1.jpg,5045625993196_2.jpg,5045625993196_3.jpg,5045625993196_4.jpg,5045625993196_5.jpg,5045625993196_6.jpg,5045625993196_11.jpg",active,Brown,8089310
5045625993318,5045625993196_1.jpg,"5045625993196_1.jpg,5045625993196_2.jpg,5045625993196_3.jpg,5045625993196_4.jpg,5045625993196_5.jpg,5045625993196_6.jpg,5045625993196_11.jpg",active,Brown,8089310
5045625993349,5045625993196_1.jpg,"5045625993196_1.jpg,5045625993196_2.jpg,5045625993196_3.jpg,5045625993196_4.jpg,5045625993196_5.jpg,5045625993196_6.jpg,5045625993196_11.jpg",active,Brown,8089310
5045625993370,5045625993196_1.jpg,"5045625993196_1.jpg,5045625993196_2.jpg,5045625993196_3.jpg,5045625993196_4.jpg,5045625993196_5.jpg,5045625993196_6.jpg,5045625993196_11.jpg",active,Brown,8089310
5045627022078,5045627022078_1.jpg,"5045627022078_1.jpg,5045627022078_2.jpg,5045627022078_3.jpg,5045627022078_4.jpg,5045627022078_5.jpg,5045627022078_11.jpg",active,White,8087483
5045627022108,5045627022078_1.jpg,"5045627022078_1.jpg,5045627022078_2.jpg,5045627022078_3.jpg,5045627022078_4.jpg,5045627022078_5.jpg,5045627022078_11.jpg",active,White,8087483
5045627022139,5045627022078_1.jpg,"5045627022078_1.jpg,5045627022078_2.jpg,5045627022078_3.jpg,5045627022078_4.jpg,5045627022078_5.jpg,5045627022078_11.jpg",active,White,8087483
5045627022160,5045627022078_1.jpg,"5045627022078_1.jpg,5045627022078_2.jpg,5045627022078_3.jpg,5045627022078_4.jpg,5045627022078_5.jpg,5045627022078_11.jpg",active,White,8087483
5045627022191,5045627022078_1.jpg,"5045627022078_1.jpg,5045627022078_2.jpg,5045627022078_3.jpg,5045627022078_4.jpg,5045627022078_5.jpg,5045627022078_11.jpg",active,White,8087483
5045627022221,5045627022078_1.jpg,"5045627022078_1.jpg,5045627022078_2.jpg,5045627022078_3.jpg,5045627022078_4.jpg,5045627022078_5.jpg,5045627022078_11.jpg",active,White,8087483
5045627022252,5045627022078_1.jpg,"5045627022078_1.jpg,5045627022078_2.jpg,5045627022078_3.jpg,5045627022078_4.jpg,5045627022078_5.jpg,5045627022078_11.jpg",active,White,8087483
5045627022283,5045627022078_1.jpg,"5045627022078_1.jpg,5045627022078_2.jpg,5045627022078_3.jpg,5045627022078_4.jpg,5045627022078_5.jpg,5045627022078_11.jpg",active,White,8087483
5045626984520,5045626984520_1.jpg,"5045626984520_1.jpg,5045626984520_2.jpg,5045626984520_3.jpg,5045626984520_4.jpg,5045626984520_5.jpg,5045626984520_6.jpg,5045626984520_11.jpg",active,Beige,8089229
5045626984551,5045626984520_1.jpg,"5045626984520_1.jpg,5045626984520_2.jpg,5045626984520_3.jpg,5045626984520_4.jpg,5045626984520_5.jpg,5045626984520_6.jpg,5045626984520_11.jpg",active,Beige,8089229
5045626984582,5045626984520_1.jpg,"5045626984520_1.jpg,5045626984520_2.jpg,5045626984520_3.jpg,5045626984520_4.jpg,5045626984520_5.jpg,5045626984520_6.jpg,5045626984520_11.jpg",active,Beige,8089229
5045626984612,5045626984520_1.jpg,"5045626984520_1.jpg,5045626984520_2.jpg,5045626984520_3.jpg,5045626984520_4.jpg,5045626984520_5.jpg,5045626984520_6.jpg,5045626984520_11.jpg",active,Beige,8089229
5045626984643,5045626984520_1.jpg,"5045626984520_1.jpg,5045626984520_2.jpg,5045626984520_3.jpg,5045626984520_4.jpg,5045626984520_5.jpg,5045626984520_6.jpg,5045626984520_11.jpg",active,Beige,8089229
5045626984674,5045626984520_1.jpg,"5045626984520_1.jpg,5045626984520_2.jpg,5045626984520_3.jpg,5045626984520_4.jpg,5045626984520_5.jpg,5045626984520_6.jpg,5045626984520_11.jpg",active,Beige,8089229
5045626984704,5045626984520_1.jpg,"5045626984520_1.jpg,5045626984520_2.jpg,5045626984520_3.jpg,5045626984520_4.jpg,5045626984520_5.jpg,5045626984520_6.jpg,5045626984520_11.jpg",active,Beige,8089229
5045626807560,5045626807560_1.jpg,"5045626807560_1.jpg,5045626807560_2.jpg,5045626807560_3.jpg,5045626807560_4.jpg,5045626807560_5.jpg,5045626807560_6.jpg,5045626807560_11.jpg",active,Pink,8087459
5045626807591,5045626807560_1.jpg,"5045626807560_1.jpg,5045626807560_2.jpg,5045626807560_3.jpg,5045626807560_4.jpg,5045626807560_5.jpg,5045626807560_6.jpg,5045626807560_11.jpg",active,Pink,8087459
5045626807621,5045626807560_1.jpg,"5045626807560_1.jpg,5045626807560_2.jpg,5045626807560_3.jpg,5045626807560_4.jpg,5045626807560_5.jpg,5045626807560_6.jpg,5045626807560_11.jpg",active,Pink,8087459
5045626807652,5045626807560_1.jpg,"5045626807560_1.jpg,5045626807560_2.jpg,5045626807560_3.jpg,5045626807560_4.jpg,5045626807560_5.jpg,5045626807560_6.jpg,5045626807560_11.jpg",active,Pink,8087459
5045626807683,5045626807560_1.jpg,"5045626807560_1.jpg,5045626807560_2.jpg,5045626807560_3.jpg,5045626807560_4.jpg,5045626807560_5.jpg,5045626807560_6.jpg,5045626807560_11.jpg",active,Pink,8087459
5045626807713,5045626807560_1.jpg,"5045626807560_1.jpg,5045626807560_2.jpg,5045626807560_3.jpg,5045626807560_4.jpg,5045626807560_5.jpg,5045626807560_6.jpg,5045626807560_11.jpg",active,Pink,8087459
5045626807744,5045626807560_1.jpg,"5045626807560_1.jpg,5045626807560_2.jpg,5045626807560_3.jpg,5045626807560_4.jpg,5045626807560_5.jpg,5045626807560_6.jpg,5045626807560_11.jpg",active,Pink,8087459
5045626072050,5045626072050_1.jpg,"5045626072050_1.jpg,5045626072050_2.jpg,5045626072050_3.jpg,5045626072050_4.jpg,5045626072050_5.jpg,5045626072050_6.jpg,5045626072050_11.jpg",active,Brown,8087387
5045626072081,5045626072050_1.jpg,"5045626072050_1.jpg,5045626072050_2.jpg,5045626072050_3.jpg,5045626072050_4.jpg,5045626072050_5.jpg,5045626072050_6.jpg,5045626072050_11.jpg",active,Brown,8087387
5045626072111,5045626072050_1.jpg,"5045626072050_1.jpg,5045626072050_2.jpg,5045626072050_3.jpg,5045626072050_4.jpg,5045626072050_5.jpg,5045626072050_6.jpg,5045626072050_11.jpg",active,Brown,8087387
5045626072142,5045626072050_1.jpg,"5045626072050_1.jpg,5045626072050_2.jpg,5045626072050_3.jpg,5045626072050_4.jpg,5045626072050_5.jpg,5045626072050_6.jpg,5045626072050_11.jpg",active,Brown,8087387
5045626072173,5045626072050_1.jpg,"5045626072050_1.jpg,5045626072050_2.jpg,5045626072050_3.jpg,5045626072050_4.jpg,5045626072050_5.jpg,5045626072050_6.jpg,5045626072050_11.jpg",active,Brown,8087387
5045626072203,5045626072050_1.jpg,"5045626072050_1.jpg,5045626072050_2.jpg,5045626072050_3.jpg,5045626072050_4.jpg,5045626072050_5.jpg,5045626072050_6.jpg,5045626072050_11.jpg",active,Brown,8087387
5045626072265,5045626072050_1.jpg,"5045626072050_1.jpg,5045626072050_2.jpg,5045626072050_3.jpg,5045626072050_4.jpg,5045626072050_5.jpg,5045626072050_6.jpg,5045626072050_11.jpg",active,Brown,8087387
5045622966117,5045622966117_1.jpg,"5045622966117_1.jpg,5045622966117_2.jpg,5045622966117_3.jpg,5045622966117_4.jpg,5045622966117_5.jpg,5045622966117_6.jpg,5045622966117_11.jpg",active,Blue,8087441
5045622966148,5045622966117_1.jpg,"5045622966117_1.jpg,5045622966117_2.jpg,5045622966117_3.jpg,5045622966117_4.jpg,5045622966117_5.jpg,5045622966117_6.jpg,5045622966117_11.jpg",active,Blue,8087441
5045622966179,5045622966117_1.jpg,"5045622966117_1.jpg,5045622966117_2.jpg,5045622966117_3.jpg,5045622966117_4.jpg,5045622966117_5.jpg,5045622966117_6.jpg,5045622966117_11.jpg",active,Blue,8087441
5045622966209,5045622966117_1.jpg,"5045622966117_1.jpg,5045622966117_2.jpg,5045622966117_3.jpg,5045622966117_4.jpg,5045622966117_5.jpg,5045622966117_6.jpg,5045622966117_11.jpg",active,Blue,8087441
5045622966230,5045622966117_1.jpg,"5045622966117_1.jpg,5045622966117_2.jpg,5045622966117_3.jpg,5045622966117_4.jpg,5045622966117_5.jpg,5045622966117_6.jpg,5045622966117_11.jpg",active,Blue,8087441
5045622966261,5045622966117_1.jpg,"5045622966117_1.jpg,5045622966117_2.jpg,5045622966117_3.jpg,5045622966117_4.jpg,5045622966117_5.jpg,5045622966117_6.jpg,5045622966117_11.jpg",active,Blue,8087441
5045622966292,5045622966117_1.jpg,"5045622966117_1.jpg,5045622966117_2.jpg,5045622966117_3.jpg,5045622966117_4.jpg,5045622966117_5.jpg,5045622966117_6.jpg,5045622966117_11.jpg",active,Blue,8087441
5045622966322,5045622966117_1.jpg,"5045622966117_1.jpg,5045622966117_2.jpg,5045622966117_3.jpg,5045622966117_4.jpg,5045622966117_5.jpg,5045622966117_6.jpg,5045622966117_11.jpg",active,Blue,8087441
5045622966353,5045622966117_1.jpg,"5045622966117_1.jpg,5045622966117_2.jpg,5045622966117_3.jpg,5045622966117_4.jpg,5045622966117_5.jpg,5045622966117_6.jpg,5045622966117_11.jpg",active,Blue,8087441
5045627313121,5045627313121_1.jpg,"5045627313121_1.jpg,5045627313121_2.jpg,5045627313121_3.jpg,5045627313121_4.jpg,5045627313121_5.jpg,5045627313121_11.jpg",active,Black,8087446
5045627313152,5045627313121_1.jpg,"5045627313121_1.jpg,5045627313121_2.jpg,5045627313121_3.jpg,5045627313121_4.jpg,5045627313121_5.jpg,5045627313121_11.jpg",active,Black,8087446
5045627313183,5045627313121_1.jpg,"5045627313121_1.jpg,5045627313121_2.jpg,5045627313121_3.jpg,5045627313121_4.jpg,5045627313121_5.jpg,5045627313121_11.jpg",active,Black,8087446
5045627313213,5045627313121_1.jpg,"5045627313121_1.jpg,5045627313121_2.jpg,5045627313121_3.jpg,5045627313121_4.jpg,5045627313121_5.jpg,5045627313121_11.jpg",active,Black,8087446
5045627313244,5045627313121_1.jpg,"5045627313121_1.jpg,5045627313121_2.jpg,5045627313121_3.jpg,5045627313121_4.jpg,5045627313121_5.jpg,5045627313121_11.jpg",active,Black,8087446
5045627313275,5045627313121_1.jpg,"5045627313121_1.jpg,5045627313121_2.jpg,5045627313121_3.jpg,5045627313121_4.jpg,5045627313121_5.jpg,5045627313121_11.jpg",active,Black,8087446
5045627313305,5045627313121_1.jpg,"5045627313121_1.jpg,5045627313121_2.jpg,5045627313121_3.jpg,5045627313121_4.jpg,5045627313121_5.jpg,5045627313121_11.jpg",active,Black,8087446
5045627313336,5045627313121_1.jpg,"5045627313121_1.jpg,5045627313121_2.jpg,5045627313121_3.jpg,5045627313121_4.jpg,5045627313121_5.jpg,5045627313121_11.jpg",active,Black,8087446
5045627313367,5045627313121_1.jpg,"5045627313121_1.jpg,5045627313121_2.jpg,5045627313121_3.jpg,5045627313121_4.jpg,5045627313121_5.jpg,5045627313121_11.jpg",active,Black,8087446
5045623426894,5045623426894_1.jpg,"5045623426894_1.jpg,5045623426894_2.jpg,5045623426894_3.jpg,5045623426894_4.jpg,5045623426894_5.jpg,5045623426894_6.jpg,5045623426894_7.jpg,5045623426894_8.jpg,5045623426894_9.jpg,5045623426894_10.jpg,5045623426894_11.jpg",active,Brown,8089333
5045626202631,5045626202631_1.jpg,"5045626202631_1.jpg,5045626202631_2.jpg,5045626202631_3.jpg,5045626202631_4.jpg,5045626202631_5.jpg,5045626202631_11.jpg",active,Brown,8089420
5045626206554,5045626206554_1.jpg,"5045626206554_1.jpg,5045626206554_2.jpg,5045626206554_3.jpg,5045626206554_4.jpg,5045626206554_5.jpg,5045626206554_6.jpg,5045626206554_7.jpg,5045626206554_8.jpg,5045626206554_9.jpg,5045626206554_11.jpg",active,Beige,8089391
5045627362624,5045627362624_1.jpg,"5045627362624_1.jpg,5045627362624_2.jpg,5045627362624_3.jpg,5045627362624_4.jpg,5045627362624_5.jpg,5045627362624_6.jpg,5045627362624_11.jpg",active,Brown,8089234
5045627362655,5045627362624_1.jpg,"5045627362624_1.jpg,5045627362624_2.jpg,5045627362624_3.jpg,5045627362624_4.jpg,5045627362624_5.jpg,5045627362624_6.jpg,5045627362624_11.jpg",active,Brown,8089234
5045627362686,5045627362624_1.jpg,"5045627362624_1.jpg,5045627362624_2.jpg,5045627362624_3.jpg,5045627362624_4.jpg,5045627362624_5.jpg,5045627362624_6.jpg,5045627362624_11.jpg",active,Brown,8089234
5045627362716,5045627362624_1.jpg,"5045627362624_1.jpg,5045627362624_2.jpg,5045627362624_3.jpg,5045627362624_4.jpg,5045627362624_5.jpg,5045627362624_6.jpg,5045627362624_11.jpg",active,Brown,8089234
5045627362747,5045627362624_1.jpg,"5045627362624_1.jpg,5045627362624_2.jpg,5045627362624_3.jpg,5045627362624_4.jpg,5045627362624_5.jpg,5045627362624_6.jpg,5045627362624_11.jpg",active,Brown,8089234
5045627362778,5045627362624_1.jpg,"5045627362624_1.jpg,5045627362624_2.jpg,5045627362624_3.jpg,5045627362624_4.jpg,5045627362624_5.jpg,5045627362624_6.jpg,5045627362624_11.jpg",active,Brown,8089234
5045627362808,5045627362624_1.jpg,"5045627362624_1.jpg,5045627362624_2.jpg,5045627362624_3.jpg,5045627362624_4.jpg,5045627362624_5.jpg,5045627362624_6.jpg,5045627362624_11.jpg",active,Brown,8089234
5045627362839,5045627362624_1.jpg,"5045627362624_1.jpg,5045627362624_2.jpg,5045627362624_3.jpg,5045627362624_4.jpg,5045627362624_5.jpg,5045627362624_6.jpg,5045627362624_11.jpg",active,Brown,8089234
5045627362860,5045627362624_1.jpg,"5045627362624_1.jpg,5045627362624_2.jpg,5045627362624_3.jpg,5045627362624_4.jpg,5045627362624_5.jpg,5045627362624_6.jpg,5045627362624_11.jpg",active,Brown,8089234
5045627362891,5045627362624_1.jpg,"5045627362624_1.jpg,5045627362624_2.jpg,5045627362624_3.jpg,5045627362624_4.jpg,5045627362624_5.jpg,5045627362624_6.jpg,5045627362624_11.jpg",active,Brown,8089234
5045625932218,5045625932218_1.jpg,"5045625932218_1.jpg,5045625932218_2.jpg,5045625932218_3.jpg,5045625932218_4.jpg,5045625932218_5.jpg,5045625932218_6.jpg,5045625932218_11.jpg",active,Blue,8087616
5045625932249,5045625932218_1.jpg,"5045625932218_1.jpg,5045625932218_2.jpg,5045625932218_3.jpg,5045625932218_4.jpg,5045625932218_5.jpg,5045625932218_6.jpg,5045625932218_11.jpg",active,Blue,8087616
5045625932270,5045625932218_1.jpg,"5045625932218_1.jpg,5045625932218_2.jpg,5045625932218_3.jpg,5045625932218_4.jpg,5045625932218_5.jpg,5045625932218_6.jpg,5045625932218_11.jpg",active,Blue,8087616
5045625932300,5045625932218_1.jpg,"5045625932218_1.jpg,5045625932218_2.jpg,5045625932218_3.jpg,5045625932218_4.jpg,5045625932218_5.jpg,5045625932218_6.jpg,5045625932218_11.jpg",active,Blue,8087616
5045625932331,5045625932218_1.jpg,"5045625932218_1.jpg,5045625932218_2.jpg,5045625932218_3.jpg,5045625932218_4.jpg,5045625932218_5.jpg,5045625932218_6.jpg,5045625932218_11.jpg",active,Blue,8087616
5045625932362,5045625932218_1.jpg,"5045625932218_1.jpg,5045625932218_2.jpg,5045625932218_3.jpg,5045625932218_4.jpg,5045625932218_5.jpg,5045625932218_6.jpg,5045625932218_11.jpg",active,Blue,8087616
5045625932393,5045625932218_1.jpg,"5045625932218_1.jpg,5045625932218_2.jpg,5045625932218_3.jpg,5045625932218_4.jpg,5045625932218_5.jpg,5045625932218_6.jpg,5045625932218_11.jpg",active,Blue,8087616
5045625932423,5045625932218_1.jpg,"5045625932218_1.jpg,5045625932218_2.jpg,5045625932218_3.jpg,5045625932218_4.jpg,5045625932218_5.jpg,5045625932218_6.jpg,5045625932218_11.jpg",active,Blue,8087616
5045627313398,5045627313398_1.jpg,"5045627313398_1.jpg,5045627313398_2.jpg,5045627313398_3.jpg,5045627313398_4.jpg,5045627313398_5.jpg,5045627313398_11.jpg",active,Black,8087550
5045627313428,5045627313398_1.jpg,"5045627313398_1.jpg,5045627313398_2.jpg,5045627313398_3.jpg,5045627313398_4.jpg,5045627313398_5.jpg,5045627313398_11.jpg",active,Black,8087550
5045627313459,5045627313398_1.jpg,"5045627313398_1.jpg,5045627313398_2.jpg,5045627313398_3.jpg,5045627313398_4.jpg,5045627313398_5.jpg,5045627313398_11.jpg",active,Black,8087550
5045627313480,5045627313398_1.jpg,"5045627313398_1.jpg,5045627313398_2.jpg,5045627313398_3.jpg,5045627313398_4.jpg,5045627313398_5.jpg,5045627313398_11.jpg",active,Black,8087550
5045627313510,5045627313398_1.jpg,"5045627313398_1.jpg,5045627313398_2.jpg,5045627313398_3.jpg,5045627313398_4.jpg,5045627313398_5.jpg,5045627313398_11.jpg",active,Black,8087550
5045627313541,5045627313398_1.jpg,"5045627313398_1.jpg,5045627313398_2.jpg,5045627313398_3.jpg,5045627313398_4.jpg,5045627313398_5.jpg,5045627313398_11.jpg",active,Black,8087550
5045627313572,5045627313398_1.jpg,"5045627313398_1.jpg,5045627313398_2.jpg,5045627313398_3.jpg,5045627313398_4.jpg,5045627313398_5.jpg,5045627313398_11.jpg",active,Black,8087550
5045627313602,5045627313398_1.jpg,"5045627313398_1.jpg,5045627313398_2.jpg,5045627313398_3.jpg,5045627313398_4.jpg,5045627313398_5.jpg,5045627313398_11.jpg",active,Black,8087550
5045627313633,5045627313398_1.jpg,"5045627313398_1.jpg,5045627313398_2.jpg,5045627313398_3.jpg,5045627313398_4.jpg,5045627313398_5.jpg,5045627313398_11.jpg",active,Black,8087550
5045626870687,5045626870687_1.jpg,"5045626870687_1.jpg,5045626870687_2.jpg,5045626870687_3.jpg,5045626870687_4.jpg,5045626870687_5.jpg,5045626870687_6.jpg,5045626870687_11.jpg",active,Pink,8087486
5045626870717,5045626870687_1.jpg,"5045626870687_1.jpg,5045626870687_2.jpg,5045626870687_3.jpg,5045626870687_4.jpg,5045626870687_5.jpg,5045626870687_6.jpg,5045626870687_11.jpg",active,Pink,8087486
5045626870748,5045626870687_1.jpg,"5045626870687_1.jpg,5045626870687_2.jpg,5045626870687_3.jpg,5045626870687_4.jpg,5045626870687_5.jpg,5045626870687_6.jpg,5045626870687_11.jpg",active,Pink,8087486
5045626870779,5045626870687_1.jpg,"5045626870687_1.jpg,5045626870687_2.jpg,5045626870687_3.jpg,5045626870687_4.jpg,5045626870687_5.jpg,5045626870687_6.jpg,5045626870687_11.jpg",active,Pink,8087486
5045626870809,5045626870687_1.jpg,"5045626870687_1.jpg,5045626870687_2.jpg,5045626870687_3.jpg,5045626870687_4.jpg,5045626870687_5.jpg,5045626870687_6.jpg,5045626870687_11.jpg",active,Pink,8087486
5045626870830,5045626870687_1.jpg,"5045626870687_1.jpg,5045626870687_2.jpg,5045626870687_3.jpg,5045626870687_4.jpg,5045626870687_5.jpg,5045626870687_6.jpg,5045626870687_11.jpg",active,Pink,8087486
5045626870861,5045626870687_1.jpg,"5045626870687_1.jpg,5045626870687_2.jpg,5045626870687_3.jpg,5045626870687_4.jpg,5045626870687_5.jpg,5045626870687_6.jpg,5045626870687_11.jpg",active,Pink,8087486
5045626870892,5045626870687_1.jpg,"5045626870687_1.jpg,5045626870687_2.jpg,5045626870687_3.jpg,5045626870687_4.jpg,5045626870687_5.jpg,5045626870687_6.jpg,5045626870687_11.jpg",active,Pink,8087486
5045625438475,5045625438475_1.jpg,"5045625438475_1.jpg,5045625438475_2.jpg,5045625438475_3.jpg,5045625438475_4.jpg,5045625438475_5.jpg,5045625438475_11.jpg",inactive,Black,8087522
5045625438505,5045625438475_1.jpg,"5045625438475_1.jpg,5045625438475_2.jpg,5045625438475_3.jpg,5045625438475_4.jpg,5045625438475_5.jpg,5045625438475_11.jpg",inactive,Black,8087522
5045625438536,5045625438475_1.jpg,"5045625438475_1.jpg,5045625438475_2.jpg,5045625438475_3.jpg,5045625438475_4.jpg,5045625438475_5.jpg,5045625438475_11.jpg",inactive,Black,8087522
5045625438567,5045625438475_1.jpg,"5045625438475_1.jpg,5045625438475_2.jpg,5045625438475_3.jpg,5045625438475_4.jpg,5045625438475_5.jpg,5045625438475_11.jpg",inactive,Black,8087522
5045626181455,5045626181455_1.jpg,"5045626181455_1.jpg,5045626181455_2.jpg,5045626181455_3.jpg,5045626181455_4.jpg,5045626181455_5.jpg,5045626181455_6.jpg,5045626181455_11.jpg",active,Brown,8087414
5045626181486,5045626181455_1.jpg,"5045626181455_1.jpg,5045626181455_2.jpg,5045626181455_3.jpg,5045626181455_4.jpg,5045626181455_5.jpg,5045626181455_6.jpg,5045626181455_11.jpg",active,Brown,8087414
5045626181516,5045626181455_1.jpg,"5045626181455_1.jpg,5045626181455_2.jpg,5045626181455_3.jpg,5045626181455_4.jpg,5045626181455_5.jpg,5045626181455_6.jpg,5045626181455_11.jpg",active,Brown,8087414
5045626181547,5045626181455_1.jpg,"5045626181455_1.jpg,5045626181455_2.jpg,5045626181455_3.jpg,5045626181455_4.jpg,5045626181455_5.jpg,5045626181455_6.jpg,5045626181455_11.jpg",active,Brown,8087414
5045626181578,5045626181455_1.jpg,"5045626181455_1.jpg,5045626181455_2.jpg,5045626181455_3.jpg,5045626181455_4.jpg,5045626181455_5.jpg,5045626181455_6.jpg,5045626181455_11.jpg",active,Brown,8087414
5045626181608,5045626181455_1.jpg,"5045626181455_1.jpg,5045626181455_2.jpg,5045626181455_3.jpg,5045626181455_4.jpg,5045626181455_5.jpg,5045626181455_6.jpg,5045626181455_11.jpg",active,Brown,8087414
5045626181639,5045626181455_1.jpg,"5045626181455_1.jpg,5045626181455_2.jpg,5045626181455_3.jpg,5045626181455_4.jpg,5045626181455_5.jpg,5045626181455_6.jpg,5045626181455_11.jpg",active,Brown,8087414
5045626181660,5045626181455_1.jpg,"5045626181455_1.jpg,5045626181455_2.jpg,5045626181455_3.jpg,5045626181455_4.jpg,5045626181455_5.jpg,5045626181455_6.jpg,5045626181455_11.jpg",active,Brown,8087414
5045626181691,5045626181455_1.jpg,"5045626181455_1.jpg,5045626181455_2.jpg,5045626181455_3.jpg,5045626181455_4.jpg,5045626181455_5.jpg,5045626181455_6.jpg,5045626181455_11.jpg",active,Brown,8087414
5045626181721,5045626181455_1.jpg,"5045626181455_1.jpg,5045626181455_2.jpg,5045626181455_3.jpg,5045626181455_4.jpg,5045626181455_5.jpg,5045626181455_6.jpg,5045626181455_11.jpg",active,Brown,8087414
5045627405383,5045627405383_1.jpg,"5045627405383_1.jpg,5045627405383_2.jpg,5045627405383_3.jpg,5045627405383_4.jpg,5045627405383_5.jpg,5045627405383_11.jpg",active,Black,8089334
5045625883435,5045625883435_1.jpg,"5045625883435_1.jpg,5045625883435_2.jpg,5045625883435_3.jpg,5045625883435_4.jpg,5045625883435_5.jpg,5045625883435_11.jpg",active,Black,8089256
5045627408414,5045627408414_1.jpg,"5045627408414_1.jpg,5045627408414_2.jpg,5045627408414_3.jpg,5045627408414_4.jpg,5045627408414_5.jpg,5045627408414_11.jpg",active,Miscellaneous,8089321
